# Blender 4.1.0
# www.blender.org
mtllib WoodenCrate2.mtl
o WoodenCrate2
v -0.500000 1.105000 -0.612500
v -0.500000 1.100000 -0.607500
v 0.500000 1.100000 -0.607500
v 0.500000 1.105000 -0.612500
v -0.500000 1.100000 -0.505000
v -0.500000 1.105000 -0.500000
v 0.500000 1.105000 -0.500000
v 0.500000 1.100000 -0.505000
v -0.500000 1.212500 -0.607500
v -0.500000 1.207500 -0.612500
v 0.500000 1.207500 -0.612500
v 0.500000 1.212500 -0.607500
v -0.500000 1.207500 -0.500000
v -0.500000 1.212500 -0.505000
v 0.500000 1.212500 -0.505000
v 0.500000 1.207500 -0.500000
v -0.525000 1.093965 0.497500
v -0.522500 1.095000 0.500000
v -0.525000 1.097500 0.493964
v -0.522500 1.100000 0.495000
v -0.525000 0.102500 0.493964
v -0.522500 0.100000 0.495000
v -0.525000 0.106036 0.497500
v -0.522500 0.105000 0.500000
v -0.525000 1.097500 0.306035
v -0.522500 1.100000 0.305000
v -0.525000 1.093965 0.302500
v -0.522500 1.095000 0.300000
v -0.525000 0.106036 0.302500
v -0.522500 0.105000 0.300000
v -0.525000 0.102500 0.306035
v -0.522500 0.100000 0.305000
v -0.500000 0.106036 0.497500
v -0.502500 0.105000 0.500000
v -0.500000 0.102500 0.493964
v -0.502500 0.100000 0.495000
v -0.500000 1.093965 0.302500
v -0.502500 1.095000 0.300000
v -0.500000 1.097500 0.306035
v -0.502500 1.100000 0.305000
v -0.500000 1.097500 0.493964
v -0.502500 1.100000 0.495000
v -0.500000 1.093965 0.497500
v -0.502500 1.095000 0.500000
v -0.500000 0.102500 0.306035
v -0.502500 0.100000 0.305000
v -0.500000 0.106036 0.302500
v -0.502500 0.105000 0.300000
v -0.525000 1.093965 -0.302500
v -0.522500 1.095000 -0.300000
v -0.525000 1.097500 -0.306036
v -0.522500 1.100000 -0.305000
v -0.525000 0.102500 -0.306036
v -0.522500 0.100000 -0.305000
v -0.525000 0.106036 -0.302500
v -0.522500 0.105000 -0.300000
v -0.525000 1.097500 -0.493965
v -0.522500 1.100000 -0.495000
v -0.525000 1.093965 -0.497500
v -0.522500 1.095000 -0.500000
v -0.525000 0.106036 -0.497500
v -0.522500 0.105000 -0.500000
v -0.525000 0.102500 -0.493965
v -0.522500 0.100000 -0.495000
v -0.500000 0.106036 -0.302500
v -0.502500 0.105000 -0.300000
v -0.500000 0.102500 -0.306036
v -0.502500 0.100000 -0.305000
v -0.500000 1.093965 -0.497500
v -0.502500 1.095000 -0.500000
v -0.500000 1.097500 -0.493965
v -0.502500 1.100000 -0.495000
v -0.500000 1.097500 -0.306036
v -0.502500 1.100000 -0.305000
v -0.500000 1.093965 -0.302500
v -0.502500 1.095000 -0.300000
v -0.500000 0.102500 -0.493965
v -0.502500 0.100000 -0.495000
v -0.500000 0.106036 -0.497500
v -0.502500 0.105000 -0.500000
v -0.525000 1.093965 0.297500
v -0.522500 1.095000 0.300000
v -0.525000 1.097500 0.293964
v -0.522500 1.100000 0.295000
v -0.525000 0.102500 0.293964
v -0.522500 0.100000 0.295000
v -0.525000 0.106036 0.297500
v -0.522500 0.105000 0.300000
v -0.525000 1.097500 0.106035
v -0.522500 1.100000 0.105000
v -0.525000 1.093965 0.102500
v -0.522500 1.095000 0.100000
v -0.525000 0.106036 0.102500
v -0.522500 0.105000 0.100000
v -0.525000 0.102500 0.106035
v -0.522500 0.100000 0.105000
v -0.500000 0.106036 0.297500
v -0.502500 0.105000 0.300000
v -0.500000 0.102500 0.293964
v -0.502500 0.100000 0.295000
v -0.500000 1.093965 0.102500
v -0.502500 1.095000 0.100000
v -0.500000 1.097500 0.106035
v -0.502500 1.100000 0.105000
v -0.500000 1.097500 0.293964
v -0.502500 1.100000 0.295000
v -0.500000 1.093965 0.297500
v -0.502500 1.095000 0.300000
v -0.500000 0.102500 0.106035
v -0.502500 0.100000 0.105000
v -0.500000 0.106036 0.102500
v -0.502500 0.105000 0.100000
v -0.525000 1.093965 -0.102500
v -0.522500 1.095000 -0.100000
v -0.525000 1.097500 -0.106036
v -0.522500 1.100000 -0.105000
v -0.525000 0.102500 -0.106036
v -0.522500 0.100000 -0.105000
v -0.525000 0.106036 -0.102500
v -0.522500 0.105000 -0.100000
v -0.525000 1.097500 -0.293965
v -0.522500 1.100000 -0.295000
v -0.525000 1.093965 -0.297500
v -0.522500 1.095000 -0.300000
v -0.525000 0.106036 -0.297500
v -0.522500 0.105000 -0.300000
v -0.525000 0.102500 -0.293965
v -0.522500 0.100000 -0.295000
v -0.500000 0.106036 -0.102500
v -0.502500 0.105000 -0.100000
v -0.500000 0.102500 -0.106036
v -0.502500 0.100000 -0.105000
v -0.500000 1.093965 -0.297500
v -0.502500 1.095000 -0.300000
v -0.500000 1.097500 -0.293965
v -0.502500 1.100000 -0.295000
v -0.500000 1.097500 -0.106036
v -0.502500 1.100000 -0.105000
v -0.500000 1.093965 -0.102500
v -0.502500 1.095000 -0.100000
v -0.500000 0.102500 -0.293965
v -0.502500 0.100000 -0.295000
v -0.500000 0.106036 -0.297500
v -0.502500 0.105000 -0.300000
v -0.525000 1.093965 0.097500
v -0.522500 1.095000 0.100000
v -0.525000 1.097500 0.093964
v -0.522500 1.100000 0.095000
v -0.525000 0.102500 0.093964
v -0.522500 0.100000 0.095000
v -0.525000 0.106036 0.097500
v -0.522500 0.105000 0.100000
v -0.525000 1.097500 -0.093965
v -0.522500 1.100000 -0.095000
v -0.525000 1.093965 -0.097500
v -0.522500 1.095000 -0.100000
v -0.525000 0.106036 -0.097500
v -0.522500 0.105000 -0.100000
v -0.525000 0.102500 -0.093965
v -0.522500 0.100000 -0.095000
v -0.500000 0.106036 0.097500
v -0.502500 0.105000 0.100000
v -0.500000 0.102500 0.093964
v -0.502500 0.100000 0.095000
v -0.500000 1.093965 -0.097500
v -0.502500 1.095000 -0.100000
v -0.500000 1.097500 -0.093965
v -0.502500 1.100000 -0.095000
v -0.500000 1.097500 0.093964
v -0.502500 1.100000 0.095000
v -0.500000 1.093965 0.097500
v -0.502500 1.095000 0.100000
v -0.500000 0.102500 -0.093965
v -0.502500 0.100000 -0.095000
v -0.500000 0.106036 -0.097500
v -0.502500 0.105000 -0.100000
v -0.575000 1.097500 -0.493965
v -0.572500 1.100000 -0.495000
v -0.575000 1.093964 -0.497500
v -0.572500 1.095000 -0.500000
v -0.575000 1.093964 0.497500
v -0.572500 1.095000 0.500000
v -0.575000 1.097500 0.493964
v -0.572500 1.100000 0.495000
v -0.575000 1.006035 -0.497500
v -0.572500 1.005000 -0.500000
v -0.575000 1.002500 -0.493965
v -0.572500 1.000000 -0.495000
v -0.575000 1.002500 0.493964
v -0.572500 1.000000 0.495000
v -0.575000 1.006035 0.497500
v -0.572500 1.005000 0.500000
v -0.550000 1.097500 0.493964
v -0.552500 1.100000 0.495000
v -0.550000 1.093964 0.497500
v -0.552500 1.095000 0.500000
v -0.550000 1.002500 -0.493965
v -0.552500 1.000000 -0.495000
v -0.550000 1.006035 -0.497500
v -0.552500 1.005000 -0.500000
v -0.550000 1.093964 -0.497500
v -0.552500 1.095000 -0.500000
v -0.550000 1.097500 -0.493965
v -0.552500 1.100000 -0.495000
v -0.550000 1.006035 0.497500
v -0.552500 1.005000 0.500000
v -0.550000 1.002500 0.493964
v -0.552500 1.000000 0.495000
v -0.575000 0.197500 -0.493965
v -0.572500 0.200000 -0.495000
v -0.575000 0.193964 -0.497500
v -0.572500 0.195000 -0.500000
v -0.575000 0.193964 0.497500
v -0.572500 0.195000 0.500000
v -0.575000 0.197500 0.493964
v -0.572500 0.200000 0.495000
v -0.575000 0.106035 -0.497500
v -0.572500 0.105000 -0.500000
v -0.575000 0.102500 -0.493965
v -0.572500 0.100000 -0.495000
v -0.575000 0.102500 0.493964
v -0.572500 0.100000 0.495000
v -0.575000 0.106035 0.497500
v -0.572500 0.105000 0.500000
v -0.550000 0.197500 0.493964
v -0.552500 0.200000 0.495000
v -0.550000 0.193964 0.497500
v -0.552500 0.195000 0.500000
v -0.550000 0.102500 -0.493965
v -0.552500 0.100000 -0.495000
v -0.550000 0.106035 -0.497500
v -0.552500 0.105000 -0.500000
v -0.550000 0.193964 -0.497500
v -0.552500 0.195000 -0.500000
v -0.550000 0.197500 -0.493965
v -0.552500 0.200000 -0.495000
v -0.550000 0.106035 0.497500
v -0.552500 0.105000 0.500000
v -0.550000 0.102500 0.493964
v -0.552500 0.100000 0.495000
v -0.497500 1.093965 -0.525000
v -0.500000 1.095000 -0.522500
v -0.493964 1.097500 -0.525000
v -0.495000 1.100000 -0.522500
v -0.493964 0.102500 -0.525000
v -0.495000 0.100000 -0.522500
v -0.497500 0.106036 -0.525000
v -0.500000 0.105000 -0.522500
v -0.306035 1.097500 -0.525000
v -0.305000 1.100000 -0.522500
v -0.302500 1.093965 -0.525000
v -0.300000 1.095000 -0.522500
v -0.302500 0.106036 -0.525000
v -0.300000 0.105000 -0.522500
v -0.306035 0.102500 -0.525000
v -0.305000 0.100000 -0.522500
v -0.497500 0.106036 -0.500000
v -0.500000 0.105000 -0.502500
v -0.493964 0.102500 -0.500000
v -0.495000 0.100000 -0.502500
v -0.302500 1.093965 -0.500000
v -0.300000 1.095000 -0.502500
v -0.306035 1.097500 -0.500000
v -0.305000 1.100000 -0.502500
v -0.493964 1.097500 -0.500000
v -0.495000 1.100000 -0.502500
v -0.497500 1.093965 -0.500000
v -0.500000 1.095000 -0.502500
v -0.306035 0.102500 -0.500000
v -0.305000 0.100000 -0.502500
v -0.302500 0.106036 -0.500000
v -0.300000 0.105000 -0.502500
v 0.302500 1.093965 -0.525000
v 0.300000 1.095000 -0.522500
v 0.306036 1.097500 -0.525000
v 0.305000 1.100000 -0.522500
v 0.306036 0.102500 -0.525000
v 0.305000 0.100000 -0.522500
v 0.302500 0.106036 -0.525000
v 0.300000 0.105000 -0.522500
v 0.493965 1.097500 -0.525000
v 0.495000 1.100000 -0.522500
v 0.497500 1.093965 -0.525000
v 0.500000 1.095000 -0.522500
v 0.497500 0.106036 -0.525000
v 0.500000 0.105000 -0.522500
v 0.493965 0.102500 -0.525000
v 0.495000 0.100000 -0.522500
v 0.302500 0.106036 -0.500000
v 0.300000 0.105000 -0.502500
v 0.306036 0.102500 -0.500000
v 0.305000 0.100000 -0.502500
v 0.497500 1.093965 -0.500000
v 0.500000 1.095000 -0.502500
v 0.493965 1.097500 -0.500000
v 0.495000 1.100000 -0.502500
v 0.306036 1.097500 -0.500000
v 0.305000 1.100000 -0.502500
v 0.302500 1.093965 -0.500000
v 0.300000 1.095000 -0.502500
v 0.493965 0.102500 -0.500000
v 0.495000 0.100000 -0.502500
v 0.497500 0.106036 -0.500000
v 0.500000 0.105000 -0.502500
v -0.297500 1.093965 -0.525000
v -0.300000 1.095000 -0.522500
v -0.293964 1.097500 -0.525000
v -0.295000 1.100000 -0.522500
v -0.293964 0.102500 -0.525000
v -0.295000 0.100000 -0.522500
v -0.297500 0.106036 -0.525000
v -0.300000 0.105000 -0.522500
v -0.106035 1.097500 -0.525000
v -0.105000 1.100000 -0.522500
v -0.102500 1.093965 -0.525000
v -0.100000 1.095000 -0.522500
v -0.102500 0.106036 -0.525000
v -0.100000 0.105000 -0.522500
v -0.106035 0.102500 -0.525000
v -0.105000 0.100000 -0.522500
v -0.297500 0.106036 -0.500000
v -0.300000 0.105000 -0.502500
v -0.293964 0.102500 -0.500000
v -0.295000 0.100000 -0.502500
v -0.102500 1.093965 -0.500000
v -0.100000 1.095000 -0.502500
v -0.106035 1.097500 -0.500000
v -0.105000 1.100000 -0.502500
v -0.293964 1.097500 -0.500000
v -0.295000 1.100000 -0.502500
v -0.297500 1.093965 -0.500000
v -0.300000 1.095000 -0.502500
v -0.106035 0.102500 -0.500000
v -0.105000 0.100000 -0.502500
v -0.102500 0.106036 -0.500000
v -0.100000 0.105000 -0.502500
v 0.102500 1.093965 -0.525000
v 0.100000 1.095000 -0.522500
v 0.106036 1.097500 -0.525000
v 0.105000 1.100000 -0.522500
v 0.106036 0.102500 -0.525000
v 0.105000 0.100000 -0.522500
v 0.102500 0.106036 -0.525000
v 0.100000 0.105000 -0.522500
v 0.293965 1.097500 -0.525000
v 0.295000 1.100000 -0.522500
v 0.297500 1.093965 -0.525000
v 0.300000 1.095000 -0.522500
v 0.297500 0.106036 -0.525000
v 0.300000 0.105000 -0.522500
v 0.293965 0.102500 -0.525000
v 0.295000 0.100000 -0.522500
v 0.102500 0.106036 -0.500000
v 0.100000 0.105000 -0.502500
v 0.106036 0.102500 -0.500000
v 0.105000 0.100000 -0.502500
v 0.297500 1.093965 -0.500000
v 0.300000 1.095000 -0.502500
v 0.293965 1.097500 -0.500000
v 0.295000 1.100000 -0.502500
v 0.106036 1.097500 -0.500000
v 0.105000 1.100000 -0.502500
v 0.102500 1.093965 -0.500000
v 0.100000 1.095000 -0.502500
v 0.293965 0.102500 -0.500000
v 0.295000 0.100000 -0.502500
v 0.297500 0.106036 -0.500000
v 0.300000 0.105000 -0.502500
v -0.097500 1.093965 -0.525000
v -0.100000 1.095000 -0.522500
v -0.093964 1.097500 -0.525000
v -0.095000 1.100000 -0.522500
v -0.093964 0.102500 -0.525000
v -0.095000 0.100000 -0.522500
v -0.097500 0.106036 -0.525000
v -0.100000 0.105000 -0.522500
v 0.093965 1.097500 -0.525000
v 0.095000 1.100000 -0.522500
v 0.097500 1.093965 -0.525000
v 0.100000 1.095000 -0.522500
v 0.097500 0.106036 -0.525000
v 0.100000 0.105000 -0.522500
v 0.093965 0.102500 -0.525000
v 0.095000 0.100000 -0.522500
v -0.097500 0.106036 -0.500000
v -0.100000 0.105000 -0.502500
v -0.093964 0.102500 -0.500000
v -0.095000 0.100000 -0.502500
v 0.097500 1.093965 -0.500000
v 0.100000 1.095000 -0.502500
v 0.093965 1.097500 -0.500000
v 0.095000 1.100000 -0.502500
v -0.093964 1.097500 -0.500000
v -0.095000 1.100000 -0.502500
v -0.097500 1.093965 -0.500000
v -0.100000 1.095000 -0.502500
v 0.093965 0.102500 -0.500000
v 0.095000 0.100000 -0.502500
v 0.097500 0.106036 -0.500000
v 0.100000 0.105000 -0.502500
v 0.493965 1.097500 -0.575000
v 0.495000 1.100000 -0.572500
v 0.497500 1.093964 -0.575000
v 0.500000 1.095000 -0.572500
v -0.497500 1.093964 -0.575000
v -0.500000 1.095000 -0.572500
v -0.493964 1.097500 -0.575000
v -0.495000 1.100000 -0.572500
v 0.497500 1.006035 -0.575000
v 0.500000 1.005000 -0.572500
v 0.493965 1.002500 -0.575000
v 0.495000 1.000000 -0.572500
v -0.493964 1.002500 -0.575000
v -0.495000 1.000000 -0.572500
v -0.497500 1.006035 -0.575000
v -0.500000 1.005000 -0.572500
v -0.493964 1.097500 -0.550000
v -0.495000 1.100000 -0.552500
v -0.497500 1.093964 -0.550000
v -0.500000 1.095000 -0.552500
v 0.493965 1.002500 -0.550000
v 0.495000 1.000000 -0.552500
v 0.497500 1.006035 -0.550000
v 0.500000 1.005000 -0.552500
v 0.497500 1.093964 -0.550000
v 0.500000 1.095000 -0.552500
v 0.493965 1.097500 -0.550000
v 0.495000 1.100000 -0.552500
v -0.497500 1.006035 -0.550000
v -0.500000 1.005000 -0.552500
v -0.493964 1.002500 -0.550000
v -0.495000 1.000000 -0.552500
v 0.493965 0.197500 -0.575000
v 0.495000 0.200000 -0.572500
v 0.497500 0.193964 -0.575000
v 0.500000 0.195000 -0.572500
v -0.497500 0.193964 -0.575000
v -0.500000 0.195000 -0.572500
v -0.493964 0.197500 -0.575000
v -0.495000 0.200000 -0.572500
v 0.497500 0.106035 -0.575000
v 0.500000 0.105000 -0.572500
v 0.493965 0.102500 -0.575000
v 0.495000 0.100000 -0.572500
v -0.493964 0.102500 -0.575000
v -0.495000 0.100000 -0.572500
v -0.497500 0.106035 -0.575000
v -0.500000 0.105000 -0.572500
v -0.493964 0.197500 -0.550000
v -0.495000 0.200000 -0.552500
v -0.497500 0.193964 -0.550000
v -0.500000 0.195000 -0.552500
v 0.493965 0.102500 -0.550000
v 0.495000 0.100000 -0.552500
v 0.497500 0.106035 -0.550000
v 0.500000 0.105000 -0.552500
v 0.497500 0.193964 -0.550000
v 0.500000 0.195000 -0.552500
v 0.493965 0.197500 -0.550000
v 0.495000 0.200000 -0.552500
v -0.497500 0.106035 -0.550000
v -0.500000 0.105000 -0.552500
v -0.493964 0.102500 -0.550000
v -0.495000 0.100000 -0.552500
v -0.359970 1.097856 -0.550000
v -0.358579 1.100000 -0.547500
v 0.497855 0.240030 -0.550000
v 0.500000 0.241421 -0.547500
v -0.359970 1.097856 -0.525000
v -0.358579 1.100000 -0.527500
v -0.497855 0.959970 -0.525000
v -0.500000 0.958579 -0.527500
v 0.487870 0.102130 -0.550000
v 0.490000 0.100000 -0.547500
v 0.358579 0.100000 -0.527500
v 0.359970 0.102145 -0.525000
v 0.497855 0.240030 -0.525000
v 0.500000 0.241421 -0.527500
v 0.359970 0.102145 -0.550000
v 0.358579 0.100000 -0.547500
v -0.497855 0.959970 -0.550000
v -0.500000 0.958579 -0.547500
v 0.500000 0.110000 -0.547500
v 0.497870 0.112130 -0.550000
v -0.497870 1.087870 -0.550000
v -0.500000 1.090000 -0.547500
v -0.490000 1.100000 -0.547500
v -0.487870 1.097870 -0.550000
v -0.487870 1.097870 -0.525000
v -0.490000 1.100000 -0.527500
v -0.500000 1.090000 -0.527500
v -0.497870 1.087870 -0.525000
v 0.487870 0.102130 -0.525000
v 0.490000 0.100000 -0.527500
v 0.500000 0.110000 -0.527500
v 0.497870 0.112130 -0.525000
v 0.525000 1.093965 -0.497500
v 0.522500 1.095000 -0.500000
v 0.525000 1.097500 -0.493964
v 0.522500 1.100000 -0.495000
v 0.525000 0.102500 -0.493965
v 0.522500 0.100000 -0.495000
v 0.525000 0.106036 -0.497500
v 0.522500 0.105000 -0.500000
v 0.525000 1.097500 -0.306036
v 0.522500 1.100000 -0.305000
v 0.525000 1.093965 -0.302500
v 0.522500 1.095000 -0.300000
v 0.525000 0.106036 -0.302500
v 0.522500 0.105000 -0.300000
v 0.525000 0.102500 -0.306036
v 0.522500 0.100000 -0.305000
v 0.500000 0.106036 -0.497500
v 0.502500 0.105000 -0.500000
v 0.500000 0.102500 -0.493964
v 0.502500 0.100000 -0.495000
v 0.500000 1.093965 -0.302500
v 0.502500 1.095000 -0.300000
v 0.500000 1.097500 -0.306035
v 0.502500 1.100000 -0.305000
v 0.500000 1.097500 -0.493964
v 0.502500 1.100000 -0.495000
v 0.500000 1.093965 -0.497500
v 0.502500 1.095000 -0.500000
v 0.500000 0.102500 -0.306036
v 0.502500 0.100000 -0.305000
v 0.500000 0.106036 -0.302500
v 0.502500 0.105000 -0.300000
v 0.525000 1.093965 0.302500
v 0.522500 1.095000 0.300000
v 0.525000 1.097500 0.306036
v 0.522500 1.100000 0.305000
v 0.525000 0.102500 0.306035
v 0.522500 0.100000 0.305000
v 0.525000 0.106036 0.302500
v 0.522500 0.105000 0.300000
v 0.525000 1.097500 0.493964
v 0.522500 1.100000 0.495000
v 0.525000 1.093965 0.497500
v 0.522500 1.095000 0.500000
v 0.525000 0.106036 0.497500
v 0.522500 0.105000 0.500000
v 0.525000 0.102500 0.493964
v 0.522500 0.100000 0.495000
v 0.500000 0.106036 0.302500
v 0.502500 0.105000 0.300000
v 0.500000 0.102500 0.306036
v 0.502500 0.100000 0.305000
v 0.500000 1.093965 0.497500
v 0.502500 1.095000 0.500000
v 0.500000 1.097500 0.493965
v 0.502500 1.100000 0.495000
v 0.500000 1.097500 0.306036
v 0.502500 1.100000 0.305000
v 0.500000 1.093965 0.302500
v 0.502500 1.095000 0.300000
v 0.500000 0.102500 0.493964
v 0.502500 0.100000 0.495000
v 0.500000 0.106036 0.497500
v 0.502500 0.105000 0.500000
v 0.525000 1.093965 -0.297500
v 0.522500 1.095000 -0.300000
v 0.525000 1.097500 -0.293965
v 0.522500 1.100000 -0.295000
v 0.525000 0.102500 -0.293965
v 0.522500 0.100000 -0.295000
v 0.525000 0.106036 -0.297500
v 0.522500 0.105000 -0.300000
v 0.525000 1.097500 -0.106036
v 0.522500 1.100000 -0.105000
v 0.525000 1.093965 -0.102500
v 0.522500 1.095000 -0.100000
v 0.525000 0.106036 -0.102500
v 0.522500 0.105000 -0.100000
v 0.525000 0.102500 -0.106036
v 0.522500 0.100000 -0.105000
v 0.500000 0.106036 -0.297500
v 0.502500 0.105000 -0.300000
v 0.500000 0.102500 -0.293965
v 0.502500 0.100000 -0.295000
v 0.500000 1.093965 -0.102500
v 0.502500 1.095000 -0.100000
v 0.500000 1.097500 -0.106036
v 0.502500 1.100000 -0.105000
v 0.500000 1.097500 -0.293964
v 0.502500 1.100000 -0.295000
v 0.500000 1.093965 -0.297500
v 0.502500 1.095000 -0.300000
v 0.500000 0.102500 -0.106036
v 0.502500 0.100000 -0.105000
v 0.500000 0.106036 -0.102500
v 0.502500 0.105000 -0.100000
v 0.525000 1.093965 0.102500
v 0.522500 1.095000 0.100000
v 0.525000 1.097500 0.106036
v 0.522500 1.100000 0.105000
v 0.525000 0.102500 0.106036
v 0.522500 0.100000 0.105000
v 0.525000 0.106036 0.102500
v 0.522500 0.105000 0.100000
v 0.525000 1.097500 0.293965
v 0.522500 1.100000 0.295000
v 0.525000 1.093965 0.297500
v 0.522500 1.095000 0.300000
v 0.525000 0.106036 0.297500
v 0.522500 0.105000 0.300000
v 0.525000 0.102500 0.293964
v 0.522500 0.100000 0.295000
v 0.500000 0.106036 0.102500
v 0.502500 0.105000 0.100000
v 0.500000 0.102500 0.106036
v 0.502500 0.100000 0.105000
v 0.500000 1.093965 0.297500
v 0.502500 1.095000 0.300000
v 0.500000 1.097500 0.293965
v 0.502500 1.100000 0.295000
v 0.500000 1.097500 0.106036
v 0.502500 1.100000 0.105000
v 0.500000 1.093965 0.102500
v 0.502500 1.095000 0.100000
v 0.500000 0.102500 0.293965
v 0.502500 0.100000 0.295000
v 0.500000 0.106036 0.297500
v 0.502500 0.105000 0.300000
v 0.525000 1.093965 -0.097500
v 0.522500 1.095000 -0.100000
v 0.525000 1.097500 -0.093965
v 0.522500 1.100000 -0.095000
v 0.525000 0.102500 -0.093965
v 0.522500 0.100000 -0.095000
v 0.525000 0.106036 -0.097500
v 0.522500 0.105000 -0.100000
v 0.525000 1.097500 0.093964
v 0.522500 1.100000 0.095000
v 0.525000 1.093965 0.097500
v 0.522500 1.095000 0.100000
v 0.525000 0.106036 0.097500
v 0.522500 0.105000 0.100000
v 0.525000 0.102500 0.093964
v 0.522500 0.100000 0.095000
v 0.500000 0.106036 -0.097500
v 0.502500 0.105000 -0.100000
v 0.500000 0.102500 -0.093965
v 0.502500 0.100000 -0.095000
v 0.500000 1.093965 0.097500
v 0.502500 1.095000 0.100000
v 0.500000 1.097500 0.093964
v 0.502500 1.100000 0.095000
v 0.500000 1.097500 -0.093965
v 0.502500 1.100000 -0.095000
v 0.500000 1.093965 -0.097500
v 0.502500 1.095000 -0.100000
v 0.500000 0.102500 0.093964
v 0.502500 0.100000 0.095000
v 0.500000 0.106036 0.097500
v 0.502500 0.105000 0.100000
v 0.575000 1.097500 0.493964
v 0.572500 1.100000 0.495000
v 0.575000 1.093964 0.497500
v 0.572500 1.095000 0.500000
v 0.575000 1.093964 -0.497500
v 0.572500 1.095000 -0.500000
v 0.575000 1.097500 -0.493965
v 0.572500 1.100000 -0.495000
v 0.575000 1.006035 0.497500
v 0.572500 1.005000 0.500000
v 0.575000 1.002500 0.493964
v 0.572500 1.000000 0.495000
v 0.575000 1.002500 -0.493965
v 0.572500 1.000000 -0.495000
v 0.575000 1.006035 -0.497500
v 0.572500 1.005000 -0.500000
v 0.550000 1.097500 -0.493965
v 0.552500 1.100000 -0.495000
v 0.550000 1.093964 -0.497500
v 0.552500 1.095000 -0.500000
v 0.550000 1.002500 0.493964
v 0.552500 1.000000 0.495000
v 0.550000 1.006035 0.497500
v 0.552500 1.005000 0.500000
v 0.550000 1.093964 0.497500
v 0.552500 1.095000 0.500000
v 0.550000 1.097500 0.493964
v 0.552500 1.100000 0.495000
v 0.550000 1.006035 -0.497500
v 0.552500 1.005000 -0.500000
v 0.550000 1.002500 -0.493965
v 0.552500 1.000000 -0.495000
v 0.575000 0.197500 0.493964
v 0.572500 0.200000 0.495000
v 0.575000 0.193964 0.497500
v 0.572500 0.195000 0.500000
v 0.575000 0.193964 -0.497500
v 0.572500 0.195000 -0.500000
v 0.575000 0.197500 -0.493965
v 0.572500 0.200000 -0.495000
v 0.575000 0.106035 0.497500
v 0.572500 0.105000 0.500000
v 0.575000 0.102500 0.493964
v 0.572500 0.100000 0.495000
v 0.575000 0.102500 -0.493965
v 0.572500 0.100000 -0.495000
v 0.575000 0.106035 -0.497500
v 0.572500 0.105000 -0.500000
v 0.550000 0.197500 -0.493965
v 0.552500 0.200000 -0.495000
v 0.550000 0.193964 -0.497500
v 0.552500 0.195000 -0.500000
v 0.550000 0.102500 0.493964
v 0.552500 0.100000 0.495000
v 0.550000 0.106035 0.497500
v 0.552500 0.105000 0.500000
v 0.550000 0.193964 0.497500
v 0.552500 0.195000 0.500000
v 0.550000 0.197500 0.493964
v 0.552500 0.200000 0.495000
v 0.550000 0.106035 -0.497500
v 0.552500 0.105000 -0.500000
v 0.550000 0.102500 -0.493965
v 0.552500 0.100000 -0.495000
v 0.497500 1.093965 0.525000
v 0.500000 1.095000 0.522500
v 0.493965 1.097500 0.525000
v 0.495000 1.100000 0.522500
v 0.493965 0.102500 0.525000
v 0.495000 0.100000 0.522500
v 0.497500 0.106036 0.525000
v 0.500000 0.105000 0.522500
v 0.306036 1.097500 0.525000
v 0.305000 1.100000 0.522500
v 0.302500 1.093965 0.525000
v 0.300000 1.095000 0.522500
v 0.302500 0.106036 0.525000
v 0.300000 0.105000 0.522500
v 0.306036 0.102500 0.525000
v 0.305000 0.100000 0.522500
v 0.497500 0.106036 0.500000
v 0.500000 0.105000 0.502500
v 0.493965 0.102500 0.500000
v 0.495000 0.100000 0.502500
v 0.302500 1.093965 0.500000
v 0.300000 1.095000 0.502500
v 0.306036 1.097500 0.500000
v 0.305000 1.100000 0.502500
v 0.493965 1.097500 0.500000
v 0.495000 1.100000 0.502500
v 0.497500 1.093965 0.500000
v 0.500000 1.095000 0.502500
v 0.306036 0.102500 0.500000
v 0.305000 0.100000 0.502500
v 0.302500 0.106036 0.500000
v 0.300000 0.105000 0.502500
v -0.302500 1.093965 0.525000
v -0.300000 1.095000 0.522500
v -0.306035 1.097500 0.525000
v -0.305000 1.100000 0.522500
v -0.306035 0.102500 0.525000
v -0.305000 0.100000 0.522500
v -0.302500 0.106036 0.525000
v -0.300000 0.105000 0.522500
v -0.493964 1.097500 0.525000
v -0.495000 1.100000 0.522500
v -0.497500 1.093965 0.525000
v -0.500000 1.095000 0.522500
v -0.497500 0.106036 0.525000
v -0.500000 0.105000 0.522500
v -0.493964 0.102500 0.525000
v -0.495000 0.100000 0.522500
v -0.302500 0.106036 0.500000
v -0.300000 0.105000 0.502500
v -0.306035 0.102500 0.500000
v -0.305000 0.100000 0.502500
v -0.497500 1.093965 0.500000
v -0.500000 1.095000 0.502500
v -0.493964 1.097500 0.500000
v -0.495000 1.100000 0.502500
v -0.306035 1.097500 0.500000
v -0.305000 1.100000 0.502500
v -0.302500 1.093965 0.500000
v -0.300000 1.095000 0.502500
v -0.493964 0.102500 0.500000
v -0.495000 0.100000 0.502500
v -0.497500 0.106036 0.500000
v -0.500000 0.105000 0.502500
v 0.297500 1.093965 0.525000
v 0.300000 1.095000 0.522500
v 0.293965 1.097500 0.525000
v 0.295000 1.100000 0.522500
v 0.293965 0.102500 0.525000
v 0.295000 0.100000 0.522500
v 0.297500 0.106036 0.525000
v 0.300000 0.105000 0.522500
v 0.106036 1.097500 0.525000
v 0.105000 1.100000 0.522500
v 0.102500 1.093965 0.525000
v 0.100000 1.095000 0.522500
v 0.102500 0.106036 0.525000
v 0.100000 0.105000 0.522500
v 0.106036 0.102500 0.525000
v 0.105000 0.100000 0.522500
v 0.297500 0.106036 0.500000
v 0.300000 0.105000 0.502500
v 0.293965 0.102500 0.500000
v 0.295000 0.100000 0.502500
v 0.102500 1.093965 0.500000
v 0.100000 1.095000 0.502500
v 0.106036 1.097500 0.500000
v 0.105000 1.100000 0.502500
v 0.293965 1.097500 0.500000
v 0.295000 1.100000 0.502500
v 0.297500 1.093965 0.500000
v 0.300000 1.095000 0.502500
v 0.106036 0.102500 0.500000
v 0.105000 0.100000 0.502500
v 0.102500 0.106036 0.500000
v 0.100000 0.105000 0.502500
v -0.102500 1.093965 0.525000
v -0.100000 1.095000 0.522500
v -0.106036 1.097500 0.525000
v -0.105000 1.100000 0.522500
v -0.106035 0.102500 0.525000
v -0.105000 0.100000 0.522500
v -0.102500 0.106036 0.525000
v -0.100000 0.105000 0.522500
v -0.293964 1.097500 0.525000
v -0.295000 1.100000 0.522500
v -0.297500 1.093965 0.525000
v -0.300000 1.095000 0.522500
v -0.297500 0.106036 0.525000
v -0.300000 0.105000 0.522500
v -0.293964 0.102500 0.525000
v -0.295000 0.100000 0.522500
v -0.102500 0.106036 0.500000
v -0.100000 0.105000 0.502500
v -0.106035 0.102500 0.500000
v -0.105000 0.100000 0.502500
v -0.297500 1.093965 0.500000
v -0.300000 1.095000 0.502500
v -0.293964 1.097500 0.500000
v -0.295000 1.100000 0.502500
v -0.106036 1.097500 0.500000
v -0.105000 1.100000 0.502500
v -0.102500 1.093965 0.500000
v -0.100000 1.095000 0.502500
v -0.293964 0.102500 0.500000
v -0.295000 0.100000 0.502500
v -0.297500 0.106036 0.500000
v -0.300000 0.105000 0.502500
v 0.097500 1.093965 0.525000
v 0.100000 1.095000 0.522500
v 0.093965 1.097500 0.525000
v 0.095000 1.100000 0.522500
v 0.093965 0.102500 0.525000
v 0.095000 0.100000 0.522500
v 0.097500 0.106036 0.525000
v 0.100000 0.105000 0.522500
v -0.093964 1.097500 0.525000
v -0.095000 1.100000 0.522500
v -0.097500 1.093965 0.525000
v -0.100000 1.095000 0.522500
v -0.097500 0.106036 0.525000
v -0.100000 0.105000 0.522500
v -0.093964 0.102500 0.525000
v -0.095000 0.100000 0.522500
v 0.097500 0.106036 0.500000
v 0.100000 0.105000 0.502500
v 0.093965 0.102500 0.500000
v 0.095000 0.100000 0.502500
v -0.097500 1.093965 0.500000
v -0.100000 1.095000 0.502500
v -0.093964 1.097500 0.500000
v -0.095000 1.100000 0.502500
v 0.093965 1.097500 0.500000
v 0.095000 1.100000 0.502500
v 0.097500 1.093965 0.500000
v 0.100000 1.095000 0.502500
v -0.093964 0.102500 0.500000
v -0.095000 0.100000 0.502500
v -0.097500 0.106036 0.500000
v -0.100000 0.105000 0.502500
v -0.493964 1.097500 0.575000
v -0.495000 1.100000 0.572500
v -0.497500 1.093964 0.575000
v -0.500000 1.095000 0.572500
v 0.497500 1.093964 0.575000
v 0.500000 1.095000 0.572500
v 0.493965 1.097500 0.575000
v 0.495000 1.100000 0.572500
v -0.497500 1.006035 0.575000
v -0.500000 1.005000 0.572500
v -0.493964 1.002500 0.575000
v -0.495000 1.000000 0.572500
v 0.493965 1.002500 0.575000
v 0.495000 1.000000 0.572500
v 0.497500 1.006035 0.575000
v 0.500000 1.005000 0.572500
v 0.493965 1.097500 0.550000
v 0.495000 1.100000 0.552500
v 0.497500 1.093964 0.550000
v 0.500000 1.095000 0.552500
v -0.493964 1.002500 0.550000
v -0.495000 1.000000 0.552500
v -0.497500 1.006035 0.550000
v -0.500000 1.005000 0.552500
v -0.497500 1.093964 0.550000
v -0.500000 1.095000 0.552500
v -0.493964 1.097500 0.550000
v -0.495000 1.100000 0.552500
v 0.497500 1.006035 0.550000
v 0.500000 1.005000 0.552500
v 0.493965 1.002500 0.550000
v 0.495000 1.000000 0.552500
v -0.493964 0.197500 0.575000
v -0.495000 0.200000 0.572500
v -0.497500 0.193964 0.575000
v -0.500000 0.195000 0.572500
v 0.497500 0.193964 0.575000
v 0.500000 0.195000 0.572500
v 0.493965 0.197500 0.575000
v 0.495000 0.200000 0.572500
v -0.497500 0.106035 0.575000
v -0.500000 0.105000 0.572500
v -0.493964 0.102500 0.575000
v -0.495000 0.100000 0.572500
v 0.493965 0.102500 0.575000
v 0.495000 0.100000 0.572500
v 0.497500 0.106035 0.575000
v 0.500000 0.105000 0.572500
v 0.493965 0.197500 0.550000
v 0.495000 0.200000 0.552500
v 0.497500 0.193964 0.550000
v 0.500000 0.195000 0.552500
v -0.493964 0.102500 0.550000
v -0.495000 0.100000 0.552500
v -0.497500 0.106035 0.550000
v -0.500000 0.105000 0.552500
v -0.497500 0.193964 0.550000
v -0.500000 0.195000 0.552500
v -0.493964 0.197500 0.550000
v -0.495000 0.200000 0.552500
v 0.497500 0.106035 0.550000
v 0.500000 0.105000 0.552500
v 0.493965 0.102500 0.550000
v 0.495000 0.100000 0.552500
v 0.497500 1.125000 -0.493965
v 0.500000 1.122500 -0.495000
v 0.493964 1.125000 -0.497500
v 0.495000 1.122500 -0.500000
v 0.493964 1.125000 0.497500
v 0.495000 1.122500 0.500000
v 0.497500 1.125000 0.493964
v 0.500000 1.122500 0.495000
v 0.306035 1.125000 -0.497500
v 0.305000 1.122500 -0.500000
v 0.302500 1.125000 -0.493965
v 0.300000 1.122500 -0.495000
v 0.302500 1.125000 0.493964
v 0.300000 1.122500 0.495000
v 0.306035 1.125000 0.497500
v 0.305000 1.122500 0.500000
v 0.497500 1.100000 0.493964
v 0.500000 1.102500 0.495000
v 0.493964 1.100000 0.497500
v 0.495000 1.102500 0.500000
v 0.302500 1.100000 -0.493965
v 0.300000 1.102500 -0.495000
v 0.306035 1.100000 -0.497500
v 0.305000 1.102500 -0.500000
v 0.493964 1.100000 -0.497500
v 0.495000 1.102500 -0.500000
v 0.497500 1.100000 -0.493965
v 0.500000 1.102500 -0.495000
v 0.306035 1.100000 0.497500
v 0.305000 1.102500 0.500000
v 0.302500 1.100000 0.493964
v 0.300000 1.102500 0.495000
v -0.302500 1.125000 -0.493965
v -0.300000 1.122500 -0.495000
v -0.306036 1.125000 -0.497500
v -0.305000 1.122500 -0.500000
v -0.306036 1.125000 0.497500
v -0.305000 1.122500 0.500000
v -0.302500 1.125000 0.493964
v -0.300000 1.122500 0.495000
v -0.493965 1.125000 -0.497500
v -0.495000 1.122499 -0.500000
v -0.497500 1.125000 -0.493965
v -0.500000 1.122499 -0.495000
v -0.497500 1.125000 0.493964
v -0.500000 1.122500 0.495000
v -0.493965 1.125000 0.497500
v -0.495000 1.122500 0.500000
v -0.302500 1.100000 0.493964
v -0.300000 1.102500 0.495000
v -0.306036 1.100000 0.497500
v -0.305000 1.102500 0.500000
v -0.497500 1.100000 -0.493965
v -0.500000 1.102499 -0.495000
v -0.493965 1.100000 -0.497500
v -0.495000 1.102499 -0.500000
v -0.306036 1.100000 -0.497500
v -0.305000 1.102500 -0.500000
v -0.302500 1.100000 -0.493965
v -0.300000 1.102500 -0.495000
v -0.493965 1.100000 0.497500
v -0.495000 1.102500 0.500000
v -0.497500 1.100000 0.493964
v -0.500000 1.102500 0.495000
v 0.297500 1.125000 -0.493965
v 0.300000 1.122500 -0.495000
v 0.293964 1.125000 -0.497500
v 0.295000 1.122500 -0.500000
v 0.293964 1.125000 0.497500
v 0.295000 1.122500 0.500000
v 0.297500 1.125000 0.493964
v 0.300000 1.122500 0.495000
v 0.106035 1.125000 -0.497500
v 0.105000 1.122500 -0.500000
v 0.102500 1.125000 -0.493965
v 0.100000 1.122500 -0.495000
v 0.102500 1.125000 0.493964
v 0.100000 1.122500 0.495000
v 0.106035 1.125000 0.497500
v 0.105000 1.122500 0.500000
v 0.297500 1.100000 0.493964
v 0.300000 1.102500 0.495000
v 0.293964 1.100000 0.497500
v 0.295000 1.102500 0.500000
v 0.102500 1.100000 -0.493965
v 0.100000 1.102500 -0.495000
v 0.106035 1.100000 -0.497500
v 0.105000 1.102500 -0.500000
v 0.293964 1.100000 -0.497500
v 0.295000 1.102500 -0.500000
v 0.297500 1.100000 -0.493965
v 0.300000 1.102500 -0.495000
v 0.106035 1.100000 0.497500
v 0.105000 1.102500 0.500000
v 0.102500 1.100000 0.493964
v 0.100000 1.102500 0.495000
v -0.102500 1.125000 -0.493965
v -0.100000 1.122500 -0.495000
v -0.106036 1.125000 -0.497500
v -0.105000 1.122500 -0.500000
v -0.106036 1.125000 0.497500
v -0.105000 1.122500 0.500000
v -0.102500 1.125000 0.493964
v -0.100000 1.122500 0.495000
v -0.293965 1.125000 -0.497500
v -0.295000 1.122500 -0.500000
v -0.297500 1.125000 -0.493965
v -0.300000 1.122500 -0.495000
v -0.297500 1.125000 0.493964
v -0.300000 1.122500 0.495000
v -0.293965 1.125000 0.497500
v -0.295000 1.122500 0.500000
v -0.102500 1.100000 0.493964
v -0.100000 1.102500 0.495000
v -0.106036 1.100000 0.497500
v -0.105000 1.102500 0.500000
v -0.297500 1.100000 -0.493965
v -0.300000 1.102500 -0.495000
v -0.293965 1.100000 -0.497500
v -0.295000 1.102500 -0.500000
v -0.106036 1.100000 -0.497500
v -0.105000 1.102500 -0.500000
v -0.102500 1.100000 -0.493965
v -0.100000 1.102500 -0.495000
v -0.293965 1.100000 0.497500
v -0.295000 1.102500 0.500000
v -0.297500 1.100000 0.493964
v -0.300000 1.102500 0.495000
v 0.097500 1.125000 -0.493965
v 0.100000 1.122500 -0.495000
v 0.093964 1.125000 -0.497500
v 0.095000 1.122500 -0.500000
v 0.093964 1.125000 0.497500
v 0.095000 1.122500 0.500000
v 0.097500 1.125000 0.493964
v 0.100000 1.122500 0.495000
v -0.093965 1.125000 -0.497500
v -0.095000 1.122500 -0.500000
v -0.097500 1.125000 -0.493965
v -0.100000 1.122500 -0.495000
v -0.097500 1.125000 0.493964
v -0.100000 1.122500 0.495000
v -0.093965 1.125000 0.497500
v -0.095000 1.122500 0.500000
v 0.097500 1.100000 0.493964
v 0.100000 1.102500 0.495000
v 0.093964 1.100000 0.497500
v 0.095000 1.102500 0.500000
v -0.097500 1.100000 -0.493965
v -0.100000 1.102500 -0.495000
v -0.093965 1.100000 -0.497500
v -0.095000 1.102500 -0.500000
v 0.093964 1.100000 -0.497500
v 0.095000 1.102500 -0.500000
v 0.097500 1.100000 -0.493965
v 0.100000 1.102500 -0.495000
v -0.093965 1.100000 0.497500
v -0.095000 1.102500 0.500000
v -0.097500 1.100000 0.493964
v -0.100000 1.102500 0.495000
v -0.493965 1.174999 -0.497500
v -0.495000 1.172499 -0.500000
v -0.497500 1.174999 -0.493964
v -0.500000 1.172499 -0.495000
v 0.497500 1.175000 -0.493964
v 0.500000 1.172500 -0.495000
v 0.493964 1.175000 -0.497500
v 0.495000 1.172500 -0.500000
v -0.497500 1.174999 -0.406035
v -0.500000 1.172499 -0.405000
v -0.493965 1.174999 -0.402500
v -0.495000 1.172499 -0.400000
v 0.493964 1.175000 -0.402500
v 0.495000 1.172500 -0.400000
v 0.497500 1.175000 -0.406035
v 0.500000 1.172500 -0.405000
v 0.493964 1.150000 -0.497500
v 0.495000 1.152500 -0.500000
v 0.497500 1.150000 -0.493964
v 0.500000 1.152500 -0.495000
v -0.493965 1.149999 -0.402500
v -0.495000 1.152499 -0.400000
v -0.497500 1.149999 -0.406035
v -0.500000 1.152499 -0.405000
v -0.497500 1.149999 -0.493964
v -0.500000 1.152499 -0.495000
v -0.493965 1.149999 -0.497500
v -0.495000 1.152499 -0.500000
v 0.497500 1.150000 -0.406035
v 0.500000 1.152500 -0.405000
v 0.493964 1.150000 -0.402500
v 0.495000 1.152500 -0.400000
v -0.493965 1.174999 0.402500
v -0.495000 1.172499 0.400000
v -0.497500 1.174999 0.406036
v -0.500000 1.172499 0.405000
v 0.497500 1.175000 0.406036
v 0.500000 1.172500 0.405000
v 0.493964 1.175000 0.402500
v 0.495000 1.172500 0.400000
v -0.497500 1.174999 0.493965
v -0.500000 1.172499 0.495000
v -0.493965 1.174999 0.497500
v -0.495000 1.172499 0.500000
v 0.493964 1.175000 0.497500
v 0.495000 1.172500 0.500000
v 0.497500 1.175000 0.493965
v 0.500000 1.172500 0.495000
v 0.493964 1.150000 0.402500
v 0.495000 1.152500 0.400000
v 0.497500 1.150000 0.406036
v 0.500000 1.152500 0.405000
v -0.493965 1.149999 0.497500
v -0.495000 1.152499 0.500000
v -0.497500 1.149999 0.493965
v -0.500000 1.152499 0.495000
v -0.497500 1.149999 0.406036
v -0.500000 1.152499 0.405000
v -0.493965 1.149999 0.402500
v -0.495000 1.152499 0.400000
v 0.497500 1.150000 0.493965
v 0.500000 1.152500 0.495000
v 0.493964 1.150000 0.497500
v 0.495000 1.152500 0.500000
v 0.497500 0.075000 0.493965
v 0.500000 0.077500 0.495000
v 0.493964 0.075000 0.497500
v 0.495000 0.077500 0.500000
v 0.493964 0.075000 -0.497500
v 0.495000 0.077500 -0.500000
v 0.497500 0.075000 -0.493964
v 0.500000 0.077500 -0.495000
v 0.306035 0.075000 0.497500
v 0.305000 0.077500 0.500000
v 0.302500 0.075000 0.493965
v 0.300000 0.077500 0.495000
v 0.302500 0.075000 -0.493964
v 0.300000 0.077500 -0.495000
v 0.306035 0.075000 -0.497500
v 0.305000 0.077500 -0.500000
v 0.497500 0.100000 -0.493964
v 0.500000 0.097500 -0.495000
v 0.493964 0.100000 -0.497500
v 0.495000 0.097500 -0.500000
v 0.302500 0.100000 0.493965
v 0.300000 0.097500 0.495000
v 0.306035 0.100000 0.497500
v 0.305000 0.097500 0.500000
v 0.493964 0.100000 0.497500
v 0.495000 0.097500 0.500000
v 0.497500 0.100000 0.493965
v 0.500000 0.097500 0.495000
v 0.306035 0.100000 -0.497500
v 0.305000 0.097500 -0.500000
v 0.302500 0.100000 -0.493964
v 0.300000 0.097500 -0.495000
v -0.302500 0.075000 0.493965
v -0.300000 0.077500 0.495000
v -0.306036 0.075000 0.497500
v -0.305000 0.077500 0.500000
v -0.306036 0.075000 -0.497500
v -0.305000 0.077500 -0.500000
v -0.302500 0.075000 -0.493964
v -0.300000 0.077500 -0.495000
v -0.493965 0.075000 0.497500
v -0.495000 0.077500 0.500000
v -0.497500 0.075000 0.493965
v -0.500000 0.077500 0.495000
v -0.497500 0.075000 -0.493964
v -0.500000 0.077500 -0.495000
v -0.493965 0.075000 -0.497500
v -0.495000 0.077500 -0.500000
v -0.302500 0.100000 -0.493964
v -0.300000 0.097500 -0.495000
v -0.306036 0.100000 -0.497500
v -0.305000 0.097500 -0.500000
v -0.497500 0.100000 0.493965
v -0.500000 0.097500 0.495000
v -0.493965 0.100000 0.497500
v -0.495000 0.097500 0.500000
v -0.306036 0.100000 0.497500
v -0.305000 0.097500 0.500000
v -0.302500 0.100000 0.493965
v -0.300000 0.097500 0.495000
v -0.493965 0.100000 -0.497500
v -0.495000 0.097500 -0.500000
v -0.497500 0.100000 -0.493964
v -0.500000 0.097500 -0.495000
v 0.297500 0.075000 0.493965
v 0.300000 0.077500 0.495000
v 0.293964 0.075000 0.497500
v 0.295000 0.077500 0.500000
v 0.293964 0.075000 -0.497500
v 0.295000 0.077500 -0.500000
v 0.297500 0.075000 -0.493964
v 0.300000 0.077500 -0.495000
v 0.106035 0.075000 0.497500
v 0.105000 0.077500 0.500000
v 0.102500 0.075000 0.493965
v 0.100000 0.077500 0.495000
v 0.102500 0.075000 -0.493964
v 0.100000 0.077500 -0.495000
v 0.106035 0.075000 -0.497500
v 0.105000 0.077500 -0.500000
v 0.297500 0.100000 -0.493964
v 0.300000 0.097500 -0.495000
v 0.293964 0.100000 -0.497500
v 0.295000 0.097500 -0.500000
v 0.102500 0.100000 0.493965
v 0.100000 0.097500 0.495000
v 0.106035 0.100000 0.497500
v 0.105000 0.097500 0.500000
v 0.293964 0.100000 0.497500
v 0.295000 0.097500 0.500000
v 0.297500 0.100000 0.493965
v 0.300000 0.097500 0.495000
v 0.106035 0.100000 -0.497500
v 0.105000 0.097500 -0.500000
v 0.102500 0.100000 -0.493964
v 0.100000 0.097500 -0.495000
v -0.102501 0.075000 0.493965
v -0.100001 0.077500 0.495000
v -0.106036 0.075000 0.497500
v -0.105001 0.077500 0.500000
v -0.106036 0.075000 -0.497500
v -0.105000 0.077500 -0.500000
v -0.102500 0.075000 -0.493964
v -0.100000 0.077500 -0.495000
v -0.293965 0.075000 0.497500
v -0.295000 0.077500 0.500000
v -0.297500 0.075000 0.493965
v -0.300000 0.077500 0.495000
v -0.297500 0.075000 -0.493964
v -0.300000 0.077500 -0.495000
v -0.293965 0.075000 -0.497500
v -0.295000 0.077500 -0.500000
v -0.102500 0.100000 -0.493964
v -0.100000 0.097500 -0.495000
v -0.106036 0.100000 -0.497500
v -0.105000 0.097500 -0.500000
v -0.297500 0.100000 0.493965
v -0.300000 0.097500 0.495000
v -0.293965 0.100000 0.497500
v -0.295000 0.097500 0.500000
v -0.106036 0.100000 0.497500
v -0.105000 0.097500 0.500000
v -0.102500 0.100000 0.493965
v -0.100000 0.097500 0.495000
v -0.293965 0.100000 -0.497500
v -0.295000 0.097500 -0.500000
v -0.297500 0.100000 -0.493964
v -0.300000 0.097500 -0.495000
v 0.097500 0.075000 0.493965
v 0.100000 0.077500 0.495000
v 0.093964 0.075000 0.497500
v 0.095000 0.077500 0.500000
v 0.093964 0.075000 -0.497500
v 0.095000 0.077500 -0.500000
v 0.097500 0.075000 -0.493964
v 0.100000 0.077500 -0.495000
v -0.093965 0.075000 0.497500
v -0.095000 0.077500 0.500000
v -0.097500 0.075000 0.493965
v -0.100000 0.077500 0.495000
v -0.097500 0.075000 -0.493964
v -0.100000 0.077500 -0.495000
v -0.093965 0.075000 -0.497500
v -0.095000 0.077500 -0.500000
v 0.097500 0.100000 -0.493964
v 0.100000 0.097500 -0.495000
v 0.093964 0.100000 -0.497500
v 0.095000 0.097500 -0.500000
v -0.097500 0.100000 0.493965
v -0.100000 0.097500 0.495000
v -0.093965 0.100000 0.497500
v -0.095000 0.097500 0.500000
v 0.093964 0.100000 0.497500
v 0.095000 0.097500 0.500000
v 0.097500 0.100000 0.493965
v 0.100000 0.097500 0.495000
v -0.093965 0.100000 -0.497500
v -0.095000 0.097500 -0.500000
v -0.097500 0.100000 -0.493964
v -0.100000 0.097500 -0.495000
v -0.493965 0.025000 0.497500
v -0.495000 0.027500 0.500000
v -0.497500 0.025000 0.493964
v -0.500000 0.027501 0.495000
v 0.497500 0.025000 0.493964
v 0.500000 0.027500 0.495000
v 0.493964 0.025000 0.497500
v 0.495000 0.027500 0.500000
v -0.497500 0.025000 0.406035
v -0.500000 0.027501 0.405000
v -0.493965 0.025000 0.402500
v -0.495000 0.027501 0.400000
v 0.493964 0.025000 0.402500
v 0.495000 0.027500 0.400000
v 0.497500 0.025000 0.406035
v 0.500000 0.027500 0.405000
v 0.493964 0.050000 0.497500
v 0.495000 0.047500 0.500000
v 0.497500 0.050000 0.493964
v 0.500000 0.047500 0.495000
v -0.493965 0.050001 0.402500
v -0.495000 0.047501 0.400000
v -0.497500 0.050001 0.406035
v -0.500000 0.047501 0.405000
v -0.497500 0.050000 0.493964
v -0.500000 0.047500 0.495000
v -0.493965 0.050000 0.497500
v -0.495000 0.047500 0.500000
v 0.497500 0.050000 0.406035
v 0.500000 0.047500 0.405000
v 0.493964 0.050000 0.402500
v 0.495000 0.047500 0.400000
v -0.493965 0.025001 -0.402500
v -0.495000 0.027501 -0.400000
v -0.497500 0.025001 -0.406036
v -0.500000 0.027501 -0.405000
v 0.497500 0.025000 -0.406036
v 0.500000 0.027500 -0.405000
v 0.493964 0.025000 -0.402500
v 0.495000 0.027500 -0.400000
v -0.497500 0.025001 -0.493965
v -0.500000 0.027501 -0.495000
v -0.493965 0.025001 -0.497500
v -0.495000 0.027501 -0.500000
v 0.493964 0.025000 -0.497500
v 0.495000 0.027500 -0.500000
v 0.497500 0.025000 -0.493965
v 0.500000 0.027500 -0.495000
v 0.493964 0.050000 -0.402500
v 0.495000 0.047500 -0.400000
v 0.497500 0.050000 -0.406036
v 0.500000 0.047500 -0.405000
v -0.493965 0.050001 -0.497500
v -0.495000 0.047501 -0.500000
v -0.497500 0.050001 -0.493965
v -0.500000 0.047501 -0.495000
v -0.497500 0.050001 -0.406036
v -0.500000 0.047501 -0.405000
v -0.493965 0.050001 -0.402500
v -0.495000 0.047501 -0.400000
v 0.497500 0.050000 -0.493965
v 0.500000 0.047500 -0.495000
v 0.493964 0.050000 -0.497500
v 0.495000 0.047500 -0.500000
v 0.550000 1.097855 -0.359970
v 0.547500 1.100000 -0.358579
v 0.550000 0.240030 0.497855
v 0.547500 0.241421 0.500000
v 0.525000 1.097855 -0.359970
v 0.527500 1.100000 -0.358579
v 0.525000 0.959970 -0.497855
v 0.527500 0.958579 -0.500000
v 0.550000 0.102130 0.487870
v 0.547500 0.100000 0.490000
v 0.527500 0.100000 0.358579
v 0.525000 0.102145 0.359970
v 0.525000 0.240030 0.497855
v 0.527500 0.241421 0.500000
v 0.550000 0.102145 0.359970
v 0.547500 0.100000 0.358579
v 0.550000 0.959970 -0.497855
v 0.547500 0.958579 -0.500000
v 0.547500 0.110000 0.500000
v 0.550000 0.112130 0.497870
v 0.550000 1.087870 -0.497870
v 0.547500 1.090000 -0.500000
v 0.547500 1.100000 -0.490000
v 0.550000 1.097870 -0.487870
v 0.525000 1.097870 -0.487870
v 0.527500 1.100000 -0.490000
v 0.527500 1.090000 -0.500000
v 0.525000 1.087870 -0.497870
v 0.525000 0.102130 0.487870
v 0.527500 0.100000 0.490000
v 0.527500 0.110000 0.500000
v 0.525000 0.112130 0.497870
v 0.359970 1.097855 0.550000
v 0.358579 1.100000 0.547500
v -0.497855 0.240030 0.550000
v -0.500000 0.241421 0.547500
v 0.359970 1.097855 0.525000
v 0.358579 1.100000 0.527500
v 0.497856 0.959970 0.525000
v 0.500000 0.958579 0.527500
v -0.487870 0.102130 0.550000
v -0.490000 0.100000 0.547500
v -0.358579 0.100000 0.527500
v -0.359970 0.102145 0.525000
v -0.497855 0.240030 0.525000
v -0.500000 0.241421 0.527500
v -0.359970 0.102145 0.550000
v -0.358579 0.100000 0.547500
v 0.497856 0.959970 0.550000
v 0.500000 0.958579 0.547500
v -0.500000 0.110000 0.547500
v -0.497870 0.112130 0.550000
v 0.497870 1.087870 0.550000
v 0.500000 1.090000 0.547500
v 0.490000 1.100000 0.547500
v 0.487870 1.097870 0.550000
v 0.487870 1.097870 0.525000
v 0.490000 1.100000 0.527500
v 0.500000 1.090000 0.527500
v 0.497870 1.087870 0.525000
v -0.487870 0.102130 0.525000
v -0.490000 0.100000 0.527500
v -0.500000 0.110000 0.527500
v -0.497870 0.112130 0.525000
v -0.550000 1.097855 0.359970
v -0.547500 1.100000 0.358579
v -0.550000 0.240030 -0.497855
v -0.547500 0.241421 -0.500000
v -0.525000 1.097855 0.359970
v -0.527500 1.100000 0.358579
v -0.524999 0.959970 0.497855
v -0.527499 0.958579 0.500000
v -0.550000 0.102130 -0.487870
v -0.547500 0.100000 -0.490000
v -0.527500 0.100000 -0.358579
v -0.525000 0.102145 -0.359970
v -0.525000 0.240030 -0.497855
v -0.527500 0.241421 -0.500000
v -0.550000 0.102145 -0.359970
v -0.547500 0.100000 -0.358579
v -0.549999 0.959970 0.497855
v -0.547499 0.958579 0.500000
v -0.547500 0.110000 -0.500000
v -0.550000 0.112130 -0.497870
v -0.549999 1.087870 0.497870
v -0.547499 1.090000 0.500000
v -0.547499 1.100000 0.490000
v -0.549999 1.097870 0.487870
v -0.524999 1.097870 0.487870
v -0.527499 1.100000 0.490000
v -0.527499 1.090000 0.500000
v -0.524999 1.087870 0.497870
v -0.525000 0.102130 -0.487870
v -0.527500 0.100000 -0.490000
v -0.527500 0.110000 -0.500000
v -0.525000 0.112130 -0.497870
v -0.359970 1.150000 0.497855
v -0.358579 1.147500 0.500000
v 0.497855 1.150000 -0.359970
v 0.500000 1.147500 -0.358579
v -0.359970 1.125000 0.497855
v -0.358579 1.127500 0.500000
v -0.497855 1.125000 0.359970
v -0.500000 1.127500 0.358579
v 0.487870 1.150000 -0.497870
v 0.490000 1.147500 -0.500000
v 0.358579 1.127500 -0.500000
v 0.359970 1.125000 -0.497856
v 0.497855 1.125000 -0.359970
v 0.500000 1.127500 -0.358579
v 0.359970 1.150000 -0.497856
v 0.358579 1.147500 -0.500000
v -0.497855 1.150000 0.359970
v -0.500000 1.147500 0.358579
v 0.500000 1.147500 -0.490000
v 0.497870 1.150000 -0.487870
v -0.497870 1.150000 0.487870
v -0.500000 1.147500 0.490000
v -0.490000 1.147500 0.500000
v -0.487870 1.150000 0.497870
v -0.487870 1.125000 0.497870
v -0.490000 1.127500 0.500000
v -0.500000 1.127500 0.490000
v -0.497870 1.125000 0.487870
v 0.487870 1.125000 -0.497870
v 0.490000 1.127500 -0.500000
v 0.500000 1.127500 -0.490000
v 0.497870 1.125000 -0.487870
v 0.359970 0.050001 0.497855
v 0.358579 0.052501 0.500000
v -0.497855 0.050000 -0.359970
v -0.500000 0.052500 -0.358579
v 0.359970 0.075001 0.497855
v 0.358579 0.072501 0.500000
v 0.497856 0.075001 0.359970
v 0.500000 0.072501 0.358579
v -0.487870 0.050000 -0.497870
v -0.490000 0.052500 -0.500000
v -0.358579 0.072500 -0.500000
v -0.359970 0.075000 -0.497855
v -0.497855 0.075000 -0.359970
v -0.500000 0.072500 -0.358579
v -0.359970 0.050000 -0.497855
v -0.358579 0.052500 -0.500000
v 0.497856 0.050001 0.359970
v 0.500000 0.052501 0.358579
v -0.500000 0.052500 -0.490000
v -0.497870 0.050000 -0.487870
v 0.497870 0.050001 0.487870
v 0.500000 0.052501 0.490000
v 0.490000 0.052501 0.500000
v 0.487870 0.050001 0.497870
v 0.487870 0.075001 0.497870
v 0.490000 0.072501 0.500000
v 0.500000 0.072501 0.490000
v 0.497870 0.075001 0.487870
v -0.487870 0.075000 -0.497870
v -0.490000 0.072500 -0.500000
v -0.500000 0.072500 -0.490000
v -0.497870 0.075000 -0.487870
v -0.612500 1.105000 0.500000
v -0.607500 1.100000 0.500000
v -0.607500 1.100000 -0.500000
v -0.612500 1.105000 -0.500000
v -0.505000 1.100000 0.500000
v -0.500000 1.105000 0.500000
v -0.500000 1.105000 -0.500000
v -0.505000 1.100000 -0.500000
v -0.607500 1.212500 0.500000
v -0.612500 1.207500 0.500000
v -0.612500 1.207500 -0.500000
v -0.607500 1.212500 -0.500000
v -0.500000 1.207500 0.500000
v -0.505000 1.212500 0.500000
v -0.505000 1.212500 -0.500000
v -0.500000 1.207500 -0.500000
v -0.502500 -0.025000 0.619672
v -0.505328 -0.025000 0.622500
v -0.500000 -0.022500 0.622181
v -0.502818 -0.022500 0.625000
v -0.505328 1.225000 0.622500
v -0.502500 1.225000 0.619672
v -0.502818 1.222500 0.625000
v -0.500000 1.222500 0.622181
v -0.619672 -0.025000 0.622500
v -0.622500 -0.025000 0.619672
v -0.622182 -0.022500 0.625000
v -0.625000 -0.022500 0.622181
v -0.622500 1.225000 0.619672
v -0.619672 1.225000 0.622500
v -0.625000 1.222500 0.622181
v -0.622182 1.222500 0.625000
v -0.505328 -0.025000 0.502500
v -0.502500 -0.025000 0.505328
v -0.502818 -0.022500 0.500000
v -0.500000 -0.022500 0.502818
v -0.502500 1.225000 0.505328
v -0.505328 1.225000 0.502500
v -0.500000 1.222500 0.502818
v -0.502818 1.222500 0.500000
v -0.622500 -0.025000 0.505328
v -0.619672 -0.025000 0.502500
v -0.625000 -0.022500 0.502818
v -0.622182 -0.022500 0.500000
v -0.619672 1.225000 0.502500
v -0.622500 1.225000 0.505328
v -0.622182 1.222500 0.500000
v -0.625000 1.222500 0.502818
v -0.612500 -0.007500 0.500000
v -0.607500 -0.012500 0.500000
v -0.607500 -0.012500 -0.500000
v -0.612500 -0.007500 -0.500000
v -0.505000 -0.012500 0.500000
v -0.500000 -0.007500 0.500000
v -0.500000 -0.007500 -0.500000
v -0.505000 -0.012500 -0.500000
v -0.607500 0.100000 0.500000
v -0.612500 0.095000 0.500000
v -0.612500 0.095000 -0.500000
v -0.607500 0.100000 -0.500000
v -0.500000 0.095000 0.500000
v -0.505000 0.100000 0.500000
v -0.505000 0.100000 -0.500000
v -0.500000 0.095000 -0.500000
v -0.619672 -0.025000 -0.502500
v -0.622500 -0.025000 -0.505328
v -0.622182 -0.022500 -0.500000
v -0.625000 -0.022500 -0.502818
v -0.622500 1.225000 -0.505328
v -0.619672 1.225000 -0.502500
v -0.625000 1.222500 -0.502818
v -0.622182 1.222500 -0.500000
v -0.622500 -0.025000 -0.619672
v -0.619672 -0.025000 -0.622500
v -0.625000 -0.022500 -0.622182
v -0.622182 -0.022500 -0.625000
v -0.619672 1.225000 -0.622500
v -0.622500 1.225000 -0.619672
v -0.622182 1.222500 -0.625000
v -0.625000 1.222500 -0.622182
v -0.502500 -0.025000 -0.505328
v -0.505328 -0.025000 -0.502500
v -0.500000 -0.022500 -0.502818
v -0.502818 -0.022500 -0.500000
v -0.505328 1.225000 -0.502500
v -0.502500 1.225000 -0.505328
v -0.502818 1.222500 -0.500000
v -0.500000 1.222500 -0.502818
v -0.505328 -0.025000 -0.622500
v -0.502500 -0.025000 -0.619672
v -0.502818 -0.022500 -0.625000
v -0.500000 -0.022500 -0.622182
v -0.502500 1.225000 -0.619672
v -0.505328 1.225000 -0.622500
v -0.500000 1.222500 -0.622182
v -0.502818 1.222500 -0.625000
v 0.502500 -0.025000 -0.619672
v 0.505328 -0.025000 -0.622500
v 0.500000 -0.022500 -0.622182
v 0.502818 -0.022500 -0.625000
v 0.505328 1.225000 -0.622500
v 0.502500 1.225000 -0.619672
v 0.502818 1.222500 -0.625000
v 0.500000 1.222500 -0.622182
v 0.619672 -0.025000 -0.622500
v 0.622500 -0.025000 -0.619672
v 0.622182 -0.022500 -0.625000
v 0.625000 -0.022500 -0.622182
v 0.622500 1.225000 -0.619672
v 0.619672 1.225000 -0.622500
v 0.625000 1.222500 -0.622182
v 0.622182 1.222500 -0.625000
v 0.505328 -0.025000 -0.502500
v 0.502500 -0.025000 -0.505328
v 0.502818 -0.022500 -0.500000
v 0.500000 -0.022500 -0.502818
v 0.502500 1.225000 -0.505328
v 0.505328 1.225000 -0.502500
v 0.500000 1.222500 -0.502818
v 0.502818 1.222500 -0.500000
v 0.622500 -0.025000 -0.505328
v 0.619672 -0.025000 -0.502500
v 0.625000 -0.022500 -0.502818
v 0.622182 -0.022500 -0.500000
v 0.619672 1.225000 -0.502500
v 0.622500 1.225000 -0.505328
v 0.622182 1.222500 -0.500000
v 0.625000 1.222500 -0.502818
v 0.619672 -0.025000 0.502500
v 0.622500 -0.025000 0.505328
v 0.622182 -0.022500 0.500000
v 0.625000 -0.022500 0.502818
v 0.622500 1.225000 0.505328
v 0.619672 1.225000 0.502500
v 0.625000 1.222500 0.502818
v 0.622182 1.222500 0.500000
v 0.622500 -0.025000 0.619672
v 0.619672 -0.025000 0.622500
v 0.625000 -0.022500 0.622181
v 0.622182 -0.022500 0.625000
v 0.619672 1.225000 0.622500
v 0.622500 1.225000 0.619672
v 0.622182 1.222500 0.625000
v 0.625000 1.222500 0.622181
v 0.502500 -0.025000 0.505328
v 0.505328 -0.025000 0.502500
v 0.500000 -0.022500 0.502818
v 0.502818 -0.022500 0.500000
v 0.505328 1.225000 0.502500
v 0.502500 1.225000 0.505328
v 0.502818 1.222500 0.500000
v 0.500000 1.222500 0.502818
v 0.505328 -0.025000 0.622500
v 0.502500 -0.025000 0.619672
v 0.502818 -0.022500 0.625000
v 0.500000 -0.022500 0.622181
v 0.502500 1.225000 0.619672
v 0.505328 1.225000 0.622500
v 0.500000 1.222500 0.622181
v 0.502818 1.222500 0.625000
v 0.500000 1.105000 0.612500
v 0.500000 1.100000 0.607500
v -0.500000 1.100000 0.607500
v -0.500000 1.105000 0.612500
v 0.500000 1.100000 0.505000
v 0.500000 1.105000 0.500000
v -0.500000 1.105000 0.500000
v -0.500000 1.100000 0.505000
v 0.500000 1.212500 0.607500
v 0.500000 1.207500 0.612500
v -0.500000 1.207500 0.612500
v -0.500000 1.212500 0.607500
v 0.500000 1.207500 0.500000
v 0.500000 1.212500 0.505000
v -0.500000 1.212500 0.505000
v -0.500000 1.207500 0.500000
v 0.500000 -0.007500 0.612500
v 0.500000 -0.012500 0.607500
v -0.500000 -0.012500 0.607500
v -0.500000 -0.007500 0.612500
v 0.500000 -0.012500 0.505000
v 0.500000 -0.007500 0.500000
v -0.500000 -0.007500 0.500000
v -0.500000 -0.012500 0.505000
v 0.500000 0.100000 0.607500
v 0.500000 0.095000 0.612500
v -0.500000 0.095000 0.612500
v -0.500000 0.100000 0.607500
v 0.500000 0.095000 0.500000
v 0.500000 0.100000 0.505000
v -0.500000 0.100000 0.505000
v -0.500000 0.095000 0.500000
v 0.612500 1.105000 -0.500000
v 0.607500 1.100000 -0.500000
v 0.607500 1.100000 0.500000
v 0.612500 1.105000 0.500000
v 0.505000 1.100000 -0.500000
v 0.500000 1.105000 -0.500000
v 0.500000 1.105000 0.500000
v 0.505000 1.100000 0.500000
v 0.607500 1.212500 -0.500000
v 0.612500 1.207500 -0.500000
v 0.612500 1.207500 0.500000
v 0.607500 1.212500 0.500000
v 0.500000 1.207500 -0.500000
v 0.505000 1.212500 -0.500000
v 0.505000 1.212500 0.500000
v 0.500000 1.207500 0.500000
v 0.612500 -0.007500 -0.500000
v 0.607500 -0.012500 -0.500000
v 0.607500 -0.012500 0.500000
v 0.612500 -0.007500 0.500000
v 0.505000 -0.012500 -0.500000
v 0.500000 -0.007500 -0.500000
v 0.500000 -0.007500 0.500000
v 0.505000 -0.012500 0.500000
v 0.607500 0.100000 -0.500000
v 0.612500 0.095000 -0.500000
v 0.612500 0.095000 0.500000
v 0.607500 0.100000 0.500000
v 0.500000 0.095000 -0.500000
v 0.505000 0.100000 -0.500000
v 0.505000 0.100000 0.500000
v 0.500000 0.095000 0.500000
v -0.500000 -0.007500 -0.612500
v -0.500000 -0.012500 -0.607500
v 0.500000 -0.012500 -0.607500
v 0.500000 -0.007500 -0.612500
v -0.500000 -0.012500 -0.505000
v -0.500000 -0.007500 -0.500000
v 0.500000 -0.007500 -0.500000
v 0.500000 -0.012500 -0.505000
v -0.500000 0.100000 -0.607500
v -0.500000 0.095000 -0.612500
v 0.500000 0.095000 -0.612500
v 0.500000 0.100000 -0.607500
v -0.500000 0.095000 -0.500000
v -0.500000 0.100000 -0.505000
v 0.500000 0.100000 -0.505000
v 0.500000 0.095000 -0.500000
v -0.600000 0.106035 -0.497500
v -0.597500 0.105000 -0.500000
v -0.600000 0.102500 -0.493965
v -0.597500 0.100000 -0.495000
v -0.600000 1.097500 -0.493964
v -0.597500 1.100000 -0.495000
v -0.600000 1.093964 -0.497500
v -0.597500 1.095000 -0.500000
v -0.600000 0.102500 -0.406036
v -0.597500 0.100000 -0.405000
v -0.600000 0.106035 -0.402500
v -0.597500 0.105000 -0.400000
v -0.600000 1.093964 -0.402500
v -0.597500 1.095000 -0.400000
v -0.600000 1.097500 -0.406036
v -0.597500 1.100000 -0.405000
v -0.575000 1.093964 -0.497500
v -0.577500 1.095000 -0.500000
v -0.575000 1.097500 -0.493964
v -0.577500 1.100000 -0.495000
v -0.575000 0.106035 -0.402500
v -0.577500 0.105000 -0.400000
v -0.575000 0.102500 -0.406036
v -0.577500 0.100000 -0.405000
v -0.575000 0.102500 -0.493965
v -0.577500 0.100000 -0.495000
v -0.575000 0.106035 -0.497500
v -0.577500 0.105000 -0.500000
v -0.575000 1.097500 -0.406036
v -0.577500 1.100000 -0.405000
v -0.575000 1.093964 -0.402500
v -0.577500 1.095000 -0.400000
v -0.600000 0.106035 0.402500
v -0.597500 0.105000 0.400000
v -0.600000 0.102500 0.406035
v -0.597500 0.100000 0.405000
v -0.600000 1.097500 0.406035
v -0.597500 1.100000 0.405000
v -0.600000 1.093964 0.402500
v -0.597500 1.095000 0.400000
v -0.600000 0.102500 0.493964
v -0.597500 0.100000 0.495000
v -0.600000 0.106035 0.497500
v -0.597500 0.105000 0.500000
v -0.600000 1.093964 0.497500
v -0.597500 1.095000 0.500000
v -0.600000 1.097500 0.493964
v -0.597500 1.100000 0.495000
v -0.575000 1.093964 0.402500
v -0.577500 1.095000 0.400000
v -0.575000 1.097500 0.406035
v -0.577500 1.100000 0.405000
v -0.575000 0.106035 0.497500
v -0.577500 0.105000 0.500000
v -0.575000 0.102500 0.493964
v -0.577500 0.100000 0.495000
v -0.575000 0.102500 0.406035
v -0.577500 0.100000 0.405000
v -0.575000 0.106035 0.402500
v -0.577500 0.105000 0.400000
v -0.575000 1.097500 0.493964
v -0.577500 1.100000 0.495000
v -0.575000 1.093964 0.497500
v -0.577500 1.095000 0.500000
v 0.497500 0.106035 -0.600000
v 0.500000 0.105000 -0.597500
v 0.493964 0.102500 -0.600000
v 0.495000 0.100000 -0.597500
v 0.493964 1.097500 -0.600000
v 0.495000 1.100000 -0.597500
v 0.497500 1.093964 -0.600000
v 0.500000 1.095000 -0.597500
v 0.406036 0.102500 -0.600000
v 0.405000 0.100000 -0.597500
v 0.402500 0.106035 -0.600000
v 0.400000 0.105000 -0.597500
v 0.402500 1.093964 -0.600000
v 0.400000 1.095000 -0.597500
v 0.406036 1.097500 -0.600000
v 0.405000 1.100000 -0.597500
v 0.497500 1.093964 -0.575000
v 0.500000 1.095000 -0.577500
v 0.493964 1.097500 -0.575000
v 0.495000 1.100000 -0.577500
v 0.402500 0.106035 -0.575000
v 0.400000 0.105000 -0.577500
v 0.406036 0.102500 -0.575000
v 0.405000 0.100000 -0.577500
v 0.493964 0.102500 -0.575000
v 0.495000 0.100000 -0.577500
v 0.497500 0.106035 -0.575000
v 0.500000 0.105000 -0.577500
v 0.406036 1.097500 -0.575000
v 0.405000 1.100000 -0.577500
v 0.402500 1.093964 -0.575000
v 0.400000 1.095000 -0.577500
v -0.402500 0.106035 -0.600000
v -0.400000 0.105000 -0.597500
v -0.406035 0.102500 -0.600000
v -0.405000 0.100000 -0.597500
v -0.406036 1.097500 -0.600000
v -0.405000 1.100000 -0.597500
v -0.402500 1.093964 -0.600000
v -0.400000 1.095000 -0.597500
v -0.493964 0.102500 -0.600000
v -0.495000 0.100000 -0.597500
v -0.497500 0.106035 -0.600000
v -0.500000 0.105000 -0.597500
v -0.497500 1.093964 -0.600000
v -0.500000 1.095000 -0.597500
v -0.493965 1.097500 -0.600000
v -0.495000 1.100000 -0.597500
v -0.402500 1.093964 -0.575000
v -0.400000 1.095000 -0.577500
v -0.406036 1.097500 -0.575000
v -0.405000 1.100000 -0.577500
v -0.497500 0.106035 -0.575000
v -0.500000 0.105000 -0.577500
v -0.493964 0.102500 -0.575000
v -0.495000 0.100000 -0.577500
v -0.406035 0.102500 -0.575000
v -0.405000 0.100000 -0.577500
v -0.402500 0.106035 -0.575000
v -0.400000 0.105000 -0.577500
v -0.493965 1.097500 -0.575000
v -0.495000 1.100000 -0.577500
v -0.497500 1.093964 -0.575000
v -0.500000 1.095000 -0.577500
v 0.600000 0.106035 0.497500
v 0.597500 0.105000 0.500000
v 0.600000 0.102500 0.493964
v 0.597500 0.100000 0.495000
v 0.600000 1.097500 0.493964
v 0.597500 1.100000 0.495000
v 0.600000 1.093964 0.497500
v 0.597500 1.095000 0.500000
v 0.600000 0.102500 0.406036
v 0.597500 0.100000 0.405000
v 0.600000 0.106035 0.402500
v 0.597500 0.105000 0.400000
v 0.600000 1.093964 0.402500
v 0.597500 1.095000 0.400000
v 0.600000 1.097500 0.406035
v 0.597500 1.100000 0.405000
v 0.575000 1.093964 0.497500
v 0.577500 1.095000 0.500000
v 0.575000 1.097500 0.493964
v 0.577500 1.100000 0.495000
v 0.575000 0.106035 0.402500
v 0.577500 0.105000 0.400000
v 0.575000 0.102500 0.406036
v 0.577500 0.100000 0.405000
v 0.575000 0.102500 0.493964
v 0.577500 0.100000 0.495000
v 0.575000 0.106035 0.497500
v 0.577500 0.105000 0.500000
v 0.575000 1.097500 0.406035
v 0.577500 1.100000 0.405000
v 0.575000 1.093964 0.402500
v 0.577500 1.095000 0.400000
v 0.600000 0.106035 -0.402500
v 0.597500 0.105000 -0.400000
v 0.600000 0.102500 -0.406036
v 0.597500 0.100000 -0.405000
v 0.600000 1.097500 -0.406036
v 0.597500 1.100000 -0.405000
v 0.600000 1.093964 -0.402500
v 0.597500 1.095000 -0.400000
v 0.600000 0.102500 -0.493965
v 0.597500 0.100000 -0.495000
v 0.600000 0.106035 -0.497500
v 0.597500 0.105000 -0.500000
v 0.600000 1.093964 -0.497500
v 0.597500 1.095000 -0.500000
v 0.600000 1.097500 -0.493965
v 0.597500 1.100000 -0.495000
v 0.575000 1.093964 -0.402500
v 0.577500 1.095000 -0.400000
v 0.575000 1.097500 -0.406036
v 0.577500 1.100000 -0.405000
v 0.575000 0.106035 -0.497500
v 0.577500 0.105000 -0.500000
v 0.575000 0.102500 -0.493965
v 0.577500 0.100000 -0.495000
v 0.575000 0.102500 -0.406036
v 0.577500 0.100000 -0.405000
v 0.575000 0.106035 -0.402500
v 0.577500 0.105000 -0.400000
v 0.575000 1.097500 -0.493965
v 0.577500 1.100000 -0.495000
v 0.575000 1.093964 -0.497500
v 0.577500 1.095000 -0.500000
v 0.497500 1.093964 0.600000
v 0.500000 1.095000 0.597500
v 0.493964 1.097500 0.600000
v 0.495000 1.100000 0.597500
v 0.493964 0.102500 0.600000
v 0.495000 0.100000 0.597500
v 0.497500 0.106035 0.600000
v 0.500000 0.105000 0.597500
v 0.406036 1.097500 0.600000
v 0.405000 1.100000 0.597500
v 0.402500 1.093964 0.600000
v 0.400000 1.095000 0.597500
v 0.402500 0.106035 0.600000
v 0.400000 0.105000 0.597500
v 0.406036 0.102500 0.600000
v 0.405000 0.100000 0.597500
v 0.497500 0.106035 0.575000
v 0.500000 0.105000 0.577500
v 0.493964 0.102500 0.575000
v 0.495000 0.100000 0.577500
v 0.402500 1.093964 0.575000
v 0.400000 1.095000 0.577500
v 0.406036 1.097500 0.575000
v 0.405000 1.100000 0.577500
v 0.493964 1.097500 0.575000
v 0.495000 1.100000 0.577500
v 0.497500 1.093964 0.575000
v 0.500000 1.095000 0.577500
v 0.406036 0.102500 0.575000
v 0.405000 0.100000 0.577500
v 0.402500 0.106035 0.575000
v 0.400000 0.105000 0.577500
v -0.402500 1.093964 0.600000
v -0.400000 1.095000 0.597500
v -0.406036 1.097500 0.600000
v -0.405000 1.100000 0.597500
v -0.406035 0.102500 0.600000
v -0.405000 0.100000 0.597500
v -0.402500 0.106035 0.600000
v -0.400000 0.105000 0.597500
v -0.493964 1.097500 0.600000
v -0.495000 1.100000 0.597500
v -0.497500 1.093964 0.600000
v -0.500000 1.095000 0.597500
v -0.497500 0.106035 0.600000
v -0.500000 0.105000 0.597500
v -0.493964 0.102500 0.600000
v -0.495000 0.100000 0.597500
v -0.402500 0.106035 0.575000
v -0.400000 0.105000 0.577500
v -0.406035 0.102500 0.575000
v -0.405000 0.100000 0.577500
v -0.497500 1.093964 0.575000
v -0.500000 1.095000 0.577500
v -0.493964 1.097500 0.575000
v -0.495000 1.100000 0.577500
v -0.406036 1.097500 0.575000
v -0.405000 1.100000 0.577500
v -0.402500 1.093964 0.575000
v -0.400000 1.095000 0.577500
v -0.493964 0.102500 0.575000
v -0.495000 0.100000 0.577500
v -0.497500 0.106035 0.575000
v -0.500000 0.105000 0.577500
v 0.497500 1.199999 -0.493964
v 0.500000 1.197499 -0.495000
v 0.493964 1.199999 -0.497500
v 0.495000 1.197499 -0.500000
v 0.493964 1.200000 0.497500
v 0.495000 1.197500 0.500000
v 0.497499 1.200000 0.493965
v 0.500000 1.197500 0.495000
v 0.406035 1.199999 -0.497500
v 0.404999 1.197499 -0.500000
v 0.402500 1.199999 -0.493964
v 0.399999 1.197499 -0.495000
v 0.402499 1.200000 0.493965
v 0.399999 1.197500 0.495000
v 0.406035 1.200000 0.497500
v 0.404999 1.197500 0.500000
v 0.497499 1.175000 0.493965
v 0.500000 1.177500 0.495000
v 0.493964 1.175000 0.497500
v 0.495000 1.177500 0.500000
v 0.402500 1.174999 -0.493964
v 0.399999 1.177499 -0.495000
v 0.406035 1.174999 -0.497500
v 0.404999 1.177499 -0.500000
v 0.493964 1.174999 -0.497500
v 0.495000 1.177499 -0.500000
v 0.497500 1.174999 -0.493964
v 0.500000 1.177499 -0.495000
v 0.406035 1.175000 0.497500
v 0.404999 1.177500 0.500000
v 0.402499 1.175000 0.493965
v 0.399999 1.177500 0.495000
v -0.402500 1.199999 -0.493964
v -0.400001 1.197499 -0.495000
v -0.406036 1.199999 -0.497500
v -0.405000 1.197499 -0.500000
v -0.406036 1.200000 0.497500
v -0.405000 1.197500 0.500000
v -0.402501 1.200000 0.493965
v -0.400001 1.197500 0.495000
v -0.493965 1.199999 -0.497500
v -0.495000 1.197499 -0.500000
v -0.497500 1.199999 -0.493964
v -0.500000 1.197499 -0.495000
v -0.497500 1.200000 0.493965
v -0.500000 1.197500 0.495000
v -0.493965 1.200000 0.497500
v -0.495001 1.197500 0.500000
v -0.402501 1.175000 0.493965
v -0.400001 1.177500 0.495000
v -0.406036 1.175000 0.497500
v -0.405000 1.177500 0.500000
v -0.497500 1.174999 -0.493964
v -0.500000 1.177499 -0.495000
v -0.493965 1.174999 -0.497500
v -0.495000 1.177499 -0.500000
v -0.406036 1.174999 -0.497500
v -0.405000 1.177499 -0.500000
v -0.402500 1.174999 -0.493964
v -0.400001 1.177499 -0.495000
v -0.493965 1.175000 0.497500
v -0.495001 1.177500 0.500000
v -0.497500 1.175000 0.493965
v -0.500000 1.177500 0.495000
v -0.497500 0.000000 -0.493965
v -0.500000 0.002500 -0.495000
v -0.493965 0.000000 -0.497501
v -0.495000 0.002501 -0.500000
v -0.493964 0.000000 0.497500
v -0.495000 0.002500 0.500000
v -0.497500 0.000000 0.493964
v -0.500000 0.002500 0.495000
v -0.406036 0.000000 -0.497501
v -0.405000 0.002501 -0.500000
v -0.402500 0.000000 -0.493965
v -0.400000 0.002501 -0.495000
v -0.402500 0.000000 0.493964
v -0.400000 0.002500 0.495000
v -0.406035 0.000000 0.497500
v -0.405000 0.002500 0.500000
v -0.497500 0.025000 0.493964
v -0.500000 0.022500 0.495000
v -0.493964 0.025000 0.497500
v -0.495000 0.022500 0.500000
v -0.402500 0.025001 -0.493965
v -0.400000 0.022501 -0.495000
v -0.406036 0.025001 -0.497501
v -0.405000 0.022501 -0.500000
v -0.493965 0.025000 -0.497501
v -0.495000 0.022500 -0.500000
v -0.497500 0.025000 -0.493965
v -0.500000 0.022500 -0.495000
v -0.406035 0.025000 0.497500
v -0.405000 0.022500 0.500000
v -0.402500 0.025000 0.493964
v -0.400000 0.022500 0.495000
v 0.402500 0.000001 -0.493965
v 0.400000 0.002501 -0.495001
v 0.406035 0.000001 -0.497501
v 0.405000 0.002501 -0.500000
v 0.406036 0.000000 0.497500
v 0.405000 0.002500 0.500000
v 0.402500 0.000000 0.493964
v 0.400000 0.002500 0.494999
v 0.493964 0.000001 -0.497501
v 0.495000 0.002501 -0.500000
v 0.497500 0.000001 -0.493965
v 0.500000 0.002501 -0.495001
v 0.497500 0.000000 0.493964
v 0.500000 0.002500 0.494999
v 0.493965 0.000000 0.497499
v 0.495000 0.002500 0.500000
v 0.402500 0.025000 0.493964
v 0.400000 0.022500 0.494999
v 0.406036 0.025000 0.497500
v 0.405000 0.022500 0.500000
v 0.497500 0.025001 -0.493965
v 0.500000 0.022501 -0.495001
v 0.493964 0.025001 -0.497501
v 0.495000 0.022501 -0.500000
v 0.406035 0.025001 -0.497501
v 0.405000 0.022501 -0.500000
v 0.402500 0.025001 -0.493965
v 0.400000 0.022501 -0.495001
v 0.493965 0.025000 0.497499
v 0.495000 0.022500 0.500000
v 0.497500 0.025000 0.493964
v 0.500000 0.022500 0.494999
vn -0.0000 -0.0000 -1.0000
vn -0.0000 1.0000 -0.0000
vn 1.0000 -0.0000 -0.0000
vn -0.0000 -1.0000 -0.0000
vn -0.0000 -0.0000 1.0000
vn -0.0000 -0.7071 -0.7071
vn -0.0000 -0.7071 0.7071
vn -0.0000 0.7071 0.7071
vn -0.0000 0.7071 -0.7071
vn -1.0000 -0.0000 -0.0000
vn 0.7071 0.5000 0.5000
vn -0.7071 0.5000 0.5000
vn 0.7071 0.5000 -0.5000
vn -0.7071 0.5000 -0.5000
vn -0.7071 -0.5000 -0.5000
vn 0.7071 -0.5000 -0.5000
vn 0.7071 -0.5000 0.5000
vn -0.7071 -0.5000 0.5000
vn -0.7071 0.7071 -0.0000
vn 0.7071 0.7071 -0.0000
vn -0.7071 -0.7071 -0.0000
vn -0.7071 -0.0000 0.7071
vn -0.7071 -0.0000 -0.7071
vn 0.7071 -0.0000 0.7071
vn 0.7071 -0.7071 -0.0000
vn 0.7071 -0.0000 -0.7071
vn -0.5000 0.5000 0.7071
vn -0.5000 0.5000 -0.7071
vn 0.5000 0.5000 0.7071
vn 0.5000 0.5000 -0.7071
vn 0.5000 -0.5000 -0.7071
vn 0.5000 -0.5000 0.7071
vn -0.5000 -0.5000 0.7071
vn -0.5000 -0.5000 -0.7071
vn -0.4515 0.4515 -0.7696
vn -0.4515 0.4515 0.7696
vn 0.4515 -0.4515 0.7696
vn -0.0000 -0.7601 0.6498
vn -0.0000 0.7601 -0.6498
vn 0.7601 -0.0000 -0.6498
vn 0.7601 -0.0000 0.6498
vn -0.7601 -0.0000 0.6498
vn -0.0000 0.7601 0.6498
vn -0.7601 -0.0000 -0.6498
vn -0.0000 -0.7601 -0.6498
vn 0.4515 -0.4515 -0.7696
vn 0.5000 -0.7071 -0.5000
vn 0.5000 0.7071 -0.5000
vn -0.5000 -0.7071 -0.5000
vn -0.5000 0.7071 -0.5000
vn -0.5000 0.7071 0.5000
vn -0.5000 -0.7071 0.5000
vn 0.5000 -0.7071 0.5000
vn 0.5000 0.7071 0.5000
vn 0.7696 0.4515 -0.4515
vn -0.7696 0.4515 -0.4515
vn -0.7696 -0.4515 0.4515
vn -0.6498 -0.7601 -0.0000
vn 0.6499 0.7600 -0.0000
vn 0.6498 -0.0000 0.7601
vn -0.6498 -0.0000 0.7601
vn -0.6498 -0.0000 -0.7601
vn -0.6499 0.7601 -0.0000
vn 0.6498 -0.0000 -0.7601
vn 0.6498 -0.7601 -0.0000
vn 0.7696 -0.4515 0.4515
vn 0.4515 0.4515 0.7696
vn 0.4515 0.4515 -0.7696
vn -0.4515 -0.4515 -0.7696
vn -0.0000 0.7601 -0.6499
vn -0.4515 -0.4515 0.7696
vn -0.7696 0.4515 0.4515
vn 0.7696 0.4515 0.4515
vn 0.7695 -0.4515 -0.4516
vn -0.6499 0.7600 -0.0000
vn -0.6499 -0.0000 -0.7601
vn 0.6499 -0.0000 -0.7601
vn -0.7696 -0.4515 -0.4515
vn -0.4515 0.7695 0.4516
vn -0.4515 -0.7696 0.4515
vn 0.4516 -0.7695 -0.4516
vn -0.0000 -0.6498 -0.7601
vn -0.0000 0.6498 0.7601
vn 0.7601 0.6498 -0.0000
vn 0.7601 -0.6498 -0.0000
vn -0.7601 -0.6498 -0.0000
vn -0.0000 -0.6498 0.7601
vn -0.7601 0.6498 -0.0000
vn -0.0000 0.6498 -0.7601
vn 0.4515 0.7696 -0.4515
vn 0.4516 -0.7695 0.4515
vn 0.4516 0.7695 0.4516
vn -0.4515 0.7696 -0.4515
vn -0.4515 -0.7696 -0.4515
vn -0.4077 -0.8170 0.4077
vn 0.4077 -0.8170 0.4077
vn 0.4078 0.8170 0.4077
vn -0.4077 0.8170 0.4078
vn -0.4077 -0.8170 -0.4077
vn -0.4077 0.8170 -0.4078
vn 0.4077 -0.8170 -0.4077
vn 0.4077 0.8170 -0.4077
vn -0.4077 0.8170 0.4077
vn -0.4077 0.8170 -0.4077
vn 0.4077 0.8170 -0.4078
vn 0.4077 0.8170 0.4078
vn -0.4078 0.8170 -0.4078
vn 0.4077 0.8170 0.4077
vt 0.978635 0.815361
vt 0.809362 0.815361
vt 0.809362 0.798010
vt 0.978635 0.798010
vt 0.978635 0.833908
vt 0.809362 0.833908
vt 0.809362 0.816558
vt 0.978635 0.816558
vt 0.770343 0.670632
vt 0.771189 0.669786
vt 0.788539 0.669786
vt 0.789386 0.670632
vt 0.978635 0.796813
vt 0.809362 0.796813
vt 0.809362 0.779463
vt 0.978635 0.779463
vt 0.978635 0.852455
vt 0.809362 0.852455
vt 0.809362 0.835105
vt 0.978635 0.835105
vt 0.978635 0.853652
vt 0.809362 0.853652
vt 0.356798 0.591595
vt 0.355951 0.590749
vt 0.355951 0.573398
vt 0.356798 0.572552
vt 0.374995 0.590749
vt 0.374148 0.591595
vt 0.374148 0.572552
vt 0.374995 0.573398
vt 0.771189 0.688829
vt 0.770343 0.687983
vt 0.789386 0.687983
vt 0.788539 0.688829
vt 0.173755 0.003984
vt 0.173755 0.036992
vt 0.173156 0.036394
vt 0.173156 0.004582
vt 0.376361 0.605148
vt 0.376109 0.573840
vt 0.379356 0.574466
vt 0.379718 0.604639
vt 0.562585 0.606548
vt 0.558531 0.605904
vt 0.559222 0.604666
vt 0.562500 0.605234
vt 0.380467 0.605809
vt 0.376319 0.606548
vt 0.173579 0.037591
vt 0.341159 0.037591
vt 0.341159 0.040976
vt 0.173579 0.040976
vt 0.173579 0.003386
vt 0.173579 0.000000
vt 0.341159 0.000000
vt 0.341159 0.003386
vt 0.380881 0.605127
vt 0.380305 0.604456
vt 0.379933 0.574620
vt 0.380503 0.573912
vt 0.562124 0.574307
vt 0.558808 0.574872
vt 0.558068 0.573719
vt 0.562138 0.572910
vt 0.380069 0.573231
vt 0.375450 0.573844
vt 0.375342 0.572837
vt 0.376032 0.572552
vt 0.375589 0.606232
vt 0.375723 0.605160
vt 0.563144 0.605219
vt 0.563322 0.606236
vt 0.558093 0.605217
vt 0.558651 0.604478
vt 0.558229 0.575091
vt 0.557661 0.574400
vt 0.562920 0.573231
vt 0.562748 0.574300
vt 0.340984 0.036992
vt 0.340984 0.003984
vt 0.341582 0.036394
vt 0.341582 0.004582
vt 0.004981 0.003984
vt 0.004981 0.036992
vt 0.004382 0.036394
vt 0.004382 0.004582
vt 0.565820 0.639213
vt 0.565574 0.608238
vt 0.568790 0.608856
vt 0.569132 0.638709
vt 0.751591 0.640696
vt 0.747516 0.640107
vt 0.748245 0.638846
vt 0.751507 0.639441
vt 0.569870 0.639857
vt 0.565780 0.640595
vt 0.004805 0.037591
vt 0.172385 0.037591
vt 0.172385 0.040976
vt 0.004805 0.040976
vt 0.004805 0.003386
vt 0.004805 0.000000
vt 0.172385 0.000000
vt 0.172385 0.003386
vt 0.570278 0.639192
vt 0.569710 0.638529
vt 0.569362 0.609009
vt 0.569927 0.608308
vt 0.751397 0.608076
vt 0.748003 0.608622
vt 0.747273 0.607460
vt 0.751427 0.606610
vt 0.569495 0.607631
vt 0.564922 0.608242
vt 0.564815 0.607245
vt 0.565498 0.606963
vt 0.565058 0.640283
vt 0.565189 0.639224
vt 0.752124 0.639436
vt 0.752250 0.640405
vt 0.747066 0.639407
vt 0.747644 0.638685
vt 0.747437 0.608835
vt 0.746868 0.608142
vt 0.752250 0.606945
vt 0.752074 0.608072
vt 0.172210 0.036992
vt 0.172210 0.003984
vt 0.172809 0.036394
vt 0.172809 0.004582
vt 0.395494 0.872544
vt 0.395494 0.905553
vt 0.394896 0.904954
vt 0.394896 0.873143
vt 0.792158 0.651000
vt 0.792099 0.620172
vt 0.795295 0.620801
vt 0.795483 0.650504
vt 0.977969 0.653032
vt 0.973906 0.652435
vt 0.974621 0.651183
vt 0.977887 0.651777
vt 0.796206 0.651654
vt 0.792124 0.652396
vt 0.395319 0.906151
vt 0.562899 0.906151
vt 0.562899 0.909536
vt 0.395319 0.909536
vt 0.395319 0.871946
vt 0.395319 0.868560
vt 0.562899 0.868560
vt 0.562899 0.871946
vt 0.796617 0.650986
vt 0.796058 0.650292
vt 0.795863 0.620957
vt 0.796429 0.620261
vt 0.977825 0.620251
vt 0.974431 0.620798
vt 0.973674 0.619621
vt 0.977867 0.618798
vt 0.796002 0.619585
vt 0.791450 0.620173
vt 0.791349 0.619181
vt 0.792029 0.618903
vt 0.791349 0.652064
vt 0.791535 0.650999
vt 0.978506 0.651773
vt 0.978630 0.652743
vt 0.973464 0.651738
vt 0.974042 0.651026
vt 0.973837 0.620980
vt 0.973259 0.620304
vt 0.978635 0.619116
vt 0.978514 0.620238
vt 0.562724 0.905553
vt 0.562724 0.872544
vt 0.563322 0.904954
vt 0.563322 0.873143
vt 0.013061 0.252955
vt 0.013061 0.285963
vt 0.012463 0.285364
vt 0.012463 0.253553
vt 0.791982 0.616965
vt 0.791580 0.586149
vt 0.794787 0.586740
vt 0.795277 0.616449
vt 0.977975 0.618451
vt 0.973893 0.617861
vt 0.974624 0.616598
vt 0.977890 0.617194
vt 0.796017 0.617589
vt 0.791949 0.618341
vt 0.012886 0.286561
vt 0.180466 0.286561
vt 0.180466 0.289947
vt 0.012886 0.289947
vt 0.012886 0.252356
vt 0.012886 0.248971
vt 0.180466 0.248971
vt 0.180466 0.252356
vt 0.796421 0.616925
vt 0.795852 0.616267
vt 0.795356 0.586928
vt 0.795910 0.586196
vt 0.977780 0.585783
vt 0.974381 0.586330
vt 0.973649 0.585166
vt 0.977810 0.584315
vt 0.795476 0.585514
vt 0.790931 0.586157
vt 0.790817 0.585166
vt 0.791495 0.584881
vt 0.791229 0.618034
vt 0.791355 0.616980
vt 0.978508 0.617189
vt 0.978635 0.618160
vt 0.973443 0.617160
vt 0.974022 0.616437
vt 0.973813 0.586544
vt 0.973244 0.585850
vt 0.978635 0.584650
vt 0.978458 0.585779
vt 0.180290 0.285963
vt 0.180290 0.252955
vt 0.180889 0.285364
vt 0.180889 0.253553
vt 0.207799 0.685417
vt 0.207799 0.718425
vt 0.207200 0.717827
vt 0.207200 0.686015
vt 0.375713 0.399816
vt 0.375403 0.368993
vt 0.378609 0.369594
vt 0.379009 0.399309
vt 0.561874 0.401882
vt 0.557715 0.401203
vt 0.558451 0.399929
vt 0.561794 0.400538
vt 0.379746 0.400452
vt 0.375675 0.401192
vt 0.207623 0.719024
vt 0.375203 0.719024
vt 0.375203 0.722409
vt 0.207623 0.722409
vt 0.207623 0.684819
vt 0.207623 0.681433
vt 0.375203 0.681433
vt 0.375203 0.684819
vt 0.380152 0.399789
vt 0.379586 0.399129
vt 0.379178 0.369783
vt 0.379734 0.369053
vt 0.561514 0.369134
vt 0.558164 0.369684
vt 0.557437 0.368528
vt 0.561533 0.367724
vt 0.379302 0.368369
vt 0.374754 0.368999
vt 0.374644 0.368007
vt 0.375322 0.367724
vt 0.374956 0.400883
vt 0.375085 0.399829
vt 0.562450 0.400526
vt 0.562629 0.401565
vt 0.557264 0.400497
vt 0.557846 0.399768
vt 0.557600 0.369898
vt 0.557031 0.369209
vt 0.562322 0.368050
vt 0.562146 0.369129
vt 0.375028 0.718425
vt 0.375028 0.685417
vt 0.375627 0.717827
vt 0.375627 0.686015
vt 0.751652 0.968590
vt 0.751652 0.952509
vt 0.752250 0.953107
vt 0.752250 0.967991
vt 0.377515 0.747555
vt 0.377631 0.732335
vt 0.380814 0.732981
vt 0.380929 0.747109
vt 0.562572 0.749022
vt 0.558450 0.748425
vt 0.559147 0.747166
vt 0.562464 0.747679
vt 0.381667 0.748288
vt 0.377440 0.749022
vt 0.751827 0.951910
vt 0.584247 0.951911
vt 0.584247 0.948525
vt 0.751827 0.948525
vt 0.751827 0.969188
vt 0.751827 0.972574
vt 0.584247 0.972574
vt 0.584247 0.969188
vt 0.382084 0.747608
vt 0.381513 0.746932
vt 0.381383 0.733136
vt 0.381951 0.732441
vt 0.562126 0.732607
vt 0.558851 0.733171
vt 0.558123 0.732040
vt 0.562147 0.731224
vt 0.381524 0.731767
vt 0.377005 0.732332
vt 0.376903 0.731361
vt 0.377569 0.731089
vt 0.376669 0.748687
vt 0.376811 0.747555
vt 0.563128 0.747655
vt 0.563322 0.748694
vt 0.557999 0.747735
vt 0.558556 0.746979
vt 0.558298 0.733349
vt 0.557730 0.732706
vt 0.562878 0.731521
vt 0.562770 0.732587
vt 0.584423 0.952509
vt 0.584423 0.968590
vt 0.583824 0.953108
vt 0.583824 0.967991
vt 0.376045 0.995615
vt 0.376045 0.979534
vt 0.376644 0.980133
vt 0.376644 0.995017
vt 0.751342 0.748108
vt 0.751423 0.763296
vt 0.748159 0.762662
vt 0.747983 0.748562
vt 0.566421 0.746697
vt 0.570480 0.747262
vt 0.569783 0.748510
vt 0.566514 0.747983
vt 0.747246 0.747394
vt 0.751404 0.746697
vt 0.376220 0.978936
vt 0.208640 0.978936
vt 0.208640 0.975550
vt 0.376220 0.975550
vt 0.376220 0.996214
vt 0.376220 0.999599
vt 0.208640 0.999599
vt 0.208640 0.996214
vt 0.746832 0.748072
vt 0.747403 0.748741
vt 0.747587 0.762510
vt 0.747019 0.763213
vt 0.566709 0.763076
vt 0.570031 0.762522
vt 0.570761 0.763663
vt 0.566675 0.764513
vt 0.747449 0.763890
vt 0.752087 0.763289
vt 0.752250 0.764330
vt 0.751492 0.764633
vt 0.752139 0.747022
vt 0.751995 0.748103
vt 0.565897 0.748002
vt 0.565708 0.747014
vt 0.570929 0.747949
vt 0.570371 0.748699
vt 0.570588 0.762345
vt 0.571156 0.762994
vt 0.565909 0.764208
vt 0.566014 0.763094
vt 0.208816 0.979534
vt 0.208816 0.995615
vt 0.208217 0.980133
vt 0.208217 0.995017
vt 0.208816 0.789844
vt 0.208816 0.822852
vt 0.208217 0.822253
vt 0.208217 0.790442
vt 0.352941 0.479558
vt 0.352773 0.448729
vt 0.356007 0.449366
vt 0.356240 0.479080
vt 0.539063 0.481583
vt 0.534962 0.480944
vt 0.535698 0.479680
vt 0.538992 0.480295
vt 0.356962 0.480229
vt 0.352893 0.480932
vt 0.208640 0.823450
vt 0.376220 0.823450
vt 0.376220 0.826836
vt 0.208640 0.826836
vt 0.208640 0.789245
vt 0.208640 0.785860
vt 0.376220 0.785860
vt 0.376220 0.789245
vt 0.357374 0.479562
vt 0.356815 0.478868
vt 0.356576 0.449521
vt 0.357144 0.448822
vt 0.538883 0.448889
vt 0.535486 0.449431
vt 0.534757 0.448267
vt 0.538915 0.447423
vt 0.356715 0.448143
vt 0.352132 0.448736
vt 0.351969 0.447722
vt 0.352708 0.447423
vt 0.352177 0.480618
vt 0.352313 0.479567
vt 0.539603 0.480285
vt 0.539779 0.481274
vt 0.534514 0.480240
vt 0.535095 0.479517
vt 0.534919 0.449644
vt 0.534350 0.448950
vt 0.539738 0.447758
vt 0.539560 0.448886
vt 0.376045 0.822852
vt 0.376045 0.789843
vt 0.376644 0.822253
vt 0.376644 0.790442
vt 0.584423 0.828538
vt 0.584423 0.861546
vt 0.583824 0.860948
vt 0.583824 0.829137
vt 0.342802 0.158267
vt 0.342759 0.127412
vt 0.345918 0.128035
vt 0.346145 0.157783
vt 0.528824 0.159691
vt 0.524779 0.159096
vt 0.525492 0.157848
vt 0.528743 0.158441
vt 0.346872 0.158939
vt 0.342747 0.159691
vt 0.584247 0.862145
vt 0.751827 0.862145
vt 0.751827 0.865530
vt 0.584247 0.865530
vt 0.584247 0.827940
vt 0.584247 0.824554
vt 0.751827 0.824554
vt 0.751827 0.827940
vt 0.347284 0.158268
vt 0.346722 0.157571
vt 0.346485 0.128190
vt 0.347049 0.127497
vt 0.528752 0.127040
vt 0.525338 0.127590
vt 0.524590 0.126412
vt 0.528785 0.125565
vt 0.346621 0.126822
vt 0.342155 0.127413
vt 0.342043 0.126466
vt 0.342690 0.126191
vt 0.341998 0.159372
vt 0.342128 0.158275
vt 0.529359 0.158438
vt 0.529481 0.159404
vt 0.524338 0.158400
vt 0.524915 0.157691
vt 0.524748 0.127808
vt 0.524176 0.127101
vt 0.529613 0.125904
vt 0.529431 0.127038
vt 0.751652 0.861546
vt 0.751652 0.828538
vt 0.752250 0.860948
vt 0.752250 0.829137
vt 0.040042 0.872491
vt 0.040042 0.905499
vt 0.039443 0.904900
vt 0.039443 0.873089
vt 0.352948 0.514227
vt 0.352735 0.483208
vt 0.355955 0.483831
vt 0.356265 0.513726
vt 0.539092 0.515856
vt 0.535018 0.515248
vt 0.535718 0.513993
vt 0.539000 0.514563
vt 0.357004 0.514876
vt 0.352906 0.515611
vt 0.039866 0.906097
vt 0.207446 0.906097
vt 0.207446 0.909483
vt 0.039867 0.909483
vt 0.039866 0.871892
vt 0.039867 0.868507
vt 0.207446 0.868507
vt 0.207446 0.871892
vt 0.357412 0.514211
vt 0.356845 0.513546
vt 0.356527 0.483985
vt 0.357094 0.483283
vt 0.538752 0.483342
vt 0.535404 0.483904
vt 0.534660 0.482741
vt 0.538769 0.481931
vt 0.356662 0.482605
vt 0.352082 0.483212
vt 0.351976 0.482213
vt 0.352660 0.481931
vt 0.352183 0.515298
vt 0.352316 0.514238
vt 0.539659 0.514555
vt 0.539779 0.515562
vt 0.534574 0.514545
vt 0.535141 0.513801
vt 0.534820 0.484124
vt 0.534249 0.483426
vt 0.539558 0.482257
vt 0.539382 0.483337
vt 0.207271 0.905499
vt 0.207271 0.872491
vt 0.207870 0.904900
vt 0.207870 0.873089
vt 0.013159 0.320504
vt 0.013159 0.353512
vt 0.012560 0.352914
vt 0.012560 0.321103
vt 0.351811 0.280236
vt 0.351615 0.249219
vt 0.354835 0.249843
vt 0.355128 0.279736
vt 0.537941 0.281837
vt 0.533877 0.281280
vt 0.534592 0.280016
vt 0.537849 0.280587
vt 0.355866 0.280887
vt 0.351768 0.281620
vt 0.012983 0.354111
vt 0.180563 0.354111
vt 0.180563 0.357496
vt 0.012983 0.357496
vt 0.012983 0.319906
vt 0.012983 0.316520
vt 0.180563 0.316520
vt 0.180563 0.319906
vt 0.356275 0.280222
vt 0.355708 0.279557
vt 0.355406 0.249997
vt 0.355974 0.249296
vt 0.537561 0.249371
vt 0.534213 0.249910
vt 0.533486 0.248756
vt 0.537598 0.247942
vt 0.355543 0.248617
vt 0.350962 0.249222
vt 0.350857 0.248223
vt 0.351541 0.247942
vt 0.351046 0.281306
vt 0.351179 0.280246
vt 0.538462 0.280579
vt 0.538595 0.281543
vt 0.533426 0.280574
vt 0.533993 0.279819
vt 0.533651 0.250125
vt 0.533082 0.249437
vt 0.538356 0.248251
vt 0.538242 0.249356
vt 0.180388 0.353512
vt 0.180388 0.320504
vt 0.180987 0.352914
vt 0.180987 0.321103
vt 0.584423 0.787215
vt 0.584423 0.820223
vt 0.583824 0.819624
vt 0.583824 0.787813
vt 0.376139 0.570811
vt 0.375723 0.539660
vt 0.378961 0.540259
vt 0.379478 0.570289
vt 0.562584 0.572204
vt 0.558524 0.571559
vt 0.559216 0.570319
vt 0.562499 0.570888
vt 0.380229 0.571451
vt 0.376103 0.572204
vt 0.584247 0.820821
vt 0.751827 0.820821
vt 0.751827 0.824207
vt 0.584247 0.824207
vt 0.584247 0.786616
vt 0.584247 0.783231
vt 0.751827 0.783231
vt 0.751827 0.786616
vt 0.380639 0.570769
vt 0.380062 0.570103
vt 0.379536 0.540448
vt 0.380095 0.539709
vt 0.562121 0.539916
vt 0.558799 0.540482
vt 0.558057 0.539327
vt 0.562134 0.538516
vt 0.379658 0.539022
vt 0.375067 0.539668
vt 0.374953 0.538667
vt 0.375638 0.538379
vt 0.375375 0.571893
vt 0.375504 0.570825
vt 0.563143 0.570873
vt 0.563322 0.571891
vt 0.558085 0.570872
vt 0.558644 0.570131
vt 0.558219 0.540702
vt 0.557650 0.540010
vt 0.562917 0.538838
vt 0.562746 0.539909
vt 0.751652 0.820223
vt 0.751652 0.787215
vt 0.752250 0.819624
vt 0.752250 0.787813
vt 0.751652 0.992986
vt 0.751652 0.976905
vt 0.752250 0.977504
vt 0.752250 0.992388
vt 0.977796 0.689638
vt 0.977748 0.704799
vt 0.974571 0.704176
vt 0.974396 0.690095
vt 0.792318 0.688176
vt 0.796422 0.688783
vt 0.795724 0.690037
vt 0.792420 0.689515
vt 0.973656 0.688922
vt 0.977866 0.688176
vt 0.751827 0.976307
vt 0.584247 0.976307
vt 0.584247 0.972921
vt 0.751827 0.972921
vt 0.751827 0.993585
vt 0.751827 0.996970
vt 0.584247 0.996970
vt 0.584247 0.993585
vt 0.973242 0.689603
vt 0.973814 0.690274
vt 0.974003 0.703986
vt 0.973446 0.704711
vt 0.792665 0.704551
vt 0.795964 0.703995
vt 0.796680 0.705132
vt 0.792649 0.705955
vt 0.973875 0.705391
vt 0.978372 0.704798
vt 0.978479 0.705764
vt 0.977818 0.706040
vt 0.978635 0.688507
vt 0.978498 0.689635
vt 0.791758 0.689535
vt 0.791569 0.688500
vt 0.796870 0.689473
vt 0.796312 0.690225
vt 0.796516 0.703784
vt 0.797076 0.704459
vt 0.791861 0.705636
vt 0.792028 0.704559
vt 0.584423 0.976905
vt 0.584423 0.992986
vt 0.583824 0.977504
vt 0.583824 0.992388
vt 0.978036 0.981108
vt 0.978036 0.965027
vt 0.978635 0.965626
vt 0.978635 0.980510
vt 0.191289 0.765856
vt 0.191145 0.750672
vt 0.194383 0.751299
vt 0.194634 0.765394
vt 0.375693 0.767260
vt 0.371674 0.766686
vt 0.372371 0.765456
vt 0.375605 0.766005
vt 0.195355 0.766547
vt 0.191234 0.767260
vt 0.978212 0.964429
vt 0.810632 0.964429
vt 0.810632 0.961043
vt 0.978212 0.961043
vt 0.978212 0.981707
vt 0.978212 0.985092
vt 0.810632 0.985092
vt 0.810632 0.981707
vt 0.195760 0.765876
vt 0.195191 0.765221
vt 0.194977 0.751454
vt 0.195545 0.750740
vt 0.375633 0.750836
vt 0.372276 0.751373
vt 0.371532 0.750211
vt 0.375680 0.749385
vt 0.195106 0.750060
vt 0.190469 0.750678
vt 0.190364 0.749655
vt 0.191065 0.749369
vt 0.190501 0.766940
vt 0.190637 0.765863
vt 0.376232 0.765999
vt 0.376355 0.766971
vt 0.371238 0.766009
vt 0.371805 0.765306
vt 0.371693 0.751553
vt 0.371124 0.750886
vt 0.376451 0.749702
vt 0.376333 0.750827
vt 0.810807 0.965027
vt 0.810807 0.981108
vt 0.810208 0.965626
vt 0.810208 0.980510
vt 0.978635 0.021685
vt 0.963324 0.036992
vt 0.757971 0.036992
vt 0.742661 0.021685
vt 0.764333 0.285259
vt 0.756300 0.269258
vt 0.974865 0.267913
vt 0.966845 0.285167
vt 0.963324 0.003984
vt 0.978635 0.019291
vt 0.742661 0.019291
vt 0.757971 0.003984
vt 0.970218 0.247949
vt 0.978065 0.265992
vt 0.975340 0.266062
vt 0.967058 0.249454
vt 0.757881 0.037591
vt 0.963414 0.037591
vt 0.963414 0.040976
vt 0.757881 0.040976
vt 0.753037 0.267391
vt 0.760606 0.247941
vt 0.763973 0.249516
vt 0.755697 0.267429
vt 0.760901 0.287340
vt 0.753054 0.269297
vt 0.755779 0.269227
vt 0.764061 0.285835
vt 0.978082 0.267898
vt 0.970514 0.287347
vt 0.967146 0.285773
vt 0.975422 0.267860
vt 0.756254 0.267376
vt 0.974819 0.266031
vt 0.963414 0.003385
vt 0.757881 0.003385
vt 0.757881 0.000000
vt 0.963414 0.000000
vt 0.966786 0.250030
vt 0.764275 0.250122
vt 0.752580 0.269567
vt 0.752484 0.267137
vt 0.978539 0.265721
vt 0.978635 0.268152
vt 0.971090 0.287333
vt 0.970761 0.247942
vt 0.760358 0.287347
vt 0.760030 0.247956
vt 0.395494 0.789897
vt 0.395494 0.822905
vt 0.394896 0.822307
vt 0.394896 0.790496
vt 0.793043 0.685737
vt 0.792772 0.654658
vt 0.795996 0.655277
vt 0.796374 0.685230
vt 0.977868 0.687828
vt 0.973646 0.687054
vt 0.974393 0.685879
vt 0.977810 0.686371
vt 0.797118 0.686390
vt 0.793002 0.687126
vt 0.395319 0.823504
vt 0.562899 0.823504
vt 0.562899 0.826889
vt 0.395319 0.826889
vt 0.395319 0.789299
vt 0.395319 0.785913
vt 0.562899 0.785913
vt 0.562899 0.789299
vt 0.797529 0.685714
vt 0.796957 0.685048
vt 0.796569 0.655430
vt 0.797135 0.654727
vt 0.977607 0.654798
vt 0.974237 0.655358
vt 0.973506 0.654199
vt 0.977624 0.653380
vt 0.796703 0.654050
vt 0.792118 0.654663
vt 0.792011 0.653663
vt 0.792695 0.653380
vt 0.792277 0.686812
vt 0.792410 0.685748
vt 0.978500 0.686377
vt 0.978635 0.687500
vt 0.973229 0.686385
vt 0.973800 0.685704
vt 0.973668 0.655572
vt 0.973099 0.654878
vt 0.978418 0.653707
vt 0.978243 0.654793
vt 0.562724 0.822905
vt 0.562724 0.789897
vt 0.563322 0.822307
vt 0.563322 0.790496
vt 0.208816 0.831167
vt 0.208816 0.864175
vt 0.208217 0.863577
vt 0.208217 0.831766
vt 0.791154 0.548398
vt 0.790848 0.517260
vt 0.794116 0.517890
vt 0.794481 0.547890
vt 0.977925 0.549787
vt 0.973892 0.549167
vt 0.974617 0.547919
vt 0.977855 0.548521
vt 0.795224 0.549044
vt 0.791115 0.549787
vt 0.208640 0.864774
vt 0.376220 0.864774
vt 0.376220 0.868159
vt 0.208640 0.868159
vt 0.208640 0.830569
vt 0.208640 0.827183
vt 0.376220 0.827183
vt 0.376220 0.830569
vt 0.795633 0.548375
vt 0.795063 0.547709
vt 0.794692 0.518044
vt 0.795262 0.517337
vt 0.977830 0.517653
vt 0.974587 0.518281
vt 0.973882 0.517047
vt 0.977897 0.516344
vt 0.794828 0.516653
vt 0.790201 0.517269
vt 0.790033 0.516245
vt 0.790778 0.515940
vt 0.790389 0.549474
vt 0.790520 0.548410
vt 0.978455 0.548511
vt 0.978629 0.549483
vt 0.973450 0.548467
vt 0.974025 0.547758
vt 0.974016 0.518478
vt 0.973450 0.517746
vt 0.978635 0.516645
vt 0.978472 0.517659
vt 0.376045 0.864175
vt 0.376045 0.831167
vt 0.376644 0.863577
vt 0.376644 0.831766
vt 0.022116 0.735072
vt 0.022116 0.768081
vt 0.021517 0.767482
vt 0.021517 0.735671
vt 0.791080 0.514193
vt 0.790586 0.482910
vt 0.793841 0.483503
vt 0.794432 0.513660
vt 0.977992 0.514992
vt 0.974020 0.514423
vt 0.974732 0.513194
vt 0.977909 0.513768
vt 0.795189 0.514825
vt 0.791048 0.515592
vt 0.021940 0.768679
vt 0.189520 0.768679
vt 0.189520 0.772065
vt 0.021940 0.772065
vt 0.021941 0.734474
vt 0.021940 0.731089
vt 0.189521 0.731089
vt 0.189521 0.734474
vt 0.795599 0.514140
vt 0.795018 0.513473
vt 0.794419 0.483692
vt 0.794978 0.482949
vt 0.977838 0.483141
vt 0.974615 0.483773
vt 0.973911 0.482546
vt 0.977901 0.481842
vt 0.794538 0.482259
vt 0.789928 0.482919
vt 0.789811 0.481914
vt 0.790498 0.481623
vt 0.790316 0.515281
vt 0.790442 0.514209
vt 0.978511 0.513763
vt 0.978635 0.514708
vt 0.973581 0.513740
vt 0.974146 0.513036
vt 0.974049 0.483970
vt 0.973483 0.483245
vt 0.978635 0.482139
vt 0.978474 0.483146
vt 0.189345 0.768081
vt 0.189345 0.735072
vt 0.189944 0.767482
vt 0.189944 0.735671
vt 0.039025 0.685417
vt 0.039025 0.718425
vt 0.038426 0.717827
vt 0.038426 0.686016
vt 0.566679 0.708407
vt 0.566562 0.676961
vt 0.569927 0.677489
vt 0.570042 0.707898
vt 0.751595 0.709810
vt 0.747542 0.709226
vt 0.748268 0.707971
vt 0.751511 0.708562
vt 0.570787 0.709060
vt 0.566637 0.709810
vt 0.038850 0.719024
vt 0.206430 0.719024
vt 0.206430 0.722409
vt 0.038850 0.722409
vt 0.038850 0.684819
vt 0.038850 0.681433
vt 0.206429 0.681433
vt 0.206429 0.684819
vt 0.571201 0.708394
vt 0.570630 0.707719
vt 0.570495 0.677661
vt 0.571061 0.676998
vt 0.751394 0.677378
vt 0.748021 0.677920
vt 0.747296 0.676766
vt 0.751424 0.675921
vt 0.570657 0.676337
vt 0.565876 0.676951
vt 0.565755 0.675838
vt 0.566517 0.675522
vt 0.565904 0.709493
vt 0.566038 0.708417
vt 0.752124 0.708557
vt 0.752250 0.709521
vt 0.747095 0.708529
vt 0.747670 0.707811
vt 0.747458 0.678132
vt 0.746892 0.677443
vt 0.752243 0.676253
vt 0.752067 0.677374
vt 0.206254 0.718425
vt 0.206254 0.685417
vt 0.206853 0.717827
vt 0.206853 0.686016
vt 0.038178 0.610880
vt 0.038178 0.643888
vt 0.037580 0.643290
vt 0.037580 0.611478
vt 0.566447 0.673794
vt 0.566171 0.642490
vt 0.569566 0.642973
vt 0.569753 0.673254
vt 0.751374 0.675175
vt 0.747390 0.674530
vt 0.748106 0.673300
vt 0.751307 0.673938
vt 0.570473 0.674393
vt 0.566418 0.675175
vt 0.038003 0.644487
vt 0.205583 0.644487
vt 0.205583 0.647872
vt 0.038003 0.647872
vt 0.038003 0.610281
vt 0.038003 0.606896
vt 0.205583 0.606896
vt 0.205583 0.610281
vt 0.570876 0.673730
vt 0.570314 0.673043
vt 0.570156 0.643147
vt 0.570723 0.642470
vt 0.751382 0.642686
vt 0.747961 0.643186
vt 0.747222 0.642008
vt 0.751429 0.641214
vt 0.570307 0.641802
vt 0.565487 0.642486
vt 0.565350 0.641371
vt 0.566111 0.641043
vt 0.565692 0.674870
vt 0.565811 0.673809
vt 0.751918 0.673939
vt 0.752029 0.674898
vt 0.746957 0.673840
vt 0.747531 0.673140
vt 0.747374 0.643401
vt 0.746805 0.642693
vt 0.752250 0.641560
vt 0.752059 0.642689
vt 0.205408 0.643888
vt 0.205408 0.610880
vt 0.206006 0.643290
vt 0.206006 0.611478
vt 0.000598 0.411626
vt 0.000599 0.427707
vt 0.000000 0.427108
vt 0.000000 0.412224
vt 0.538888 0.517686
vt 0.538801 0.532777
vt 0.535611 0.532143
vt 0.535472 0.518135
vt 0.353157 0.516203
vt 0.357267 0.516811
vt 0.356571 0.518070
vt 0.353258 0.517544
vt 0.534745 0.516961
vt 0.538954 0.516203
vt 0.000423 0.428305
vt 0.168003 0.428305
vt 0.168003 0.431690
vt 0.000423 0.431690
vt 0.000423 0.411027
vt 0.000423 0.407642
vt 0.168003 0.407642
vt 0.168003 0.411027
vt 0.534330 0.517646
vt 0.534895 0.518348
vt 0.535046 0.531952
vt 0.534488 0.532675
vt 0.353457 0.532607
vt 0.356759 0.532054
vt 0.357479 0.533190
vt 0.353439 0.534012
vt 0.534915 0.533355
vt 0.539413 0.532773
vt 0.539571 0.533752
vt 0.538859 0.534044
vt 0.539779 0.516557
vt 0.539578 0.517695
vt 0.352595 0.517564
vt 0.352407 0.516527
vt 0.357716 0.517502
vt 0.357160 0.518257
vt 0.357311 0.531842
vt 0.357875 0.532515
vt 0.352650 0.533692
vt 0.352819 0.532613
vt 0.167828 0.427707
vt 0.167828 0.411626
vt 0.168426 0.427108
vt 0.168426 0.412224
vt 0.171432 0.170026
vt 0.171432 0.153945
vt 0.172030 0.154544
vt 0.172030 0.169428
vt 0.977685 0.707790
vt 0.977848 0.722987
vt 0.974590 0.722373
vt 0.974336 0.708245
vt 0.792604 0.706387
vt 0.796605 0.707009
vt 0.795910 0.708230
vt 0.792675 0.707662
vt 0.973624 0.707089
vt 0.977742 0.706387
vt 0.171607 0.153347
vt 0.004027 0.153347
vt 0.004027 0.149962
vt 0.171607 0.149962
vt 0.171607 0.170625
vt 0.171607 0.174010
vt 0.004027 0.174010
vt 0.004027 0.170625
vt 0.973216 0.707767
vt 0.973780 0.708454
vt 0.973994 0.722177
vt 0.973429 0.722925
vt 0.792576 0.722662
vt 0.795887 0.722159
vt 0.796609 0.723305
vt 0.792521 0.724093
vt 0.973872 0.723628
vt 0.978524 0.722980
vt 0.978635 0.724004
vt 0.977933 0.724295
vt 0.978474 0.706707
vt 0.978337 0.707782
vt 0.792063 0.707669
vt 0.791893 0.706689
vt 0.797036 0.707684
vt 0.796472 0.708383
vt 0.796459 0.721950
vt 0.797015 0.722639
vt 0.791762 0.723776
vt 0.791885 0.722667
vt 0.004203 0.153945
vt 0.004203 0.170026
vt 0.003604 0.154544
vt 0.003604 0.169428
vt 0.040042 0.913814
vt 0.040042 0.946823
vt 0.039443 0.946224
vt 0.039443 0.914413
vt 0.554313 0.213847
vt 0.553947 0.182995
vt 0.557191 0.183550
vt 0.557591 0.213302
vt 0.741573 0.215259
vt 0.737503 0.214592
vt 0.738214 0.213346
vt 0.741496 0.213940
vt 0.558325 0.214444
vt 0.554285 0.215218
vt 0.039867 0.947421
vt 0.207446 0.947421
vt 0.207447 0.950806
vt 0.039867 0.950806
vt 0.039867 0.913216
vt 0.039867 0.909830
vt 0.207447 0.909830
vt 0.207446 0.913216
vt 0.558730 0.213773
vt 0.558166 0.213085
vt 0.557761 0.183738
vt 0.558319 0.183001
vt 0.741419 0.182981
vt 0.738200 0.183622
vt 0.737477 0.182378
vt 0.741480 0.181718
vt 0.557879 0.182312
vt 0.553296 0.183005
vt 0.553175 0.182010
vt 0.553853 0.181718
vt 0.553566 0.214915
vt 0.553686 0.213863
vt 0.742141 0.213930
vt 0.742313 0.214950
vt 0.737067 0.213894
vt 0.737643 0.213190
vt 0.737608 0.183825
vt 0.737038 0.183083
vt 0.742186 0.182016
vt 0.742019 0.182987
vt 0.207271 0.946823
vt 0.207271 0.913814
vt 0.207870 0.946224
vt 0.207870 0.914413
vt 0.014611 0.520187
vt 0.014611 0.553195
vt 0.014013 0.552597
vt 0.014013 0.520786
vt 0.343139 0.066604
vt 0.342805 0.035628
vt 0.346065 0.036208
vt 0.346433 0.066042
vt 0.528856 0.068432
vt 0.524766 0.067783
vt 0.525484 0.066531
vt 0.528774 0.067132
vt 0.347160 0.067170
vt 0.343128 0.067995
vt 0.014436 0.553794
vt 0.182016 0.553794
vt 0.182016 0.557179
vt 0.014436 0.557179
vt 0.014436 0.519589
vt 0.014436 0.516203
vt 0.182016 0.516203
vt 0.182016 0.519589
vt 0.347554 0.066514
vt 0.346990 0.065866
vt 0.346660 0.036363
vt 0.347229 0.035644
vt 0.528735 0.035757
vt 0.525368 0.036302
vt 0.524626 0.035130
vt 0.528760 0.034340
vt 0.346783 0.034959
vt 0.342151 0.035636
vt 0.342031 0.034633
vt 0.342715 0.034340
vt 0.342348 0.067678
vt 0.342515 0.066612
vt 0.529436 0.067129
vt 0.529549 0.068142
vt 0.524326 0.067085
vt 0.524906 0.066373
vt 0.524780 0.036519
vt 0.524212 0.035815
vt 0.529551 0.034673
vt 0.529368 0.035756
vt 0.181841 0.553195
vt 0.181841 0.520187
vt 0.182439 0.552597
vt 0.182439 0.520786
vt 0.040042 0.831167
vt 0.040042 0.864175
vt 0.039443 0.863577
vt 0.039443 0.831766
vt 0.339396 0.439883
vt 0.339163 0.408923
vt 0.342410 0.409502
vt 0.342682 0.439339
vt 0.525168 0.441736
vt 0.521077 0.441090
vt 0.521793 0.439838
vt 0.525085 0.440436
vt 0.343423 0.440481
vt 0.339366 0.441259
vt 0.039866 0.864774
vt 0.207446 0.864774
vt 0.207446 0.868159
vt 0.039866 0.868159
vt 0.039866 0.830569
vt 0.039866 0.827183
vt 0.207446 0.827183
vt 0.207446 0.830569
vt 0.343827 0.439819
vt 0.343261 0.439159
vt 0.342980 0.409654
vt 0.343547 0.408949
vt 0.525020 0.409059
vt 0.521654 0.409606
vt 0.520912 0.408436
vt 0.525045 0.407642
vt 0.343111 0.408269
vt 0.338510 0.408930
vt 0.338394 0.407930
vt 0.339077 0.407642
vt 0.338644 0.440953
vt 0.338766 0.439897
vt 0.525747 0.440433
vt 0.525861 0.441446
vt 0.520636 0.440392
vt 0.521215 0.439681
vt 0.521067 0.409824
vt 0.520498 0.409121
vt 0.525836 0.407974
vt 0.525654 0.409058
vt 0.207271 0.864175
vt 0.207271 0.831167
vt 0.207870 0.863577
vt 0.207870 0.831766
vt 0.208816 0.913814
vt 0.208816 0.946822
vt 0.208217 0.946224
vt 0.208217 0.914413
vt 0.351929 0.314773
vt 0.351678 0.283472
vt 0.354924 0.284098
vt 0.355285 0.314264
vt 0.537949 0.316173
vt 0.533973 0.315606
vt 0.534661 0.314379
vt 0.537864 0.314944
vt 0.356034 0.315434
vt 0.351887 0.316173
vt 0.208640 0.947421
vt 0.376220 0.947421
vt 0.376220 0.950806
vt 0.208640 0.950806
vt 0.208640 0.913216
vt 0.208640 0.909830
vt 0.376220 0.909830
vt 0.376220 0.913216
vt 0.356448 0.314752
vt 0.355872 0.314082
vt 0.355501 0.284252
vt 0.356071 0.283545
vt 0.537701 0.284004
vt 0.534362 0.284540
vt 0.533624 0.283378
vt 0.537742 0.282578
vt 0.355637 0.282863
vt 0.351019 0.283476
vt 0.350911 0.282469
vt 0.351601 0.282184
vt 0.351157 0.315856
vt 0.351291 0.314784
vt 0.538470 0.314937
vt 0.538595 0.315888
vt 0.533535 0.314922
vt 0.534093 0.314189
vt 0.533781 0.284757
vt 0.533214 0.284061
vt 0.538495 0.282891
vt 0.538376 0.283991
vt 0.376045 0.946822
vt 0.376045 0.913814
vt 0.376644 0.946224
vt 0.376644 0.914413
vt 0.014611 0.561511
vt 0.014611 0.594519
vt 0.014013 0.593920
vt 0.014013 0.562109
vt 0.343061 0.122926
vt 0.342739 0.092137
vt 0.345944 0.092698
vt 0.346354 0.122381
vt 0.528857 0.125218
vt 0.524756 0.124481
vt 0.525483 0.123229
vt 0.528791 0.123880
vt 0.347078 0.123508
vt 0.343031 0.124335
vt 0.014436 0.595117
vt 0.182016 0.595117
vt 0.182016 0.598503
vt 0.014436 0.598503
vt 0.014436 0.560912
vt 0.014436 0.557527
vt 0.182016 0.557527
vt 0.182016 0.560912
vt 0.347473 0.122852
vt 0.346908 0.122205
vt 0.346533 0.092890
vt 0.347090 0.092146
vt 0.528657 0.092338
vt 0.525254 0.092859
vt 0.524502 0.091681
vt 0.528688 0.090907
vt 0.346646 0.091458
vt 0.342133 0.092146
vt 0.342003 0.091196
vt 0.342648 0.090907
vt 0.342283 0.124033
vt 0.342390 0.122943
vt 0.529447 0.123874
vt 0.529613 0.124911
vt 0.524319 0.123783
vt 0.524900 0.123070
vt 0.524662 0.093041
vt 0.524085 0.092364
vt 0.529483 0.091246
vt 0.529295 0.092337
vt 0.181841 0.594519
vt 0.181841 0.561511
vt 0.182439 0.593920
vt 0.182439 0.562109
vt 0.810807 0.940631
vt 0.810807 0.956712
vt 0.810208 0.956113
vt 0.810208 0.941229
vt 0.562469 0.696056
vt 0.562257 0.711201
vt 0.559062 0.710524
vt 0.559067 0.696460
vt 0.377185 0.694598
vt 0.381300 0.695226
vt 0.380595 0.696479
vt 0.377282 0.695943
vt 0.558350 0.695276
vt 0.562560 0.694598
vt 0.810632 0.957310
vt 0.978212 0.957310
vt 0.978212 0.960696
vt 0.810632 0.960696
vt 0.810632 0.940033
vt 0.810632 0.936647
vt 0.978212 0.936647
vt 0.978212 0.940032
vt 0.557930 0.695959
vt 0.558487 0.696667
vt 0.558496 0.710365
vt 0.557923 0.711056
vt 0.377468 0.711045
vt 0.380779 0.710490
vt 0.381505 0.711630
vt 0.377449 0.712456
vt 0.558345 0.711731
vt 0.562872 0.711204
vt 0.563020 0.712190
vt 0.562300 0.712475
vt 0.563322 0.694939
vt 0.563169 0.696062
vt 0.376617 0.695960
vt 0.376431 0.694920
vt 0.381748 0.695917
vt 0.381184 0.696670
vt 0.381336 0.710314
vt 0.381901 0.710962
vt 0.376658 0.712134
vt 0.376828 0.711051
vt 0.978036 0.956712
vt 0.978036 0.940631
vt 0.978635 0.956113
vt 0.978635 0.941229
vt 0.000598 0.436022
vt 0.000598 0.452103
vt 0.000000 0.451504
vt 0.000000 0.436620
vt 0.562519 0.769043
vt 0.562500 0.784229
vt 0.559241 0.783575
vt 0.559156 0.769477
vt 0.377690 0.767633
vt 0.381777 0.768260
vt 0.381058 0.769505
vt 0.377781 0.768942
vt 0.558426 0.768304
vt 0.562589 0.767633
vt 0.000423 0.452701
vt 0.168003 0.452701
vt 0.168003 0.456087
vt 0.000423 0.456087
vt 0.000423 0.435423
vt 0.000423 0.432038
vt 0.168003 0.432038
vt 0.168003 0.435423
vt 0.558009 0.768982
vt 0.558575 0.769653
vt 0.558670 0.783420
vt 0.558097 0.784120
vt 0.377846 0.784042
vt 0.381139 0.783531
vt 0.381846 0.784678
vt 0.377801 0.785427
vt 0.558524 0.784798
vt 0.563164 0.784226
vt 0.563320 0.785268
vt 0.562560 0.785566
vt 0.563322 0.767963
vt 0.563172 0.769043
vt 0.377107 0.768949
vt 0.376991 0.767926
vt 0.382221 0.768944
vt 0.381647 0.769661
vt 0.381694 0.783325
vt 0.382248 0.784006
vt 0.377074 0.785116
vt 0.377200 0.784050
vt 0.167828 0.452103
vt 0.167828 0.436022
vt 0.168426 0.451504
vt 0.168426 0.436620
vt 0.180388 0.394836
vt 0.180388 0.361828
vt 0.180987 0.362426
vt 0.180987 0.394237
vt 0.565409 0.604811
vt 0.565027 0.573686
vt 0.568260 0.574283
vt 0.568769 0.604267
vt 0.751506 0.606263
vt 0.747429 0.605585
vt 0.748136 0.604345
vt 0.751429 0.604939
vt 0.569522 0.605427
vt 0.565391 0.606224
vt 0.180563 0.361229
vt 0.012983 0.361229
vt 0.012983 0.357844
vt 0.180563 0.357844
vt 0.180563 0.395434
vt 0.180563 0.398820
vt 0.012983 0.398820
vt 0.012983 0.395434
vt 0.569930 0.604747
vt 0.569353 0.604082
vt 0.568834 0.574472
vt 0.569392 0.573735
vt 0.751193 0.573813
vt 0.747854 0.574368
vt 0.747113 0.573206
vt 0.751213 0.572407
vt 0.568955 0.573049
vt 0.564372 0.573693
vt 0.564259 0.572694
vt 0.564943 0.572407
vt 0.564602 0.605896
vt 0.564780 0.604816
vt 0.752077 0.604928
vt 0.752250 0.605953
vt 0.746992 0.604903
vt 0.747562 0.604192
vt 0.747272 0.574586
vt 0.746703 0.573890
vt 0.751998 0.572733
vt 0.751821 0.573809
vt 0.013159 0.361828
vt 0.013159 0.394836
vt 0.012560 0.362426
vt 0.012560 0.394237
vt 0.810807 0.899307
vt 0.810807 0.932316
vt 0.810208 0.931717
vt 0.810208 0.899906
vt 0.977777 0.448878
vt 0.977871 0.479992
vt 0.974637 0.479372
vt 0.974515 0.449497
vt 0.790468 0.447601
vt 0.794513 0.448239
vt 0.793823 0.449477
vt 0.790554 0.448912
vt 0.973782 0.448244
vt 0.977842 0.447601
vt 0.810632 0.932914
vt 0.978212 0.932914
vt 0.978212 0.936299
vt 0.810632 0.936299
vt 0.810632 0.898709
vt 0.810632 0.895323
vt 0.978212 0.895323
vt 0.978212 0.898709
vt 0.973338 0.448947
vt 0.973918 0.449662
vt 0.974064 0.479215
vt 0.973489 0.479916
vt 0.790933 0.479724
vt 0.794228 0.479160
vt 0.794963 0.480300
vt 0.790922 0.481114
vt 0.973924 0.480613
vt 0.978527 0.479989
vt 0.978635 0.480991
vt 0.977949 0.481275
vt 0.978553 0.447905
vt 0.978382 0.448885
vt 0.789912 0.448927
vt 0.789733 0.447914
vt 0.794951 0.448927
vt 0.794393 0.449665
vt 0.794803 0.478943
vt 0.795367 0.479630
vt 0.790143 0.480796
vt 0.790312 0.479732
vt 0.978036 0.932316
vt 0.978036 0.899307
vt 0.978635 0.931717
vt 0.978635 0.899906
vt 0.584423 0.869862
vt 0.584423 0.902870
vt 0.583824 0.902272
vt 0.583824 0.870460
vt 0.564173 0.399667
vt 0.563785 0.369021
vt 0.567005 0.369616
vt 0.567357 0.399053
vt 0.751546 0.401596
vt 0.747488 0.400986
vt 0.748185 0.399741
vt 0.751454 0.400307
vt 0.568083 0.400286
vt 0.564103 0.400895
vt 0.584247 0.903468
vt 0.751827 0.903468
vt 0.751827 0.906854
vt 0.584247 0.906854
vt 0.584247 0.869263
vt 0.584247 0.865878
vt 0.751827 0.865878
vt 0.751827 0.869263
vt 0.568521 0.399588
vt 0.567943 0.398886
vt 0.567572 0.369804
vt 0.568127 0.369076
vt 0.751162 0.369133
vt 0.747816 0.369699
vt 0.747071 0.368535
vt 0.751178 0.367724
vt 0.567696 0.368390
vt 0.563148 0.369035
vt 0.562976 0.368029
vt 0.563706 0.367724
vt 0.563456 0.400618
vt 0.563570 0.399669
vt 0.752111 0.400299
vt 0.752231 0.401303
vt 0.747047 0.400293
vt 0.747610 0.399551
vt 0.747233 0.369920
vt 0.746660 0.369223
vt 0.751966 0.368049
vt 0.751791 0.369128
vt 0.751652 0.902870
vt 0.751652 0.869862
vt 0.752250 0.902272
vt 0.752250 0.870460
vt 0.978036 0.890992
vt 0.978036 0.857984
vt 0.978635 0.858582
vt 0.978635 0.890394
vt 0.352148 0.349080
vt 0.351738 0.317819
vt 0.355026 0.318398
vt 0.355481 0.348506
vt 0.537811 0.350487
vt 0.533800 0.349841
vt 0.534507 0.348614
vt 0.537746 0.349220
vt 0.356219 0.349652
vt 0.352139 0.350487
vt 0.978212 0.857385
vt 0.810632 0.857386
vt 0.810632 0.854000
vt 0.978212 0.854000
vt 0.978212 0.891591
vt 0.978212 0.894976
vt 0.810632 0.894976
vt 0.810632 0.891591
vt 0.356618 0.348978
vt 0.356044 0.348326
vt 0.355626 0.318553
vt 0.356197 0.317827
vt 0.537741 0.318126
vt 0.534360 0.318667
vt 0.533620 0.317497
vt 0.537776 0.316666
vt 0.355748 0.317139
vt 0.351077 0.317829
vt 0.350954 0.316817
vt 0.351645 0.316520
vt 0.351350 0.350167
vt 0.351518 0.349089
vt 0.538348 0.349212
vt 0.538517 0.350186
vt 0.533367 0.349162
vt 0.533937 0.348459
vt 0.533775 0.318883
vt 0.533208 0.318181
vt 0.538595 0.317003
vt 0.538414 0.318125
vt 0.810807 0.857984
vt 0.810807 0.890992
vt 0.810208 0.858582
vt 0.810208 0.890394
vt 0.562724 0.864229
vt 0.562724 0.831221
vt 0.563322 0.831819
vt 0.563322 0.863630
vt 0.977320 0.551526
vt 0.977814 0.582650
vt 0.974543 0.582045
vt 0.973986 0.552051
vt 0.790944 0.550135
vt 0.794977 0.550740
vt 0.794286 0.551977
vt 0.791036 0.551415
vt 0.973235 0.550891
vt 0.977354 0.550134
vt 0.562899 0.830622
vt 0.395319 0.830622
vt 0.395319 0.827237
vt 0.562899 0.827237
vt 0.562899 0.864827
vt 0.562899 0.868213
vt 0.395319 0.868213
vt 0.395319 0.864827
vt 0.972826 0.551572
vt 0.973403 0.552236
vt 0.973967 0.581857
vt 0.973408 0.582598
vt 0.791332 0.582411
vt 0.794659 0.581848
vt 0.795400 0.583005
vt 0.791317 0.583812
vt 0.973845 0.583285
vt 0.978460 0.582637
vt 0.978635 0.583658
vt 0.977893 0.583968
vt 0.978082 0.550445
vt 0.977955 0.551511
vt 0.790383 0.551424
vt 0.790263 0.550426
vt 0.795416 0.551427
vt 0.794857 0.552165
vt 0.795239 0.581628
vt 0.795808 0.582321
vt 0.790533 0.583489
vt 0.790706 0.582416
vt 0.395494 0.831221
vt 0.395494 0.864229
vt 0.394896 0.831819
vt 0.394896 0.863630
vt 0.562724 0.971272
vt 0.562724 0.955191
vt 0.563322 0.955790
vt 0.563322 0.970674
vt 0.751428 0.766428
vt 0.751332 0.781620
vt 0.748082 0.781047
vt 0.748077 0.766940
vt 0.566704 0.764981
vt 0.570733 0.765579
vt 0.570012 0.766812
vt 0.566785 0.766237
vt 0.747353 0.765784
vt 0.751482 0.764981
vt 0.562899 0.954593
vt 0.395319 0.954593
vt 0.395319 0.951208
vt 0.562899 0.951208
vt 0.562899 0.971871
vt 0.562899 0.975256
vt 0.395319 0.975256
vt 0.395319 0.971871
vt 0.746950 0.766455
vt 0.747515 0.767110
vt 0.747492 0.780888
vt 0.746920 0.781606
vt 0.566689 0.781334
vt 0.570027 0.780839
vt 0.570733 0.781995
vt 0.566629 0.782771
vt 0.747364 0.782289
vt 0.751961 0.781618
vt 0.752082 0.782595
vt 0.751415 0.782883
vt 0.752250 0.765300
vt 0.752128 0.766422
vt 0.566160 0.766239
vt 0.566041 0.765266
vt 0.571172 0.766262
vt 0.570598 0.766971
vt 0.570585 0.780635
vt 0.571138 0.781322
vt 0.565868 0.782452
vt 0.565993 0.781338
vt 0.395494 0.955191
vt 0.395494 0.971272
vt 0.394896 0.955790
vt 0.394896 0.970674
vt 0.171432 0.194423
vt 0.171432 0.178342
vt 0.172031 0.178940
vt 0.172031 0.193824
vt 0.562514 0.750783
vt 0.562390 0.765986
vt 0.559162 0.765328
vt 0.559147 0.751211
vt 0.377849 0.749369
vt 0.381838 0.749980
vt 0.381134 0.751196
vt 0.377923 0.750618
vt 0.558414 0.750037
vt 0.562589 0.749369
vt 0.171607 0.177743
vt 0.004027 0.177743
vt 0.004027 0.174358
vt 0.171607 0.174358
vt 0.171607 0.195021
vt 0.171607 0.198407
vt 0.004027 0.198407
vt 0.004027 0.195021
vt 0.557998 0.750715
vt 0.558566 0.751385
vt 0.558592 0.765171
vt 0.558022 0.765872
vt 0.377684 0.765716
vt 0.381066 0.765216
vt 0.381791 0.766389
vt 0.377626 0.767192
vt 0.558449 0.766547
vt 0.563065 0.765991
vt 0.563154 0.767011
vt 0.562451 0.767285
vt 0.563322 0.749702
vt 0.563168 0.750785
vt 0.377300 0.750616
vt 0.377188 0.749648
vt 0.382267 0.750657
vt 0.381695 0.751352
vt 0.381647 0.765008
vt 0.382203 0.765709
vt 0.376799 0.766843
vt 0.376995 0.765707
vt 0.004203 0.178342
vt 0.004203 0.194423
vt 0.003604 0.178940
vt 0.003604 0.193824
vt 0.208816 0.872491
vt 0.208816 0.905499
vt 0.208217 0.904900
vt 0.208217 0.873089
vt 0.551777 0.183189
vt 0.552055 0.214311
vt 0.548834 0.213697
vt 0.548404 0.183708
vt 0.365631 0.181718
vt 0.369708 0.182395
vt 0.369001 0.183635
vt 0.365708 0.183042
vt 0.547651 0.182543
vt 0.551821 0.181749
vt 0.208640 0.906097
vt 0.376220 0.906097
vt 0.376220 0.909483
vt 0.208640 0.909483
vt 0.208640 0.871892
vt 0.208640 0.868507
vt 0.376220 0.868507
vt 0.376220 0.871892
vt 0.547241 0.183225
vt 0.547819 0.183892
vt 0.548261 0.213507
vt 0.547705 0.214243
vt 0.365952 0.214165
vt 0.369290 0.213610
vt 0.370031 0.214771
vt 0.365933 0.215571
vt 0.548139 0.214926
vt 0.552656 0.214300
vt 0.552827 0.215270
vt 0.552123 0.215571
vt 0.552581 0.182066
vt 0.552458 0.183176
vt 0.365061 0.183053
vt 0.364887 0.182028
vt 0.370145 0.183077
vt 0.369575 0.183787
vt 0.369873 0.213391
vt 0.370441 0.214087
vt 0.365147 0.215245
vt 0.365324 0.214170
vt 0.376045 0.905499
vt 0.376045 0.872491
vt 0.376644 0.904900
vt 0.376644 0.873089
vt 0.562724 0.946876
vt 0.562724 0.913868
vt 0.563322 0.914466
vt 0.563322 0.946278
vt 0.562328 0.608294
vt 0.562557 0.639553
vt 0.559313 0.638929
vt 0.558977 0.608802
vt 0.376645 0.606896
vt 0.380640 0.607491
vt 0.379937 0.608718
vt 0.376724 0.608132
vt 0.558227 0.607636
vt 0.562370 0.606896
vt 0.562899 0.913269
vt 0.395319 0.913269
vt 0.395319 0.909884
vt 0.562899 0.909884
vt 0.562899 0.947475
vt 0.562899 0.950860
vt 0.395319 0.950860
vt 0.395319 0.947475
vt 0.557815 0.608317
vt 0.558392 0.608985
vt 0.558737 0.638775
vt 0.558169 0.639484
vt 0.376776 0.639220
vt 0.380131 0.638692
vt 0.380868 0.639860
vt 0.376730 0.640652
vt 0.558604 0.640164
vt 0.563215 0.639549
vt 0.563322 0.640555
vt 0.562633 0.640839
vt 0.563099 0.607212
vt 0.562965 0.608283
vt 0.376115 0.608135
vt 0.375994 0.607179
vt 0.381075 0.608170
vt 0.380507 0.608872
vt 0.380714 0.638475
vt 0.381281 0.639176
vt 0.375974 0.640336
vt 0.376097 0.639230
vt 0.395494 0.913868
vt 0.395494 0.946876
vt 0.394896 0.914466
vt 0.394896 0.946278
vt 0.207271 0.822852
vt 0.207271 0.789844
vt 0.207870 0.790442
vt 0.207870 0.822253
vt 0.377779 0.673358
vt 0.377305 0.642493
vt 0.380548 0.643094
vt 0.381084 0.672840
vt 0.562554 0.675837
vt 0.558347 0.675053
vt 0.559081 0.673888
vt 0.562499 0.674380
vt 0.381827 0.673990
vt 0.377744 0.674737
vt 0.207446 0.789245
vt 0.039867 0.789245
vt 0.039867 0.785860
vt 0.207446 0.785860
vt 0.207446 0.823450
vt 0.207446 0.826836
vt 0.039866 0.826836
vt 0.039866 0.823450
vt 0.382234 0.673316
vt 0.381662 0.672656
vt 0.381119 0.643281
vt 0.381674 0.642547
vt 0.562411 0.642623
vt 0.559008 0.643199
vt 0.558247 0.642022
vt 0.562428 0.641187
vt 0.381240 0.641865
vt 0.376664 0.642506
vt 0.376491 0.641494
vt 0.377226 0.641187
vt 0.377023 0.674429
vt 0.377150 0.673373
vt 0.563192 0.674387
vt 0.563322 0.675512
vt 0.557939 0.674387
vt 0.558510 0.673716
vt 0.558410 0.643383
vt 0.557831 0.642703
vt 0.563232 0.641519
vt 0.563052 0.642618
vt 0.040042 0.789844
vt 0.040042 0.822852
vt 0.039443 0.790442
vt 0.039443 0.822253
vt 0.180290 0.244639
vt 0.180290 0.211631
vt 0.180889 0.212230
vt 0.180889 0.244041
vt 0.751301 0.539762
vt 0.751491 0.570781
vt 0.748269 0.570157
vt 0.747981 0.540251
vt 0.564352 0.538379
vt 0.568389 0.539002
vt 0.567681 0.540243
vt 0.564437 0.539661
vt 0.747252 0.539096
vt 0.751347 0.538379
vt 0.180466 0.211033
vt 0.012886 0.211033
vt 0.012886 0.207647
vt 0.180466 0.207647
vt 0.180466 0.245238
vt 0.180466 0.248623
vt 0.012886 0.248623
vt 0.012886 0.245238
vt 0.746840 0.539768
vt 0.747403 0.540465
vt 0.747697 0.570002
vt 0.747128 0.570704
vt 0.564459 0.570583
vt 0.567677 0.569944
vt 0.568399 0.571187
vt 0.564398 0.571845
vt 0.747560 0.571385
vt 0.752144 0.570778
vt 0.752250 0.571777
vt 0.751566 0.572059
vt 0.752068 0.538693
vt 0.751933 0.539752
vt 0.563784 0.539665
vt 0.563670 0.538667
vt 0.568825 0.539698
vt 0.568251 0.540399
vt 0.568269 0.569742
vt 0.568838 0.570483
vt 0.563693 0.571547
vt 0.563860 0.570577
vt 0.013061 0.211631
vt 0.013061 0.244639
vt 0.012463 0.212229
vt 0.012463 0.244041
vt 0.751652 0.944193
vt 0.751652 0.911185
vt 0.752250 0.911784
vt 0.752250 0.943595
vt 0.528437 0.001245
vt 0.528682 0.032527
vt 0.525281 0.032044
vt 0.525222 0.001911
vt 0.342614 0.000000
vt 0.346661 0.000624
vt 0.345959 0.001861
vt 0.342702 0.001286
vt 0.524482 0.000668
vt 0.528499 0.000000
vt 0.751827 0.910587
vt 0.584247 0.910587
vt 0.584247 0.907201
vt 0.751827 0.907201
vt 0.751827 0.944792
vt 0.751827 0.948177
vt 0.584247 0.948177
vt 0.584247 0.944792
vt 0.524042 0.001366
vt 0.524623 0.002079
vt 0.524716 0.031875
vt 0.524151 0.032539
vt 0.342955 0.032373
vt 0.346289 0.031812
vt 0.347030 0.032971
vt 0.342937 0.033778
vt 0.524557 0.033202
vt 0.529358 0.032522
vt 0.529551 0.033646
vt 0.528732 0.033992
vt 0.529159 0.000276
vt 0.529051 0.001241
vt 0.342047 0.001293
vt 0.341930 0.000290
vt 0.347098 0.001304
vt 0.346531 0.002012
vt 0.346870 0.031593
vt 0.347439 0.032288
vt 0.342152 0.033453
vt 0.342327 0.032378
vt 0.584423 0.911185
vt 0.584423 0.944193
vt 0.583824 0.911784
vt 0.583824 0.943595
vt 0.171437 0.071093
vt 0.171437 0.055012
vt 0.172035 0.055611
vt 0.172035 0.070495
vt 0.565144 0.365475
vt 0.565084 0.350691
vt 0.568263 0.351279
vt 0.568350 0.364942
vt 0.751275 0.367376
vt 0.747244 0.366784
vt 0.747949 0.365552
vt 0.751192 0.366116
vt 0.569045 0.366179
vt 0.565059 0.366737
vt 0.171612 0.054414
vt 0.004032 0.054414
vt 0.004032 0.051028
vt 0.171612 0.051028
vt 0.171612 0.071691
vt 0.171612 0.075077
vt 0.004032 0.075077
vt 0.004032 0.071691
vt 0.569485 0.365481
vt 0.568925 0.364748
vt 0.568819 0.351466
vt 0.569370 0.350751
vt 0.751334 0.350880
vt 0.747925 0.351405
vt 0.747189 0.350227
vt 0.751384 0.349391
vt 0.568947 0.350070
vt 0.564438 0.350702
vt 0.564273 0.349691
vt 0.565007 0.349391
vt 0.564360 0.366430
vt 0.564539 0.365462
vt 0.751822 0.366114
vt 0.751940 0.367090
vt 0.746808 0.366101
vt 0.747381 0.365398
vt 0.747340 0.351619
vt 0.746775 0.350913
vt 0.752220 0.349738
vt 0.752030 0.350885
vt 0.004207 0.055012
vt 0.004207 0.071093
vt 0.003609 0.055611
vt 0.003609 0.070495
vt 0.207271 0.971219
vt 0.207271 0.955138
vt 0.207870 0.955736
vt 0.207870 0.970620
vt 0.555305 0.245697
vt 0.555194 0.230912
vt 0.558377 0.231497
vt 0.558482 0.245172
vt 0.741369 0.247594
vt 0.737338 0.247002
vt 0.738043 0.245769
vt 0.741286 0.246334
vt 0.559175 0.246406
vt 0.555212 0.246929
vt 0.207447 0.954539
vt 0.039867 0.954539
vt 0.039867 0.951154
vt 0.207447 0.951154
vt 0.207447 0.971817
vt 0.207447 0.975203
vt 0.039867 0.975203
vt 0.039867 0.971817
vt 0.559616 0.245708
vt 0.559056 0.244977
vt 0.558933 0.231684
vt 0.559484 0.230968
vt 0.741428 0.231100
vt 0.738019 0.231625
vt 0.737283 0.230447
vt 0.741477 0.229611
vt 0.559061 0.230287
vt 0.554547 0.230924
vt 0.554380 0.229913
vt 0.555115 0.229611
vt 0.554566 0.246642
vt 0.554693 0.245691
vt 0.741915 0.246332
vt 0.742034 0.247308
vt 0.736902 0.246319
vt 0.737475 0.245616
vt 0.737434 0.231838
vt 0.736869 0.231133
vt 0.742313 0.229958
vt 0.742123 0.231104
vt 0.040042 0.955138
vt 0.040042 0.971219
vt 0.039443 0.955736
vt 0.039443 0.970620
vt 0.742661 0.225909
vt 0.757971 0.210602
vt 0.963324 0.210602
vt 0.978635 0.225909
vt 0.537541 0.445051
vt 0.529944 0.428512
vt 0.748490 0.428167
vt 0.739954 0.444795
vt 0.757971 0.243610
vt 0.742661 0.228303
vt 0.978635 0.228303
vt 0.963324 0.243610
vt 0.744505 0.407642
vt 0.751757 0.426376
vt 0.749039 0.426336
vt 0.741214 0.409041
vt 0.963414 0.210003
vt 0.757881 0.210003
vt 0.757881 0.206618
vt 0.963414 0.206618
vt 0.526779 0.426653
vt 0.534948 0.407648
vt 0.538221 0.409323
vt 0.529440 0.426656
vt 0.533999 0.447058
vt 0.526697 0.428549
vt 0.529415 0.428458
vt 0.537251 0.445647
vt 0.751688 0.428281
vt 0.743468 0.447066
vt 0.740234 0.445381
vt 0.749025 0.428133
vt 0.529990 0.426629
vt 0.748496 0.426288
vt 0.757881 0.244208
vt 0.963414 0.244208
vt 0.963414 0.247594
vt 0.757881 0.247594
vt 0.740921 0.409639
vt 0.538503 0.409910
vt 0.526208 0.428801
vt 0.526242 0.426377
vt 0.752250 0.426123
vt 0.752223 0.428555
vt 0.744034 0.447075
vt 0.745059 0.407657
vt 0.533451 0.447046
vt 0.534377 0.407642
vt 0.742661 0.184585
vt 0.757971 0.169278
vt 0.963324 0.169278
vt 0.978635 0.184585
vt 0.763730 0.405046
vt 0.756314 0.388621
vt 0.974838 0.388183
vt 0.966248 0.404996
vt 0.757971 0.202286
vt 0.742661 0.186979
vt 0.978635 0.186979
vt 0.963324 0.202286
vt 0.970823 0.367724
vt 0.978145 0.386259
vt 0.975417 0.386348
vt 0.967568 0.369138
vt 0.963414 0.168680
vt 0.757881 0.168680
vt 0.757881 0.165294
vt 0.963414 0.165294
vt 0.753122 0.386641
vt 0.761396 0.367733
vt 0.764657 0.369429
vt 0.755763 0.386776
vt 0.760200 0.407004
vt 0.753066 0.388542
vt 0.755793 0.388572
vt 0.763439 0.405625
vt 0.978063 0.388162
vt 0.969826 0.407288
vt 0.966531 0.405599
vt 0.975391 0.388156
vt 0.756316 0.386743
vt 0.974887 0.386294
vt 0.757881 0.202885
vt 0.963414 0.202885
vt 0.963414 0.206270
vt 0.757881 0.206270
vt 0.967277 0.369735
vt 0.764938 0.370016
vt 0.752579 0.388794
vt 0.752584 0.386368
vt 0.978635 0.386006
vt 0.978602 0.388440
vt 0.970401 0.407294
vt 0.971373 0.367735
vt 0.759654 0.406988
vt 0.760826 0.367724
vt 0.742661 0.101938
vt 0.757971 0.086631
vt 0.963324 0.086631
vt 0.978635 0.101938
vt 0.967116 0.289733
vt 0.974876 0.306295
vt 0.756292 0.306544
vt 0.764672 0.289941
vt 0.757971 0.119639
vt 0.742661 0.104332
vt 0.978635 0.104332
vt 0.963324 0.119639
vt 0.760734 0.326603
vt 0.753071 0.308370
vt 0.755766 0.308368
vt 0.763934 0.325129
vt 0.963414 0.086033
vt 0.757881 0.086033
vt 0.757881 0.082647
vt 0.963414 0.082647
vt 0.978087 0.308117
vt 0.970365 0.327607
vt 0.967000 0.326011
vt 0.975404 0.308157
vt 0.970654 0.287695
vt 0.978136 0.306210
vt 0.975408 0.306344
vt 0.967405 0.289136
vt 0.753108 0.306476
vt 0.761154 0.287700
vt 0.764391 0.289356
vt 0.755760 0.306582
vt 0.974848 0.308196
vt 0.756303 0.308405
vt 0.757881 0.120238
vt 0.963414 0.120238
vt 0.963414 0.123623
vt 0.757881 0.123623
vt 0.764211 0.324552
vt 0.966702 0.325404
vt 0.978624 0.305950
vt 0.978635 0.308384
vt 0.752590 0.308631
vt 0.752573 0.306210
vt 0.760590 0.287695
vt 0.760188 0.326603
vt 0.971205 0.287702
vt 0.970944 0.327596
vt 0.978635 0.063009
vt 0.963324 0.078316
vt 0.757971 0.078316
vt 0.742661 0.063009
vt 0.966982 0.409726
vt 0.974863 0.426720
vt 0.756345 0.426629
vt 0.764789 0.409917
vt 0.963324 0.045308
vt 0.978635 0.060615
vt 0.742661 0.060615
vt 0.757971 0.045308
vt 0.760865 0.446851
vt 0.753102 0.428470
vt 0.755817 0.428464
vt 0.764091 0.445358
vt 0.757881 0.078914
vt 0.963414 0.078914
vt 0.963414 0.082300
vt 0.757881 0.082300
vt 0.978145 0.428601
vt 0.970569 0.447254
vt 0.967345 0.445758
vt 0.975441 0.428557
vt 0.970608 0.407642
vt 0.978074 0.426711
vt 0.975411 0.426758
vt 0.967279 0.409139
vt 0.753138 0.426562
vt 0.761246 0.407647
vt 0.764506 0.409316
vt 0.755809 0.426667
vt 0.974908 0.428607
vt 0.756358 0.428500
vt 0.963414 0.044709
vt 0.757881 0.044709
vt 0.757881 0.041324
vt 0.963414 0.041324
vt 0.764370 0.444763
vt 0.967058 0.445175
vt 0.978611 0.426446
vt 0.978635 0.428859
vt 0.752617 0.428734
vt 0.752598 0.426294
vt 0.760678 0.407642
vt 0.760315 0.446852
vt 0.971173 0.407654
vt 0.971124 0.447247
vt 0.978635 0.145656
vt 0.963324 0.160963
vt 0.757971 0.160963
vt 0.742661 0.145656
vt 0.763897 0.365370
vt 0.756303 0.348828
vt 0.974851 0.348386
vt 0.966331 0.365107
vt 0.963324 0.127955
vt 0.978635 0.143262
vt 0.742661 0.143262
vt 0.757971 0.127955
vt 0.970848 0.327955
vt 0.978146 0.346467
vt 0.975428 0.346557
vt 0.967596 0.329364
vt 0.757881 0.161561
vt 0.963414 0.161561
vt 0.963414 0.164947
vt 0.757881 0.164947
vt 0.753139 0.346968
vt 0.761315 0.327961
vt 0.764588 0.329638
vt 0.755801 0.346972
vt 0.760354 0.367376
vt 0.753056 0.348864
vt 0.755774 0.348774
vt 0.763606 0.365967
vt 0.978063 0.348363
vt 0.969887 0.367370
vt 0.966614 0.365693
vt 0.975401 0.348359
vt 0.756351 0.346945
vt 0.974899 0.346503
vt 0.963414 0.127356
vt 0.757881 0.127356
vt 0.757881 0.123971
vt 0.963414 0.123971
vt 0.967305 0.329961
vt 0.764871 0.330224
vt 0.752567 0.349116
vt 0.752602 0.346691
vt 0.978635 0.346215
vt 0.978600 0.348640
vt 0.970458 0.367376
vt 0.971397 0.327967
vt 0.759805 0.367364
vt 0.760744 0.327955
vt 0.182787 0.554495
vt 0.352060 0.554495
vt 0.352060 0.571845
vt 0.182787 0.571845
vt 0.182787 0.535948
vt 0.352060 0.535948
vt 0.352060 0.553298
vt 0.182787 0.553298
vt 0.788539 0.650395
vt 0.789386 0.651242
vt 0.789386 0.668592
vt 0.788539 0.669438
vt 0.182787 0.573042
vt 0.352060 0.573042
vt 0.352060 0.590393
vt 0.182787 0.590393
vt 0.182787 0.517400
vt 0.352060 0.517400
vt 0.352060 0.534751
vt 0.182787 0.534751
vt 0.182787 0.516203
vt 0.352060 0.516203
vt 0.789386 0.610420
vt 0.788539 0.611266
vt 0.771189 0.611266
vt 0.770343 0.610420
vt 0.788539 0.592223
vt 0.789386 0.593069
vt 0.770343 0.593069
vt 0.771189 0.592223
vt 0.770343 0.651242
vt 0.771189 0.650395
vt 0.771189 0.669438
vt 0.770343 0.668592
vt 0.538943 0.337619
vt 0.548395 0.315847
vt 0.549209 0.315893
vt 0.539409 0.338389
vt 0.549335 0.270554
vt 0.544857 0.249030
vt 0.545521 0.248604
vt 0.550096 0.270619
vt 0.743010 0.273139
vt 0.741779 0.294747
vt 0.741002 0.294879
vt 0.742327 0.272904
vt 0.751662 0.338389
vt 0.742332 0.317378
vt 0.549954 0.293025
vt 0.549430 0.271414
vt 0.550104 0.271216
vt 0.550742 0.293188
vt 0.743129 0.317351
vt 0.752137 0.337594
vt 0.788907 0.447601
vt 0.789386 0.448080
vt 0.789386 0.467435
vt 0.788907 0.467914
vt 0.748134 0.250460
vt 0.743169 0.272249
vt 0.742347 0.272288
vt 0.747516 0.250006
vt 0.742284 0.316750
vt 0.549261 0.315269
vt 0.550708 0.293800
vt 0.741024 0.295479
vt 0.548600 0.315006
vt 0.549965 0.293942
vt 0.741713 0.295633
vt 0.742981 0.316498
vt 0.747735 0.249307
vt 0.748566 0.249718
vt 0.544511 0.248316
vt 0.545286 0.247942
vt 0.789386 0.550076
vt 0.788907 0.550555
vt 0.769552 0.550555
vt 0.769073 0.550076
vt 0.788907 0.530242
vt 0.789386 0.530721
vt 0.769073 0.530721
vt 0.769552 0.530242
vt 0.769073 0.448080
vt 0.769552 0.447601
vt 0.769552 0.467914
vt 0.769073 0.467435
vt 0.206354 0.645188
vt 0.375627 0.645188
vt 0.375627 0.662538
vt 0.206354 0.662538
vt 0.206354 0.626640
vt 0.375627 0.626640
vt 0.375627 0.643991
vt 0.206354 0.643991
vt 0.788539 0.766739
vt 0.789386 0.767586
vt 0.789386 0.784936
vt 0.788539 0.785783
vt 0.206354 0.663735
vt 0.375627 0.663735
vt 0.375627 0.681086
vt 0.206354 0.681086
vt 0.206354 0.608093
vt 0.375627 0.608093
vt 0.375627 0.625443
vt 0.206354 0.625443
vt 0.206354 0.606896
vt 0.375627 0.606896
vt 0.771189 0.747001
vt 0.770343 0.746155
vt 0.770343 0.728804
vt 0.771189 0.727958
vt 0.789386 0.746155
vt 0.788539 0.747001
vt 0.788539 0.727958
vt 0.789386 0.728804
vt 0.770343 0.767586
vt 0.771189 0.766739
vt 0.771189 0.785783
vt 0.770343 0.784936
vt 0.529898 0.089707
vt 0.539553 0.068006
vt 0.540364 0.068052
vt 0.530408 0.090560
vt 0.540764 0.021900
vt 0.537075 0.001036
vt 0.537669 0.000639
vt 0.541533 0.021993
vt 0.734619 0.024582
vt 0.733932 0.046880
vt 0.733136 0.047023
vt 0.733880 0.024369
vt 0.741870 0.090560
vt 0.733949 0.070152
vt 0.541273 0.045242
vt 0.540793 0.022826
vt 0.541588 0.022621
vt 0.542028 0.045411
vt 0.734692 0.070159
vt 0.742313 0.089891
vt 0.769552 0.571215
vt 0.769073 0.570737
vt 0.769073 0.551381
vt 0.769552 0.550903
vt 0.738765 0.002690
vt 0.734699 0.023689
vt 0.733941 0.023755
vt 0.738156 0.002264
vt 0.733863 0.069524
vt 0.540418 0.067429
vt 0.541992 0.046015
vt 0.733159 0.047628
vt 0.539759 0.067165
vt 0.541257 0.046142
vt 0.733862 0.047793
vt 0.734611 0.069293
vt 0.738361 0.001576
vt 0.739173 0.001964
vt 0.536714 0.000341
vt 0.537487 0.000000
vt 0.563446 0.347063
vt 0.563925 0.347542
vt 0.563925 0.366898
vt 0.563446 0.367376
vt 0.543612 0.347542
vt 0.544091 0.347063
vt 0.544091 0.367376
vt 0.543612 0.366898
vt 0.789386 0.570737
vt 0.788907 0.571215
vt 0.788907 0.550903
vt 0.789386 0.551381
vt 0.540127 0.537224
vt 0.548760 0.516032
vt 0.549520 0.516052
vt 0.540644 0.538031
vt 0.550711 0.469224
vt 0.547642 0.448416
vt 0.548246 0.448056
vt 0.551468 0.469332
vt 0.744163 0.472138
vt 0.743676 0.494247
vt 0.742885 0.494392
vt 0.743440 0.471945
vt 0.751765 0.538031
vt 0.743721 0.517608
vt 0.550513 0.492050
vt 0.550724 0.470138
vt 0.551512 0.469956
vt 0.551215 0.492240
vt 0.744462 0.517617
vt 0.752250 0.537291
vt 0.769552 0.488574
vt 0.769073 0.488096
vt 0.769073 0.468740
vt 0.769552 0.468262
vt 0.748134 0.450188
vt 0.744204 0.471270
vt 0.743497 0.471347
vt 0.747464 0.449767
vt 0.743634 0.516979
vt 0.549617 0.515427
vt 0.551225 0.492847
vt 0.742909 0.494997
vt 0.548901 0.515173
vt 0.550421 0.492966
vt 0.743612 0.495160
vt 0.744384 0.516749
vt 0.747710 0.449065
vt 0.748500 0.449460
vt 0.547328 0.447761
vt 0.548039 0.447423
vt 0.769073 0.489400
vt 0.769552 0.488922
vt 0.788907 0.488922
vt 0.789386 0.489400
vt 0.769552 0.509234
vt 0.769073 0.508756
vt 0.789386 0.508756
vt 0.788907 0.509234
vt 0.789386 0.488096
vt 0.788907 0.488574
vt 0.788907 0.468262
vt 0.789386 0.468740
vt 0.529960 0.180589
vt 0.539637 0.158589
vt 0.540477 0.158634
vt 0.530428 0.181371
vt 0.541235 0.113003
vt 0.537084 0.092004
vt 0.537728 0.091569
vt 0.541960 0.113093
vt 0.735169 0.116068
vt 0.733900 0.137806
vt 0.733115 0.137934
vt 0.734483 0.115837
vt 0.741827 0.181371
vt 0.733839 0.160958
vt 0.541755 0.135863
vt 0.541243 0.113901
vt 0.542015 0.113707
vt 0.542484 0.136021
vt 0.734578 0.160967
vt 0.742313 0.180632
vt 0.788907 0.571563
vt 0.789386 0.572042
vt 0.789386 0.591397
vt 0.788907 0.591876
vt 0.739710 0.093421
vt 0.735317 0.115174
vt 0.734501 0.115224
vt 0.739082 0.093006
vt 0.733756 0.160331
vt 0.540536 0.157996
vt 0.542448 0.136608
vt 0.733132 0.138536
vt 0.539832 0.157713
vt 0.541763 0.136729
vt 0.733828 0.138704
vt 0.734500 0.160105
vt 0.739332 0.092310
vt 0.740091 0.092721
vt 0.536709 0.091260
vt 0.537534 0.090907
vt 0.769552 0.529895
vt 0.769073 0.529416
vt 0.769073 0.510061
vt 0.769552 0.509582
vt 0.789386 0.529416
vt 0.788907 0.529895
vt 0.788907 0.509582
vt 0.789386 0.510061
vt 0.769073 0.572042
vt 0.769552 0.571563
vt 0.769552 0.591876
vt 0.769073 0.591397
vt 0.181236 0.245939
vt 0.350509 0.245939
vt 0.350509 0.263289
vt 0.181236 0.263289
vt 0.181236 0.227391
vt 0.350509 0.227391
vt 0.350509 0.244742
vt 0.181236 0.244742
vt 0.809015 0.797660
vt 0.808168 0.798506
vt 0.790818 0.798506
vt 0.789971 0.797660
vt 0.181236 0.264486
vt 0.350509 0.264486
vt 0.350509 0.281837
vt 0.181236 0.281837
vt 0.181236 0.208844
vt 0.350509 0.208844
vt 0.350509 0.226194
vt 0.181236 0.226194
vt 0.181236 0.207647
vt 0.350509 0.207647
vt 0.771189 0.630657
vt 0.770343 0.629811
vt 0.770343 0.612460
vt 0.771189 0.611614
vt 0.789386 0.629811
vt 0.788539 0.630657
vt 0.788539 0.611614
vt 0.789386 0.612460
vt 0.808168 0.779463
vt 0.809015 0.780309
vt 0.789971 0.780309
vt 0.790818 0.779463
vt 0.172383 0.089320
vt 0.341655 0.089320
vt 0.341655 0.106670
vt 0.172383 0.106670
vt 0.172383 0.070772
vt 0.341655 0.070772
vt 0.341655 0.088123
vt 0.172383 0.088123
vt 0.771189 0.708220
vt 0.770343 0.707373
vt 0.770343 0.690023
vt 0.771189 0.689177
vt 0.172383 0.107867
vt 0.341655 0.107867
vt 0.341655 0.125218
vt 0.172383 0.125218
vt 0.172383 0.052225
vt 0.341655 0.052225
vt 0.341655 0.069576
vt 0.172383 0.069576
vt 0.172383 0.051028
vt 0.341655 0.051028
vt 0.771189 0.727611
vt 0.770343 0.726764
vt 0.770343 0.709414
vt 0.771189 0.708567
vt 0.789386 0.726764
vt 0.788539 0.727611
vt 0.788539 0.708567
vt 0.789386 0.709414
vt 0.789386 0.707373
vt 0.788539 0.708220
vt 0.788539 0.689177
vt 0.789386 0.690023
vt 0.350607 0.352418
vt 0.181334 0.352418
vt 0.181334 0.335068
vt 0.350607 0.335068
vt 0.350607 0.370965
vt 0.181334 0.370965
vt 0.181334 0.353615
vt 0.350607 0.353615
vt 0.363693 0.181718
vt 0.364539 0.182564
vt 0.364539 0.199915
vt 0.363693 0.200761
vt 0.350607 0.333871
vt 0.181334 0.333871
vt 0.181334 0.316520
vt 0.350607 0.316520
vt 0.350607 0.389513
vt 0.181334 0.389513
vt 0.181334 0.372162
vt 0.350607 0.372162
vt 0.350607 0.390710
vt 0.181334 0.390710
vt 0.771189 0.650048
vt 0.770343 0.649201
vt 0.770343 0.631851
vt 0.771189 0.631005
vt 0.789386 0.649201
vt 0.788539 0.650048
vt 0.788539 0.631005
vt 0.789386 0.631851
vt 0.345496 0.182564
vt 0.346343 0.181718
vt 0.346343 0.200761
vt 0.345496 0.199915
vt 0.172378 0.163857
vt 0.341651 0.163857
vt 0.341651 0.181207
vt 0.172378 0.181207
vt 0.172378 0.145310
vt 0.341651 0.145310
vt 0.341651 0.162660
vt 0.172378 0.162660
vt 0.788539 0.747349
vt 0.789386 0.748195
vt 0.789386 0.765546
vt 0.788539 0.766392
vt 0.172378 0.182404
vt 0.341651 0.182404
vt 0.341651 0.199755
vt 0.172378 0.199755
vt 0.172378 0.126762
vt 0.341651 0.126762
vt 0.341651 0.144113
vt 0.172378 0.144113
vt 0.172378 0.125565
vt 0.341651 0.125565
vt 0.373759 0.538379
vt 0.374606 0.539225
vt 0.374606 0.556576
vt 0.373759 0.557422
vt 0.355562 0.539225
vt 0.356409 0.538379
vt 0.356409 0.557422
vt 0.355562 0.556576
vt 0.770343 0.748195
vt 0.771189 0.747349
vt 0.771189 0.766392
vt 0.770343 0.765546
vt 0.168774 0.445933
vt 0.338047 0.445933
vt 0.338047 0.463284
vt 0.168774 0.463284
vt 0.168774 0.427386
vt 0.338047 0.427386
vt 0.338047 0.444736
vt 0.168774 0.444736
vt 0.355253 0.387961
vt 0.356099 0.387114
vt 0.373450 0.387114
vt 0.374296 0.387961
vt 0.168774 0.464481
vt 0.338047 0.464481
vt 0.338047 0.481831
vt 0.168774 0.481831
vt 0.168774 0.408839
vt 0.338047 0.408839
vt 0.338047 0.426189
vt 0.168774 0.426189
vt 0.168774 0.407642
vt 0.338047 0.407642
vt 0.356099 0.386767
vt 0.355253 0.385921
vt 0.355253 0.368570
vt 0.356099 0.367724
vt 0.374296 0.385921
vt 0.373450 0.386767
vt 0.373450 0.367724
vt 0.374296 0.368570
vt 0.356099 0.406158
vt 0.355253 0.405311
vt 0.374296 0.405311
vt 0.373450 0.406158
vt 0.171432 0.145630
vt 0.171432 0.129549
vt 0.172030 0.130148
vt 0.172030 0.145032
vt 0.528682 0.070259
vt 0.528694 0.085396
vt 0.525435 0.084856
vt 0.525304 0.070812
vt 0.343114 0.068779
vt 0.347220 0.069390
vt 0.346520 0.070644
vt 0.343215 0.070119
vt 0.524557 0.069650
vt 0.528717 0.068779
vt 0.171607 0.128951
vt 0.004027 0.128951
vt 0.004027 0.125565
vt 0.171607 0.125565
vt 0.171607 0.146229
vt 0.171607 0.149614
vt 0.004027 0.149614
vt 0.004027 0.146229
vt 0.524150 0.070328
vt 0.524722 0.070993
vt 0.524869 0.084669
vt 0.524310 0.085403
vt 0.343447 0.085163
vt 0.346748 0.084609
vt 0.347464 0.085747
vt 0.343430 0.086567
vt 0.524748 0.086088
vt 0.529311 0.085383
vt 0.529490 0.086369
vt 0.528777 0.086679
vt 0.529551 0.069116
vt 0.529373 0.070257
vt 0.342553 0.070139
vt 0.342365 0.069103
vt 0.347668 0.070081
vt 0.347108 0.070833
vt 0.347300 0.084399
vt 0.347861 0.085074
vt 0.342642 0.086247
vt 0.342810 0.085170
vt 0.004203 0.129549
vt 0.004203 0.145630
vt 0.003604 0.130148
vt 0.003604 0.145032
vt 0.207271 0.995615
vt 0.207271 0.979534
vt 0.207870 0.980133
vt 0.207870 0.995017
vt 0.375824 0.769085
vt 0.375785 0.784257
vt 0.372550 0.783706
vt 0.372466 0.769619
vt 0.191141 0.767633
vt 0.195253 0.768228
vt 0.194540 0.769483
vt 0.191245 0.768947
vt 0.371723 0.768456
vt 0.375872 0.767633
vt 0.207446 0.978936
vt 0.039866 0.978936
vt 0.039866 0.975550
vt 0.207446 0.975550
vt 0.207446 0.996214
vt 0.207446 0.999599
vt 0.039867 0.999599
vt 0.039866 0.996214
vt 0.371314 0.769131
vt 0.371883 0.769798
vt 0.371984 0.783555
vt 0.371416 0.784258
vt 0.191455 0.784113
vt 0.194753 0.783562
vt 0.195480 0.784702
vt 0.191426 0.785504
vt 0.371852 0.784935
vt 0.376411 0.784252
vt 0.376534 0.785224
vt 0.375872 0.785512
vt 0.376644 0.767950
vt 0.376524 0.769076
vt 0.190568 0.768960
vt 0.190442 0.767934
vt 0.195702 0.768912
vt 0.195133 0.769635
vt 0.195310 0.783385
vt 0.195877 0.784034
vt 0.190692 0.785201
vt 0.190807 0.784128
vt 0.040042 0.979534
vt 0.040042 0.995615
vt 0.039443 0.980133
vt 0.039443 0.995017
vt 0.376045 0.971219
vt 0.376045 0.955138
vt 0.376644 0.955736
vt 0.376644 0.970620
vt 0.751358 0.711648
vt 0.751254 0.726793
vt 0.748086 0.726169
vt 0.747930 0.712115
vt 0.566094 0.710158
vt 0.570191 0.710721
vt 0.569494 0.711978
vt 0.566205 0.711466
vt 0.747190 0.710941
vt 0.751419 0.710158
vt 0.376220 0.954539
vt 0.208640 0.954539
vt 0.208640 0.951154
vt 0.376220 0.951154
vt 0.376220 0.971817
vt 0.376220 0.975203
vt 0.208640 0.975203
vt 0.208640 0.971817
vt 0.746776 0.711621
vt 0.747349 0.712293
vt 0.747520 0.725979
vt 0.746963 0.726702
vt 0.566482 0.726574
vt 0.569766 0.726011
vt 0.570495 0.727147
vt 0.566458 0.727961
vt 0.747391 0.727381
vt 0.751877 0.726794
vt 0.751981 0.727758
vt 0.751322 0.728031
vt 0.752250 0.710511
vt 0.752052 0.711656
vt 0.565531 0.711483
vt 0.565400 0.710462
vt 0.570642 0.711411
vt 0.570084 0.712165
vt 0.570322 0.725833
vt 0.570890 0.726478
vt 0.565725 0.727661
vt 0.565835 0.726592
vt 0.208816 0.955138
vt 0.208816 0.971219
vt 0.208217 0.955736
vt 0.208217 0.970620
vt 0.167828 0.476499
vt 0.167828 0.460418
vt 0.168426 0.461017
vt 0.168426 0.475901
vt 0.375512 0.732500
vt 0.375550 0.747682
vt 0.372324 0.747051
vt 0.372152 0.732955
vt 0.191041 0.731089
vt 0.195061 0.731660
vt 0.194365 0.732890
vt 0.191130 0.732343
vt 0.371416 0.731788
vt 0.375574 0.731089
vt 0.168003 0.459820
vt 0.000423 0.459820
vt 0.000423 0.456434
vt 0.168003 0.456434
vt 0.168003 0.477098
vt 0.168003 0.480483
vt 0.000423 0.480483
vt 0.000423 0.477098
vt 0.371002 0.732465
vt 0.371572 0.733134
vt 0.371754 0.746898
vt 0.371187 0.747599
vt 0.191109 0.747512
vt 0.194465 0.746974
vt 0.195210 0.748136
vt 0.191063 0.748964
vt 0.371616 0.748273
vt 0.376224 0.747680
vt 0.376322 0.748698
vt 0.375622 0.748979
vt 0.376309 0.731414
vt 0.376165 0.732496
vt 0.190503 0.732349
vt 0.190380 0.731377
vt 0.195497 0.732337
vt 0.194931 0.733040
vt 0.195048 0.746794
vt 0.195618 0.747461
vt 0.190291 0.748647
vt 0.190409 0.747522
vt 0.000598 0.460418
vt 0.000598 0.476499
vt 0.000000 0.461017
vt 0.000000 0.475901
vt 0.349965 0.302249
vt 0.349965 0.286168
vt 0.350564 0.286767
vt 0.350564 0.301651
vt 0.977816 0.726127
vt 0.977784 0.741242
vt 0.974528 0.740685
vt 0.974471 0.726652
vt 0.792702 0.724642
vt 0.796786 0.725328
vt 0.796078 0.726560
vt 0.792779 0.725984
vt 0.973732 0.725489
vt 0.977868 0.724681
vt 0.350141 0.285570
vt 0.182561 0.285570
vt 0.182561 0.282184
vt 0.350141 0.282184
vt 0.350141 0.302848
vt 0.350141 0.306233
vt 0.182561 0.306233
vt 0.182561 0.302848
vt 0.973323 0.726164
vt 0.973889 0.726830
vt 0.973964 0.740496
vt 0.973401 0.741228
vt 0.792730 0.741106
vt 0.796066 0.740590
vt 0.796791 0.741754
vt 0.792690 0.742524
vt 0.973838 0.741912
vt 0.978400 0.741232
vt 0.978575 0.742218
vt 0.977861 0.742524
vt 0.978635 0.724999
vt 0.978513 0.726120
vt 0.792115 0.725991
vt 0.791946 0.724951
vt 0.797219 0.726009
vt 0.796644 0.726714
vt 0.796645 0.740380
vt 0.797201 0.741076
vt 0.791900 0.742187
vt 0.792088 0.741102
vt 0.182736 0.286168
vt 0.182736 0.302249
vt 0.182137 0.286767
vt 0.182137 0.301651
vt 0.562724 0.995669
vt 0.562724 0.979588
vt 0.563322 0.980186
vt 0.563322 0.995070
vt 0.751075 0.729774
vt 0.751384 0.744991
vt 0.748028 0.744466
vt 0.747772 0.730337
vt 0.566295 0.728379
vt 0.570339 0.728993
vt 0.569643 0.730223
vt 0.566387 0.729678
vt 0.747040 0.729196
vt 0.751099 0.728379
vt 0.562899 0.978989
vt 0.395319 0.978989
vt 0.395319 0.975604
vt 0.562899 0.975604
vt 0.562899 0.996267
vt 0.562899 0.999653
vt 0.395319 0.999653
vt 0.395319 0.996267
vt 0.746643 0.729866
vt 0.747214 0.730515
vt 0.747431 0.744275
vt 0.746865 0.745037
vt 0.566410 0.744738
vt 0.569717 0.744191
vt 0.570451 0.745332
vt 0.566384 0.746149
vt 0.747320 0.745744
vt 0.752055 0.744968
vt 0.752250 0.746018
vt 0.751492 0.746349
vt 0.751837 0.728680
vt 0.751726 0.729755
vt 0.565716 0.729684
vt 0.565601 0.728670
vt 0.570774 0.729671
vt 0.570207 0.730373
vt 0.570293 0.744014
vt 0.570853 0.744673
vt 0.565594 0.745822
vt 0.565771 0.744739
vt 0.395494 0.979588
vt 0.395494 0.995669
vt 0.394896 0.980186
vt 0.394896 0.995070
vt 0.013159 0.296108
vt 0.013159 0.312189
vt 0.012560 0.311590
vt 0.012560 0.296706
vt 0.367519 0.245947
vt 0.367663 0.230846
vt 0.370823 0.231476
vt 0.370941 0.245499
vt 0.553282 0.247432
vt 0.549167 0.246828
vt 0.549865 0.245571
vt 0.553177 0.246090
vt 0.371668 0.246676
vt 0.367451 0.247432
vt 0.012983 0.312787
vt 0.180563 0.312787
vt 0.180563 0.316173
vt 0.012983 0.316173
vt 0.012983 0.295509
vt 0.012983 0.292124
vt 0.180563 0.292124
vt 0.180563 0.295509
vt 0.372084 0.245991
vt 0.371520 0.245288
vt 0.371387 0.231667
vt 0.371945 0.230947
vt 0.552877 0.231043
vt 0.549603 0.231590
vt 0.548887 0.230454
vt 0.552905 0.229664
vt 0.371519 0.230268
vt 0.367043 0.230843
vt 0.366940 0.229882
vt 0.367599 0.229611
vt 0.366625 0.247075
vt 0.366828 0.245937
vt 0.553840 0.246068
vt 0.554032 0.247105
vt 0.548717 0.246137
vt 0.549276 0.245383
vt 0.549051 0.231801
vt 0.548490 0.231127
vt 0.553633 0.229963
vt 0.553520 0.231026
vt 0.180388 0.312189
vt 0.180388 0.296108
vt 0.180987 0.311590
vt 0.180986 0.296706
vt 0.004207 0.079408
vt 0.004207 0.095489
vt 0.003609 0.094891
vt 0.003609 0.080007
vt 0.793055 0.777608
vt 0.793200 0.762484
vt 0.796391 0.763138
vt 0.796478 0.777169
vt 0.977826 0.779115
vt 0.973803 0.778539
vt 0.974498 0.777306
vt 0.977740 0.777859
vt 0.797203 0.778346
vt 0.792985 0.779093
vt 0.004032 0.096088
vt 0.171612 0.096088
vt 0.171612 0.099473
vt 0.004032 0.099473
vt 0.004032 0.078810
vt 0.004032 0.075424
vt 0.171612 0.075424
vt 0.171612 0.078810
vt 0.797619 0.777664
vt 0.797057 0.776959
vt 0.796956 0.763293
vt 0.797524 0.762602
vt 0.977813 0.762668
vt 0.974454 0.763201
vt 0.973707 0.762038
vt 0.977863 0.761213
vt 0.797100 0.761929
vt 0.792587 0.762485
vt 0.792433 0.761502
vt 0.793149 0.761213
vt 0.792159 0.778736
vt 0.792363 0.777597
vt 0.978367 0.777855
vt 0.978489 0.778828
vt 0.973365 0.777862
vt 0.973931 0.777155
vt 0.973870 0.763380
vt 0.973298 0.762715
vt 0.978635 0.761532
vt 0.978514 0.762660
vt 0.171437 0.095489
vt 0.171437 0.079408
vt 0.172035 0.094891
vt 0.172035 0.080007
vt 0.183800 0.495791
vt 0.183800 0.511872
vt 0.183202 0.511273
vt 0.183201 0.496389
vt 0.792900 0.759170
vt 0.793010 0.744118
vt 0.796224 0.744673
vt 0.796221 0.758649
vt 0.977603 0.760866
vt 0.973561 0.760269
vt 0.974268 0.759028
vt 0.977524 0.759603
vt 0.796956 0.759795
vt 0.792849 0.760608
vt 0.183625 0.512470
vt 0.351205 0.512470
vt 0.351205 0.515856
vt 0.183625 0.515856
vt 0.183625 0.495192
vt 0.183625 0.491807
vt 0.351205 0.491807
vt 0.351205 0.495192
vt 0.797360 0.759135
vt 0.796798 0.758475
vt 0.796786 0.744825
vt 0.797350 0.744125
vt 0.977745 0.744360
vt 0.974340 0.744875
vt 0.973604 0.743700
vt 0.977800 0.742872
vt 0.796917 0.743450
vt 0.792388 0.744121
vt 0.792269 0.743156
vt 0.792926 0.742872
vt 0.792085 0.760292
vt 0.792206 0.759176
vt 0.978154 0.759603
vt 0.978270 0.760581
vt 0.973124 0.759577
vt 0.973699 0.758871
vt 0.973756 0.745086
vt 0.973191 0.744383
vt 0.978635 0.743221
vt 0.978441 0.744368
vt 0.351029 0.511872
vt 0.351029 0.495791
vt 0.351628 0.511273
vt 0.351628 0.496389
vt 0.171437 0.119886
vt 0.171437 0.103805
vt 0.172035 0.104403
vt 0.172035 0.119287
vt 0.377358 0.729158
vt 0.377533 0.714060
vt 0.380697 0.714707
vt 0.380735 0.728724
vt 0.562568 0.730741
vt 0.558455 0.730115
vt 0.559148 0.728860
vt 0.562472 0.729395
vt 0.381466 0.729884
vt 0.377281 0.730611
vt 0.171612 0.103206
vt 0.004032 0.103206
vt 0.004032 0.099821
vt 0.171612 0.099821
vt 0.171612 0.120484
vt 0.171612 0.123869
vt 0.004032 0.123869
vt 0.004032 0.120484
vt 0.381877 0.729219
vt 0.381312 0.728551
vt 0.381262 0.714863
vt 0.381826 0.714171
vt 0.562350 0.714243
vt 0.559015 0.714793
vt 0.558280 0.713637
vt 0.562374 0.712822
vt 0.381401 0.713499
vt 0.376912 0.714055
vt 0.376813 0.713092
vt 0.377473 0.712822
vt 0.376518 0.730278
vt 0.376660 0.729157
vt 0.563138 0.729379
vt 0.563322 0.730420
vt 0.558012 0.729414
vt 0.558577 0.728672
vt 0.558437 0.715009
vt 0.557873 0.714316
vt 0.563169 0.713151
vt 0.562992 0.714239
vt 0.004207 0.103805
vt 0.004207 0.119885
vt 0.003609 0.104403
vt 0.003609 0.119287
vt 0.038178 0.652203
vt 0.038178 0.668284
vt 0.037580 0.667686
vt 0.037580 0.652802
vt 0.562581 0.678002
vt 0.562565 0.692808
vt 0.559414 0.692205
vt 0.559414 0.678528
vt 0.377044 0.676184
vt 0.381117 0.676777
vt 0.380408 0.678028
vt 0.377128 0.677456
vt 0.558713 0.677305
vt 0.562675 0.676771
vt 0.038003 0.668883
vt 0.205583 0.668883
vt 0.205583 0.672268
vt 0.038003 0.672268
vt 0.038003 0.651605
vt 0.038003 0.648219
vt 0.205583 0.648219
vt 0.205583 0.651605
vt 0.558276 0.677984
vt 0.558840 0.678682
vt 0.558858 0.692053
vt 0.558301 0.692738
vt 0.376981 0.692786
vt 0.380373 0.692271
vt 0.381113 0.693448
vt 0.376922 0.694251
vt 0.558723 0.693409
vt 0.563223 0.692805
vt 0.563322 0.693798
vt 0.562641 0.694074
vt 0.563322 0.677058
vt 0.563194 0.678010
vt 0.376494 0.677458
vt 0.376373 0.676473
vt 0.381558 0.677473
vt 0.380981 0.678185
vt 0.380960 0.692057
vt 0.381528 0.692762
vt 0.376146 0.693925
vt 0.376274 0.692790
vt 0.205408 0.668284
vt 0.205408 0.652203
vt 0.206006 0.667686
vt 0.206006 0.652802
vt 0.182256 0.511872
vt 0.182256 0.495791
vt 0.182854 0.496389
vt 0.182854 0.511273
vt 0.343080 0.176850
vt 0.343132 0.162036
vt 0.346237 0.162635
vt 0.346295 0.176318
vt 0.528653 0.178134
vt 0.524585 0.177551
vt 0.525291 0.176300
vt 0.528567 0.176864
vt 0.346998 0.177548
vt 0.342983 0.178134
vt 0.182431 0.495192
vt 0.014851 0.495192
vt 0.014851 0.491807
vt 0.182431 0.491807
vt 0.182431 0.512470
vt 0.182431 0.515856
vt 0.014851 0.515856
vt 0.014851 0.512470
vt 0.347436 0.176868
vt 0.346872 0.176162
vt 0.346791 0.162786
vt 0.347347 0.162107
vt 0.528723 0.161536
vt 0.525301 0.162068
vt 0.524556 0.160890
vt 0.528771 0.160038
vt 0.346926 0.161439
vt 0.342523 0.162038
vt 0.342415 0.161094
vt 0.343060 0.160822
vt 0.342300 0.177842
vt 0.342419 0.176841
vt 0.529201 0.176862
vt 0.529322 0.177844
vt 0.524143 0.176856
vt 0.524718 0.176144
vt 0.524714 0.162283
vt 0.524143 0.161579
vt 0.529613 0.160386
vt 0.529423 0.161540
vt 0.015026 0.495791
vt 0.015026 0.511872
vt 0.014428 0.496389
vt 0.014428 0.511273
s 0
usemtl WoodenCrate2
f 10/1/1 11/2/1 4/3/1 1/4/1
f 14/5/2 15/6/2 12/7/2 9/8/2
f 7/9/3 8/10/3 3/11/3 4/12/3
f 2/13/4 3/14/4 8/15/4 5/16/4
f 6/17/5 7/18/5 16/19/5 13/20/5
f 1/4/6 4/3/6 3/14/6 2/13/6
f 7/18/7 6/17/7 5/21/7 8/22/7
f 15/6/8 14/5/8 13/20/8 16/19/8
f 11/2/9 10/1/9 9/8/9 12/7/9
f 13/23/10 14/24/10 9/25/10 10/26/10
f 5/27/10 6/28/10 1/29/10 2/30/10
f 6/28/10 13/23/10 10/26/10 1/29/10
f 15/31/3 16/32/3 11/33/3 12/34/3
f 16/32/3 7/9/3 4/12/3 11/33/3
f 27/35/10 17/36/10 19/37/10 25/38/10
f 26/39/2 20/40/2 42/41/2 40/42/2
f 30/43/6 48/44/6 46/45/6 32/46/6
f 38/47/9 28/48/9 26/39/9 40/42/9
f 18/49/5 24/50/5 34/51/5 44/52/5
f 28/53/1 38/54/1 48/55/1 30/56/1
f 37/57/3 39/58/3 41/59/3 43/60/3
f 22/61/4 32/46/4 46/45/4 36/62/4
f 34/63/7 24/64/7 22/61/7 36/62/7
f 43/60/11 41/59/11 42/41/11 44/65/11
f 19/66/12 17/67/12 18/68/12 20/40/12
f 39/58/13 37/57/13 38/47/13 40/42/13
f 27/69/14 25/70/14 26/39/14 28/48/14
f 31/71/15 29/72/15 30/43/15 32/46/15
f 47/73/16 45/74/16 46/45/16 48/44/16
f 35/75/17 33/76/17 34/63/17 36/62/17
f 23/77/18 21/78/18 22/61/18 24/64/18
f 25/70/19 19/66/19 20/40/19 26/39/19
f 41/59/20 39/58/20 40/42/20 42/41/20
f 32/46/21 22/61/21 21/78/21 31/71/21
f 24/50/22 18/49/22 17/36/22 23/79/22
f 28/53/23 30/56/23 29/80/23 27/35/23
f 33/76/24 43/60/24 44/65/24 34/63/24
f 45/74/25 35/75/25 36/62/25 46/45/25
f 37/57/26 47/73/26 48/44/26 38/47/26
f 42/41/8 20/40/8 18/68/8 44/65/8
f 23/79/10 17/36/10 27/35/10 29/80/10
f 21/81/10 23/79/10 29/80/10 31/82/10
f 45/74/3 47/73/3 33/76/3 35/75/3
f 47/73/3 37/57/3 43/60/3 33/76/3
f 59/83/10 49/84/10 51/85/10 57/86/10
f 58/87/2 52/88/2 74/89/2 72/90/2
f 62/91/6 80/92/6 78/93/6 64/94/6
f 70/95/9 60/96/9 58/87/9 72/90/9
f 50/97/5 56/98/5 66/99/5 76/100/5
f 60/101/1 70/102/1 80/103/1 62/104/1
f 69/105/3 71/106/3 73/107/3 75/108/3
f 54/109/4 64/94/4 78/93/4 68/110/4
f 66/111/7 56/112/7 54/109/7 68/110/7
f 75/108/11 73/107/11 74/89/11 76/113/11
f 51/114/12 49/115/12 50/116/12 52/88/12
f 71/106/13 69/105/13 70/95/13 72/90/13
f 59/117/14 57/118/14 58/87/14 60/96/14
f 63/119/15 61/120/15 62/91/15 64/94/15
f 79/121/16 77/122/16 78/93/16 80/92/16
f 67/123/17 65/124/17 66/111/17 68/110/17
f 55/125/18 53/126/18 54/109/18 56/112/18
f 57/118/19 51/114/19 52/88/19 58/87/19
f 73/107/20 71/106/20 72/90/20 74/89/20
f 64/94/21 54/109/21 53/126/21 63/119/21
f 56/98/22 50/97/22 49/84/22 55/127/22
f 60/101/23 62/104/23 61/128/23 59/83/23
f 65/124/24 75/108/24 76/113/24 66/111/24
f 77/122/25 67/123/25 68/110/25 78/93/25
f 69/105/26 79/121/26 80/92/26 70/95/26
f 74/89/8 52/88/8 50/116/8 76/113/8
f 55/127/10 49/84/10 59/83/10 61/128/10
f 53/129/10 55/127/10 61/128/10 63/130/10
f 77/122/3 79/121/3 65/124/3 67/123/3
f 79/121/3 69/105/3 75/108/3 65/124/3
f 91/131/10 81/132/10 83/133/10 89/134/10
f 90/135/2 84/136/2 106/137/2 104/138/2
f 94/139/6 112/140/6 110/141/6 96/142/6
f 102/143/9 92/144/9 90/135/9 104/138/9
f 82/145/5 88/146/5 98/147/5 108/148/5
f 92/149/1 102/150/1 112/151/1 94/152/1
f 101/153/3 103/154/3 105/155/3 107/156/3
f 86/157/4 96/142/4 110/141/4 100/158/4
f 98/159/7 88/160/7 86/157/7 100/158/7
f 107/156/11 105/155/11 106/137/11 108/161/11
f 83/162/12 81/163/12 82/164/12 84/136/12
f 103/154/13 101/153/13 102/143/13 104/138/13
f 91/165/14 89/166/14 90/135/14 92/144/14
f 95/167/15 93/168/15 94/139/15 96/142/15
f 111/169/16 109/170/16 110/141/16 112/140/16
f 99/171/17 97/172/17 98/159/17 100/158/17
f 87/173/18 85/174/18 86/157/18 88/160/18
f 89/166/19 83/162/19 84/136/19 90/135/19
f 105/155/20 103/154/20 104/138/20 106/137/20
f 96/142/21 86/157/21 85/174/21 95/167/21
f 88/146/22 82/145/22 81/132/22 87/175/22
f 92/149/23 94/152/23 93/176/23 91/131/23
f 97/172/24 107/156/24 108/161/24 98/159/24
f 109/170/25 99/171/25 100/158/25 110/141/25
f 101/153/26 111/169/26 112/140/26 102/143/26
f 106/137/8 84/136/8 82/164/8 108/161/8
f 87/175/10 81/132/10 91/131/10 93/176/10
f 85/177/10 87/175/10 93/176/10 95/178/10
f 109/170/3 111/169/3 97/172/3 99/171/3
f 111/169/3 101/153/3 107/156/3 97/172/3
f 123/179/10 113/180/10 115/181/10 121/182/10
f 122/183/2 116/184/2 138/185/2 136/186/2
f 126/187/6 144/188/6 142/189/6 128/190/6
f 134/191/9 124/192/9 122/183/9 136/186/9
f 114/193/5 120/194/5 130/195/5 140/196/5
f 124/197/1 134/198/1 144/199/1 126/200/1
f 133/201/3 135/202/3 137/203/3 139/204/3
f 118/205/4 128/190/4 142/189/4 132/206/4
f 130/207/7 120/208/7 118/205/7 132/206/7
f 139/204/11 137/203/11 138/185/11 140/209/11
f 115/210/12 113/211/12 114/212/12 116/184/12
f 135/202/13 133/201/13 134/191/13 136/186/13
f 123/213/14 121/214/14 122/183/14 124/192/14
f 127/215/15 125/216/15 126/187/15 128/190/15
f 143/217/16 141/218/16 142/189/16 144/188/16
f 131/219/17 129/220/17 130/207/17 132/206/17
f 119/221/18 117/222/18 118/205/18 120/208/18
f 121/214/19 115/210/19 116/184/19 122/183/19
f 137/203/20 135/202/20 136/186/20 138/185/20
f 128/190/21 118/205/21 117/222/21 127/215/21
f 120/194/22 114/193/22 113/180/22 119/223/22
f 124/197/23 126/200/23 125/224/23 123/179/23
f 129/220/24 139/204/24 140/209/24 130/207/24
f 141/218/25 131/219/25 132/206/25 142/189/25
f 133/201/26 143/217/26 144/188/26 134/191/26
f 138/185/8 116/184/8 114/212/8 140/209/8
f 119/223/10 113/180/10 123/179/10 125/224/10
f 117/225/10 119/223/10 125/224/10 127/226/10
f 141/218/3 143/217/3 129/220/3 131/219/3
f 143/217/3 133/201/3 139/204/3 129/220/3
f 155/227/10 145/228/10 147/229/10 153/230/10
f 154/231/2 148/232/2 170/233/2 168/234/2
f 158/235/6 176/236/6 174/237/6 160/238/6
f 166/239/9 156/240/9 154/231/9 168/234/9
f 146/241/5 152/242/5 162/243/5 172/244/5
f 156/245/1 166/246/1 176/247/1 158/248/1
f 165/249/3 167/250/3 169/251/3 171/252/3
f 150/253/4 160/238/4 174/237/4 164/254/4
f 162/255/7 152/256/7 150/253/7 164/254/7
f 171/252/11 169/251/11 170/233/11 172/257/11
f 147/258/12 145/259/12 146/260/12 148/232/12
f 167/250/13 165/249/13 166/239/13 168/234/13
f 155/261/14 153/262/14 154/231/14 156/240/14
f 159/263/15 157/264/15 158/235/15 160/238/15
f 175/265/16 173/266/16 174/237/16 176/236/16
f 163/267/17 161/268/17 162/255/17 164/254/17
f 151/269/18 149/270/18 150/253/18 152/256/18
f 153/262/19 147/258/19 148/232/19 154/231/19
f 169/251/20 167/250/20 168/234/20 170/233/20
f 160/238/21 150/253/21 149/270/21 159/263/21
f 152/242/22 146/241/22 145/228/22 151/271/22
f 156/245/23 158/248/23 157/272/23 155/227/23
f 161/268/24 171/252/24 172/257/24 162/255/24
f 173/266/25 163/267/25 164/254/25 174/237/25
f 165/249/26 175/265/26 176/236/26 166/239/26
f 170/233/8 148/232/8 146/260/8 172/257/8
f 151/271/10 145/228/10 155/227/10 157/272/10
f 149/273/10 151/271/10 157/272/10 159/274/10
f 173/266/3 175/265/3 161/268/3 163/267/3
f 175/265/3 165/249/3 171/252/3 161/268/3
f 187/275/10 177/276/10 179/277/10 185/278/10
f 186/279/1 180/280/1 202/281/1 200/282/1
f 190/283/7 208/284/7 206/285/7 192/286/7
f 198/287/6 188/288/6 186/279/6 200/282/6
f 178/289/2 184/290/2 194/291/2 204/292/2
f 188/293/4 198/294/4 208/295/4 190/296/4
f 197/297/3 199/298/3 201/299/3 203/300/3
f 182/301/5 192/286/5 206/285/5 196/302/5
f 194/303/8 184/304/8 182/301/8 196/302/8
f 203/300/13 201/299/13 202/281/13 204/305/13
f 179/306/14 177/307/14 178/308/14 180/280/14
f 199/298/16 197/297/16 198/287/16 200/282/16
f 187/309/15 185/310/15 186/279/15 188/288/15
f 191/311/18 189/312/18 190/283/18 192/286/18
f 207/313/17 205/314/17 206/285/17 208/284/17
f 195/315/11 193/316/11 194/303/11 196/302/11
f 183/317/12 181/318/12 182/301/12 184/304/12
f 185/310/23 179/306/23 180/280/23 186/279/23
f 201/299/26 199/298/26 200/282/26 202/281/26
f 192/286/22 182/301/22 181/318/22 191/311/22
f 184/290/19 178/289/19 177/276/19 183/319/19
f 188/293/21 190/296/21 189/320/21 187/275/21
f 193/316/20 203/300/20 204/305/20 194/303/20
f 205/314/24 195/315/24 196/302/24 206/285/24
f 197/297/25 207/313/25 208/284/25 198/287/25
f 202/281/9 180/280/9 178/308/9 204/305/9
f 183/319/10 177/276/10 187/275/10 189/320/10
f 181/321/10 183/319/10 189/320/10 191/322/10
f 205/314/3 207/313/3 193/316/3 195/315/3
f 207/313/3 197/297/3 203/300/3 193/316/3
f 219/323/10 209/324/10 211/325/10 217/326/10
f 218/327/1 212/328/1 234/329/1 232/330/1
f 222/331/7 240/332/7 238/333/7 224/334/7
f 230/335/6 220/336/6 218/327/6 232/330/6
f 210/337/2 216/338/2 226/339/2 236/340/2
f 220/341/4 230/342/4 240/343/4 222/344/4
f 229/345/3 231/346/3 233/347/3 235/348/3
f 214/349/5 224/334/5 238/333/5 228/350/5
f 226/351/8 216/352/8 214/349/8 228/350/8
f 235/348/13 233/347/13 234/329/13 236/353/13
f 211/354/14 209/355/14 210/356/14 212/328/14
f 231/346/16 229/345/16 230/335/16 232/330/16
f 219/357/15 217/358/15 218/327/15 220/336/15
f 223/359/18 221/360/18 222/331/18 224/334/18
f 239/361/17 237/362/17 238/333/17 240/332/17
f 227/363/11 225/364/11 226/351/11 228/350/11
f 215/365/12 213/366/12 214/349/12 216/352/12
f 217/358/23 211/354/23 212/328/23 218/327/23
f 233/347/26 231/346/26 232/330/26 234/329/26
f 224/334/22 214/349/22 213/366/22 223/359/22
f 216/338/19 210/337/19 209/324/19 215/367/19
f 220/341/21 222/344/21 221/368/21 219/323/21
f 225/364/20 235/348/20 236/353/20 226/351/20
f 237/362/24 227/363/24 228/350/24 238/333/24
f 229/345/25 239/361/25 240/332/25 230/335/25
f 234/329/9 212/328/9 210/356/9 236/353/9
f 215/367/10 209/324/10 219/323/10 221/368/10
f 213/369/10 215/367/10 221/368/10 223/370/10
f 237/362/3 239/361/3 225/364/3 227/363/3
f 239/361/3 229/345/3 235/348/3 225/364/3
f 251/371/1 241/372/1 243/373/1 249/374/1
f 250/375/2 244/376/2 266/377/2 264/378/2
f 254/379/25 272/380/25 270/381/25 256/382/25
f 262/383/20 252/384/20 250/375/20 264/378/20
f 242/385/10 248/386/10 258/387/10 268/388/10
f 252/389/3 262/390/3 272/391/3 254/392/3
f 261/393/5 263/394/5 265/395/5 267/396/5
f 246/397/4 256/382/4 270/381/4 260/398/4
f 258/399/21 248/400/21 246/397/21 260/398/21
f 267/396/27 265/395/27 266/377/27 268/401/27
f 243/402/28 241/403/28 242/404/28 244/376/28
f 263/394/29 261/393/29 262/383/29 264/378/29
f 251/405/30 249/406/30 250/375/30 252/384/30
f 255/407/31 253/408/31 254/379/31 256/382/31
f 271/409/32 269/410/32 270/381/32 272/380/32
f 259/411/33 257/412/33 258/399/33 260/398/33
f 247/413/34 245/414/34 246/397/34 248/400/34
f 249/406/9 243/402/9 244/376/9 250/375/9
f 265/395/8 263/394/8 264/378/8 266/377/8
f 256/382/6 246/397/6 245/414/6 255/407/6
f 248/386/23 242/385/23 241/372/23 247/415/23
f 252/389/26 254/392/26 253/416/26 251/371/26
f 257/412/22 267/396/22 268/401/22 258/399/22
f 269/410/7 259/411/7 260/398/7 270/381/7
f 261/393/24 271/409/24 272/380/24 262/383/24
f 266/377/19 244/376/19 242/404/19 268/401/19
f 247/415/1 241/372/1 251/371/1 253/416/1
f 245/417/1 247/415/1 253/416/1 255/418/1
f 269/410/5 271/409/5 257/412/5 259/411/5
f 271/409/5 261/393/5 267/396/5 257/412/5
f 283/419/1 273/420/1 275/421/1 281/422/1
f 282/423/2 276/424/2 298/425/2 296/426/2
f 286/427/25 304/428/25 302/429/25 288/430/25
f 294/431/20 284/432/20 282/423/20 296/426/20
f 274/433/10 280/434/10 290/435/10 300/436/10
f 284/437/3 294/438/3 304/439/3 286/440/3
f 293/441/5 295/442/5 297/443/5 299/444/5
f 278/445/4 288/430/4 302/429/4 292/446/4
f 290/447/21 280/448/21 278/445/21 292/446/21
f 299/444/27 297/443/27 298/425/27 300/449/27
f 275/450/28 273/451/28 274/452/28 276/424/28
f 295/442/29 293/441/29 294/431/29 296/426/29
f 283/453/30 281/454/30 282/423/30 284/432/30
f 287/455/31 285/456/31 286/427/31 288/430/31
f 303/457/32 301/458/32 302/429/32 304/428/32
f 291/459/33 289/460/33 290/447/33 292/446/33
f 279/461/34 277/462/34 278/445/34 280/448/34
f 281/454/9 275/450/9 276/424/9 282/423/9
f 297/443/8 295/442/8 296/426/8 298/425/8
f 288/430/6 278/445/6 277/462/6 287/455/6
f 280/434/23 274/433/23 273/420/23 279/463/23
f 284/437/26 286/440/26 285/464/26 283/419/26
f 289/460/22 299/444/22 300/449/22 290/447/22
f 301/458/7 291/459/7 292/446/7 302/429/7
f 293/441/24 303/457/24 304/428/24 294/431/24
f 298/425/19 276/424/19 274/452/19 300/449/19
f 279/463/1 273/420/1 283/419/1 285/464/1
f 277/465/1 279/463/1 285/464/1 287/466/1
f 301/458/5 303/457/5 289/460/5 291/459/5
f 303/457/5 293/441/5 299/444/5 289/460/5
f 315/467/1 305/468/1 307/469/1 313/470/1
f 314/471/2 308/472/2 330/473/2 328/474/2
f 318/475/25 336/476/25 334/477/25 320/478/25
f 326/479/20 316/480/20 314/471/20 328/474/20
f 306/481/10 312/482/10 322/483/10 332/484/10
f 316/485/3 326/486/3 336/487/3 318/488/3
f 325/489/5 327/490/5 329/491/5 331/492/5
f 310/493/4 320/478/4 334/477/4 324/494/4
f 322/495/21 312/496/21 310/493/21 324/494/21
f 331/492/27 329/491/27 330/473/27 332/497/27
f 307/498/28 305/499/28 306/500/28 308/472/28
f 327/490/29 325/489/29 326/479/29 328/474/29
f 315/501/30 313/502/30 314/471/30 316/480/30
f 319/503/31 317/504/31 318/475/31 320/478/31
f 335/505/32 333/506/32 334/477/32 336/476/32
f 323/507/33 321/508/33 322/495/33 324/494/33
f 311/509/34 309/510/34 310/493/34 312/496/34
f 313/502/9 307/498/9 308/472/9 314/471/9
f 329/491/8 327/490/8 328/474/8 330/473/8
f 320/478/6 310/493/6 309/510/6 319/503/6
f 312/482/23 306/481/23 305/468/23 311/511/23
f 316/485/26 318/488/26 317/512/26 315/467/26
f 321/508/22 331/492/22 332/497/22 322/495/22
f 333/506/7 323/507/7 324/494/7 334/477/7
f 325/489/24 335/505/24 336/476/24 326/479/24
f 330/473/19 308/472/19 306/500/19 332/497/19
f 311/511/1 305/468/1 315/467/1 317/512/1
f 309/513/1 311/511/1 317/512/1 319/514/1
f 333/506/5 335/505/5 321/508/5 323/507/5
f 335/505/5 325/489/5 331/492/5 321/508/5
f 347/515/1 337/516/1 339/517/1 345/518/1
f 346/519/2 340/520/2 362/521/2 360/522/2
f 350/523/25 368/524/25 366/525/25 352/526/25
f 358/527/20 348/528/20 346/519/20 360/522/20
f 338/529/10 344/530/10 354/531/10 364/532/10
f 348/533/3 358/534/3 368/535/3 350/536/3
f 357/537/5 359/538/5 361/539/5 363/540/5
f 342/541/4 352/526/4 366/525/4 356/542/4
f 354/543/21 344/544/21 342/541/21 356/542/21
f 363/540/27 361/539/27 362/521/27 364/545/27
f 339/546/28 337/547/28 338/548/28 340/520/28
f 359/538/29 357/537/29 358/527/29 360/522/29
f 347/549/30 345/550/30 346/519/30 348/528/30
f 351/551/31 349/552/31 350/523/31 352/526/31
f 367/553/32 365/554/32 366/525/32 368/524/32
f 355/555/33 353/556/33 354/543/33 356/542/33
f 343/557/34 341/558/34 342/541/34 344/544/34
f 345/550/9 339/546/9 340/520/9 346/519/9
f 361/539/8 359/538/8 360/522/8 362/521/8
f 352/526/6 342/541/6 341/558/6 351/551/6
f 344/530/23 338/529/23 337/516/23 343/559/23
f 348/533/26 350/536/26 349/560/26 347/515/26
f 353/556/22 363/540/22 364/545/22 354/543/22
f 365/554/7 355/555/7 356/542/7 366/525/7
f 357/537/24 367/553/24 368/524/24 358/527/24
f 362/521/19 340/520/19 338/548/19 364/545/19
f 343/559/1 337/516/1 347/515/1 349/560/1
f 341/561/1 343/559/1 349/560/1 351/562/1
f 365/554/5 367/553/5 353/556/5 355/555/5
f 367/553/5 357/537/5 363/540/5 353/556/5
f 379/563/1 369/564/1 371/565/1 377/566/1
f 378/567/2 372/568/2 394/569/2 392/570/2
f 382/571/25 400/572/25 398/573/25 384/574/25
f 390/575/20 380/576/20 378/567/20 392/570/20
f 370/577/10 376/578/10 386/579/10 396/580/10
f 380/581/3 390/582/3 400/583/3 382/584/3
f 389/585/5 391/586/5 393/587/5 395/588/5
f 374/589/4 384/574/4 398/573/4 388/590/4
f 386/591/21 376/592/21 374/589/21 388/590/21
f 395/588/27 393/587/27 394/569/27 396/593/27
f 371/594/28 369/595/28 370/596/28 372/568/28
f 391/586/29 389/585/29 390/575/29 392/570/29
f 379/597/30 377/598/30 378/567/30 380/576/30
f 383/599/31 381/600/31 382/571/31 384/574/31
f 399/601/32 397/602/32 398/573/32 400/572/32
f 387/603/33 385/604/33 386/591/33 388/590/33
f 375/605/34 373/606/34 374/589/34 376/592/34
f 377/598/9 371/594/9 372/568/9 378/567/9
f 393/587/8 391/586/8 392/570/8 394/569/8
f 384/574/6 374/589/6 373/606/6 383/599/6
f 376/578/23 370/577/23 369/564/23 375/607/23
f 380/581/26 382/584/26 381/608/26 379/563/26
f 385/604/22 395/588/22 396/593/22 386/591/22
f 397/602/7 387/603/7 388/590/7 398/573/7
f 389/585/24 399/601/24 400/572/24 390/575/24
f 394/569/19 372/568/19 370/596/19 396/593/19
f 375/607/1 369/564/1 379/563/1 381/608/1
f 373/609/1 375/607/1 381/608/1 383/610/1
f 397/602/5 399/601/5 385/604/5 387/603/5
f 399/601/5 389/585/5 395/588/5 385/604/5
f 411/611/1 401/612/1 403/613/1 409/614/1
f 410/615/3 404/616/3 426/617/3 424/618/3
f 414/619/21 432/620/21 430/621/21 416/622/21
f 422/623/25 412/624/25 410/615/25 424/618/25
f 402/625/2 408/626/2 418/627/2 428/628/2
f 412/629/4 422/630/4 432/631/4 414/632/4
f 421/633/5 423/634/5 425/635/5 427/636/5
f 406/637/10 416/622/10 430/621/10 420/638/10
f 418/639/19 408/640/19 406/637/19 420/638/19
f 427/636/29 425/635/29 426/617/29 428/641/29
f 403/642/30 401/643/30 402/644/30 404/616/30
f 423/634/32 421/633/32 422/623/32 424/618/32
f 411/645/31 409/646/31 410/615/31 412/624/31
f 415/647/34 413/648/34 414/619/34 416/622/34
f 431/649/33 429/650/33 430/621/33 432/620/33
f 419/651/27 417/652/27 418/639/27 420/638/27
f 407/653/28 405/654/28 406/637/28 408/640/28
f 409/646/26 403/642/26 404/616/26 410/615/26
f 425/635/24 423/634/24 424/618/24 426/617/24
f 416/622/23 406/637/23 405/654/23 415/647/23
f 408/626/9 402/625/9 401/612/9 407/655/9
f 412/629/6 414/632/6 413/656/6 411/611/6
f 417/652/8 427/636/8 428/641/8 418/639/8
f 429/650/22 419/651/22 420/638/22 430/621/22
f 421/633/7 431/649/7 432/620/7 422/623/7
f 426/617/20 404/616/20 402/644/20 428/641/20
f 407/655/1 401/612/1 411/611/1 413/656/1
f 405/657/1 407/655/1 413/656/1 415/658/1
f 429/650/5 431/649/5 417/652/5 419/651/5
f 431/649/5 421/633/5 427/636/5 417/652/5
f 443/659/1 433/660/1 435/661/1 441/662/1
f 442/663/3 436/664/3 458/665/3 456/666/3
f 446/667/21 464/668/21 462/669/21 448/670/21
f 454/671/25 444/672/25 442/663/25 456/666/25
f 434/673/2 440/674/2 450/675/2 460/676/2
f 444/677/4 454/678/4 464/679/4 446/680/4
f 453/681/5 455/682/5 457/683/5 459/684/5
f 438/685/10 448/670/10 462/669/10 452/686/10
f 450/687/19 440/688/19 438/685/19 452/686/19
f 459/684/29 457/683/29 458/665/29 460/689/29
f 435/690/30 433/691/30 434/692/30 436/664/30
f 455/682/32 453/681/32 454/671/32 456/666/32
f 443/693/31 441/694/31 442/663/31 444/672/31
f 447/695/34 445/696/34 446/667/34 448/670/34
f 463/697/33 461/698/33 462/669/33 464/668/33
f 451/699/27 449/700/27 450/687/27 452/686/27
f 439/701/28 437/702/28 438/685/28 440/688/28
f 441/694/26 435/690/26 436/664/26 442/663/26
f 457/683/24 455/682/24 456/666/24 458/665/24
f 448/670/23 438/685/23 437/702/23 447/695/23
f 440/674/9 434/673/9 433/660/9 439/703/9
f 444/677/6 446/680/6 445/704/6 443/659/6
f 449/700/8 459/684/8 460/689/8 450/687/8
f 461/698/22 451/699/22 452/686/22 462/669/22
f 453/681/7 463/697/7 464/668/7 454/671/7
f 458/665/20 436/664/20 434/692/20 460/689/20
f 439/703/1 433/660/1 443/659/1 445/704/1
f 437/705/1 439/703/1 445/704/1 447/706/1
f 461/698/5 463/697/5 449/700/5 451/699/5
f 463/697/5 453/681/5 459/684/5 449/700/5
f 492/707/5 471/708/5 476/709/5 493/710/5
f 481/711/1 485/712/1 473/713/1 479/714/1
f 469/715/5 489/716/5 496/717/5 477/718/5
f 478/719/3 495/720/3 483/721/3 468/722/3
f 475/723/21 472/724/21 482/725/21 480/726/21
f 490/727/2 470/728/2 466/729/2 487/730/2
f 472/731/10 491/732/10 486/733/10 482/734/10
f 490/727/19 487/730/19 486/733/19 491/732/19
f 496/717/5 489/716/5 492/707/5 493/710/5
f 494/735/4 475/736/4 480/737/4 474/738/4
f 485/712/1 488/739/1 484/740/1 473/713/1
f 470/741/20 478/742/20 468/743/20 466/744/20
f 494/735/25 474/738/25 483/721/25 495/720/25
f 480/737/34 482/734/34 481/711/34 479/714/34
f 469/715/29 477/718/29 478/742/29 470/741/29
f 476/709/33 471/708/33 472/724/33 475/723/33
f 466/729/30 468/722/30 467/745/30 465/746/30
f 486/733/35 487/730/35 488/739/35 485/712/35
f 490/727/36 491/732/36 492/747/36 489/748/36
f 494/735/37 495/720/37 496/749/37 493/750/37
f 493/750/38 476/751/38 475/736/38 494/735/38
f 487/730/39 466/729/39 465/746/39 488/739/39
f 468/722/40 483/721/40 484/740/40 467/745/40
f 477/752/41 496/749/41 495/720/41 478/719/41
f 471/753/42 492/747/42 491/732/42 472/731/42
f 489/748/43 469/754/43 470/728/43 490/727/43
f 482/734/44 486/733/44 485/712/44 481/711/44
f 479/714/45 473/713/45 474/738/45 480/737/45
f 483/721/46 474/738/46 473/713/46 484/740/46
f 465/746/1 467/745/1 484/740/1 488/739/1
f 507/755/3 497/756/3 499/757/3 505/758/3
f 506/759/2 500/760/2 522/761/2 520/762/2
f 510/763/7 528/764/7 526/765/7 512/766/7
f 518/767/8 508/768/8 506/759/8 520/762/8
f 498/769/1 504/770/1 514/771/1 524/772/1
f 508/773/5 518/774/5 528/775/5 510/776/5
f 517/777/10 519/778/10 521/779/10 523/780/10
f 502/781/4 512/766/4 526/765/4 516/782/4
f 514/783/6 504/784/6 502/781/6 516/782/6
f 523/780/14 521/779/14 522/761/14 524/785/14
f 499/786/13 497/787/13 498/788/13 500/760/13
f 519/778/12 517/777/12 518/767/12 520/762/12
f 507/789/11 505/790/11 506/759/11 508/768/11
f 511/791/17 509/792/17 510/763/17 512/766/17
f 527/793/18 525/794/18 526/765/18 528/764/18
f 515/795/15 513/796/15 514/783/15 516/782/15
f 503/797/16 501/798/16 502/781/16 504/784/16
f 505/790/20 499/786/20 500/760/20 506/759/20
f 521/779/19 519/778/19 520/762/19 522/761/19
f 512/766/25 502/781/25 501/798/25 511/791/25
f 504/770/26 498/769/26 497/756/26 503/799/26
f 508/773/24 510/776/24 509/800/24 507/755/24
f 513/796/23 523/780/23 524/785/23 514/783/23
f 525/794/21 515/795/21 516/782/21 526/765/21
f 517/777/22 527/793/22 528/764/22 518/767/22
f 522/761/9 500/760/9 498/788/9 524/785/9
f 503/799/3 497/756/3 507/755/3 509/800/3
f 501/801/3 503/799/3 509/800/3 511/802/3
f 525/794/10 527/793/10 513/796/10 515/795/10
f 527/793/10 517/777/10 523/780/10 513/796/10
f 539/803/3 529/804/3 531/805/3 537/806/3
f 538/807/2 532/808/2 554/809/2 552/810/2
f 542/811/7 560/812/7 558/813/7 544/814/7
f 550/815/8 540/816/8 538/807/8 552/810/8
f 530/817/1 536/818/1 546/819/1 556/820/1
f 540/821/5 550/822/5 560/823/5 542/824/5
f 549/825/10 551/826/10 553/827/10 555/828/10
f 534/829/4 544/814/4 558/813/4 548/830/4
f 546/831/6 536/832/6 534/829/6 548/830/6
f 555/828/14 553/827/14 554/809/14 556/833/14
f 531/834/13 529/835/13 530/836/13 532/808/13
f 551/826/12 549/825/12 550/815/12 552/810/12
f 539/837/11 537/838/11 538/807/11 540/816/11
f 543/839/17 541/840/17 542/811/17 544/814/17
f 559/841/18 557/842/18 558/813/18 560/812/18
f 547/843/15 545/844/15 546/831/15 548/830/15
f 535/845/16 533/846/16 534/829/16 536/832/16
f 537/838/20 531/834/20 532/808/20 538/807/20
f 553/827/19 551/826/19 552/810/19 554/809/19
f 544/814/25 534/829/25 533/846/25 543/839/25
f 536/818/26 530/817/26 529/804/26 535/847/26
f 540/821/24 542/824/24 541/848/24 539/803/24
f 545/844/23 555/828/23 556/833/23 546/831/23
f 557/842/21 547/843/21 548/830/21 558/813/21
f 549/825/22 559/841/22 560/812/22 550/815/22
f 554/809/9 532/808/9 530/836/9 556/833/9
f 535/847/3 529/804/3 539/803/3 541/848/3
f 533/849/3 535/847/3 541/848/3 543/850/3
f 557/842/10 559/841/10 545/844/10 547/843/10
f 559/841/10 549/825/10 555/828/10 545/844/10
f 571/851/3 561/852/3 563/853/3 569/854/3
f 570/855/2 564/856/2 586/857/2 584/858/2
f 574/859/7 592/860/7 590/861/7 576/862/7
f 582/863/8 572/864/8 570/855/8 584/858/8
f 562/865/1 568/866/1 578/867/1 588/868/1
f 572/869/5 582/870/5 592/871/5 574/872/5
f 581/873/10 583/874/10 585/875/10 587/876/10
f 566/877/4 576/862/4 590/861/4 580/878/4
f 578/879/6 568/880/6 566/877/6 580/878/6
f 587/876/14 585/875/14 586/857/14 588/881/14
f 563/882/13 561/883/13 562/884/13 564/856/13
f 583/874/12 581/873/12 582/863/12 584/858/12
f 571/885/11 569/886/11 570/855/11 572/864/11
f 575/887/17 573/888/17 574/859/17 576/862/17
f 591/889/18 589/890/18 590/861/18 592/860/18
f 579/891/15 577/892/15 578/879/15 580/878/15
f 567/893/16 565/894/16 566/877/16 568/880/16
f 569/886/20 563/882/20 564/856/20 570/855/20
f 585/875/19 583/874/19 584/858/19 586/857/19
f 576/862/25 566/877/25 565/894/25 575/887/25
f 568/866/26 562/865/26 561/852/26 567/895/26
f 572/869/24 574/872/24 573/896/24 571/851/24
f 577/892/23 587/876/23 588/881/23 578/879/23
f 589/890/21 579/891/21 580/878/21 590/861/21
f 581/873/22 591/889/22 592/860/22 582/863/22
f 586/857/9 564/856/9 562/884/9 588/881/9
f 567/895/3 561/852/3 571/851/3 573/896/3
f 565/897/3 567/895/3 573/896/3 575/898/3
f 589/890/10 591/889/10 577/892/10 579/891/10
f 591/889/10 581/873/10 587/876/10 577/892/10
f 603/899/3 593/900/3 595/901/3 601/902/3
f 602/903/2 596/904/2 618/905/2 616/906/2
f 606/907/7 624/908/7 622/909/7 608/910/7
f 614/911/8 604/912/8 602/903/8 616/906/8
f 594/913/1 600/914/1 610/915/1 620/916/1
f 604/917/5 614/918/5 624/919/5 606/920/5
f 613/921/10 615/922/10 617/923/10 619/924/10
f 598/925/4 608/910/4 622/909/4 612/926/4
f 610/927/6 600/928/6 598/925/6 612/926/6
f 619/924/14 617/923/14 618/905/14 620/929/14
f 595/930/13 593/931/13 594/932/13 596/904/13
f 615/922/12 613/921/12 614/911/12 616/906/12
f 603/933/11 601/934/11 602/903/11 604/912/11
f 607/935/17 605/936/17 606/907/17 608/910/17
f 623/937/18 621/938/18 622/909/18 624/908/18
f 611/939/15 609/940/15 610/927/15 612/926/15
f 599/941/16 597/942/16 598/925/16 600/928/16
f 601/934/20 595/930/20 596/904/20 602/903/20
f 617/923/19 615/922/19 616/906/19 618/905/19
f 608/910/25 598/925/25 597/942/25 607/935/25
f 600/914/26 594/913/26 593/900/26 599/943/26
f 604/917/24 606/920/24 605/944/24 603/899/24
f 609/940/23 619/924/23 620/929/23 610/927/23
f 621/938/21 611/939/21 612/926/21 622/909/21
f 613/921/22 623/937/22 624/908/22 614/911/22
f 618/905/9 596/904/9 594/932/9 620/929/9
f 599/943/3 593/900/3 603/899/3 605/944/3
f 597/945/3 599/943/3 605/944/3 607/946/3
f 621/938/10 623/937/10 609/940/10 611/939/10
f 623/937/10 613/921/10 619/924/10 609/940/10
f 635/947/3 625/948/3 627/949/3 633/950/3
f 634/951/2 628/952/2 650/953/2 648/954/2
f 638/955/7 656/956/7 654/957/7 640/958/7
f 646/959/8 636/960/8 634/951/8 648/954/8
f 626/961/1 632/962/1 642/963/1 652/964/1
f 636/965/5 646/966/5 656/967/5 638/968/5
f 645/969/10 647/970/10 649/971/10 651/972/10
f 630/973/4 640/958/4 654/957/4 644/974/4
f 642/975/6 632/976/6 630/973/6 644/974/6
f 651/972/14 649/971/14 650/953/14 652/977/14
f 627/978/13 625/979/13 626/980/13 628/952/13
f 647/970/12 645/969/12 646/959/12 648/954/12
f 635/981/11 633/982/11 634/951/11 636/960/11
f 639/983/17 637/984/17 638/955/17 640/958/17
f 655/985/18 653/986/18 654/957/18 656/956/18
f 643/987/15 641/988/15 642/975/15 644/974/15
f 631/989/16 629/990/16 630/973/16 632/976/16
f 633/982/20 627/978/20 628/952/20 634/951/20
f 649/971/19 647/970/19 648/954/19 650/953/19
f 640/958/25 630/973/25 629/990/25 639/983/25
f 632/962/26 626/961/26 625/948/26 631/991/26
f 636/965/24 638/968/24 637/992/24 635/947/24
f 641/988/23 651/972/23 652/977/23 642/975/23
f 653/986/21 643/987/21 644/974/21 654/957/21
f 645/969/22 655/985/22 656/956/22 646/959/22
f 650/953/9 628/952/9 626/980/9 652/977/9
f 631/991/3 625/948/3 635/947/3 637/992/3
f 629/993/3 631/991/3 637/992/3 639/994/3
f 653/986/10 655/985/10 641/988/10 643/987/10
f 655/985/10 645/969/10 651/972/10 641/988/10
f 667/995/3 657/996/3 659/997/3 665/998/3
f 666/999/5 660/1000/5 682/1001/5 680/1002/5
f 670/1003/6 688/1004/6 686/1005/6 672/1006/6
f 678/1007/7 668/1008/7 666/999/7 680/1002/7
f 658/1009/2 664/1010/2 674/1011/2 684/1012/2
f 668/1013/4 678/1014/4 688/1015/4 670/1016/4
f 677/1017/10 679/1018/10 681/1019/10 683/1020/10
f 662/1021/1 672/1006/1 686/1005/1 676/1022/1
f 674/1023/9 664/1024/9 662/1021/9 676/1022/9
f 683/1020/12 681/1019/12 682/1001/12 684/1025/12
f 659/1026/11 657/1027/11 658/1028/11 660/1000/11
f 679/1018/18 677/1017/18 678/1007/18 680/1002/18
f 667/1029/17 665/1030/17 666/999/17 668/1008/17
f 671/1031/16 669/1032/16 670/1003/16 672/1006/16
f 687/1033/15 685/1034/15 686/1005/15 688/1004/15
f 675/1035/14 673/1036/14 674/1023/14 676/1022/14
f 663/1037/13 661/1038/13 662/1021/13 664/1024/13
f 665/1030/24 659/1026/24 660/1000/24 666/999/24
f 681/1019/22 679/1018/22 680/1002/22 682/1001/22
f 672/1006/26 662/1021/26 661/1038/26 671/1031/26
f 664/1010/20 658/1009/20 657/996/20 663/1039/20
f 668/1013/25 670/1016/25 669/1040/25 667/995/25
f 673/1036/19 683/1020/19 684/1025/19 674/1023/19
f 685/1034/23 675/1035/23 676/1022/23 686/1005/23
f 677/1017/21 687/1033/21 688/1004/21 678/1007/21
f 682/1001/8 660/1000/8 658/1028/8 684/1025/8
f 663/1039/3 657/996/3 667/995/3 669/1040/3
f 661/1041/3 663/1039/3 669/1040/3 671/1042/3
f 685/1034/10 687/1033/10 673/1036/10 675/1035/10
f 687/1033/10 677/1017/10 683/1020/10 673/1036/10
f 699/1043/3 689/1044/3 691/1045/3 697/1046/3
f 698/1047/5 692/1048/5 714/1049/5 712/1050/5
f 702/1051/6 720/1052/6 718/1053/6 704/1054/6
f 710/1055/7 700/1056/7 698/1047/7 712/1050/7
f 690/1057/2 696/1058/2 706/1059/2 716/1060/2
f 700/1061/4 710/1062/4 720/1063/4 702/1064/4
f 709/1065/10 711/1066/10 713/1067/10 715/1068/10
f 694/1069/1 704/1054/1 718/1053/1 708/1070/1
f 706/1071/9 696/1072/9 694/1069/9 708/1070/9
f 715/1068/12 713/1067/12 714/1049/12 716/1073/12
f 691/1074/11 689/1075/11 690/1076/11 692/1048/11
f 711/1066/18 709/1065/18 710/1055/18 712/1050/18
f 699/1077/17 697/1078/17 698/1047/17 700/1056/17
f 703/1079/16 701/1080/16 702/1051/16 704/1054/16
f 719/1081/15 717/1082/15 718/1053/15 720/1052/15
f 707/1083/14 705/1084/14 706/1071/14 708/1070/14
f 695/1085/13 693/1086/13 694/1069/13 696/1072/13
f 697/1078/24 691/1074/24 692/1048/24 698/1047/24
f 713/1067/22 711/1066/22 712/1050/22 714/1049/22
f 704/1054/26 694/1069/26 693/1086/26 703/1079/26
f 696/1058/20 690/1057/20 689/1044/20 695/1087/20
f 700/1061/25 702/1064/25 701/1088/25 699/1043/25
f 705/1084/19 715/1068/19 716/1073/19 706/1071/19
f 717/1082/23 707/1083/23 708/1070/23 718/1053/23
f 709/1065/21 719/1081/21 720/1052/21 710/1055/21
f 714/1049/8 692/1048/8 690/1076/8 716/1073/8
f 695/1087/3 689/1044/3 699/1043/3 701/1088/3
f 693/1089/3 695/1087/3 701/1088/3 703/1090/3
f 717/1082/10 719/1081/10 705/1084/10 707/1083/10
f 719/1081/10 709/1065/10 715/1068/10 705/1084/10
f 731/1091/5 721/1092/5 723/1093/5 729/1094/5
f 730/1095/2 724/1096/2 746/1097/2 744/1098/2
f 734/1099/21 752/1100/21 750/1101/21 736/1102/21
f 742/1103/19 732/1104/19 730/1095/19 744/1098/19
f 722/1105/3 728/1106/3 738/1107/3 748/1108/3
f 732/1109/10 742/1110/10 752/1111/10 734/1112/10
f 741/1113/1 743/1114/1 745/1115/1 747/1116/1
f 726/1117/4 736/1102/4 750/1101/4 740/1118/4
f 738/1119/25 728/1120/25 726/1117/25 740/1118/25
f 747/1116/30 745/1115/30 746/1097/30 748/1121/30
f 723/1122/29 721/1123/29 722/1124/29 724/1096/29
f 743/1114/28 741/1113/28 742/1103/28 744/1098/28
f 731/1125/27 729/1126/27 730/1095/27 732/1104/27
f 735/1127/33 733/1128/33 734/1099/33 736/1102/33
f 751/1129/34 749/1130/34 750/1101/34 752/1100/34
f 739/1131/31 737/1132/31 738/1119/31 740/1118/31
f 727/1133/32 725/1134/32 726/1117/32 728/1120/32
f 729/1126/8 723/1122/8 724/1096/8 730/1095/8
f 745/1115/9 743/1114/9 744/1098/9 746/1097/9
f 736/1102/7 726/1117/7 725/1134/7 735/1127/7
f 728/1106/24 722/1105/24 721/1092/24 727/1135/24
f 732/1109/22 734/1112/22 733/1136/22 731/1091/22
f 737/1132/26 747/1116/26 748/1121/26 738/1119/26
f 749/1130/6 739/1131/6 740/1118/6 750/1101/6
f 741/1113/23 751/1129/23 752/1100/23 742/1103/23
f 746/1097/20 724/1096/20 722/1124/20 748/1121/20
f 727/1135/5 721/1092/5 731/1091/5 733/1136/5
f 725/1137/5 727/1135/5 733/1136/5 735/1138/5
f 749/1130/1 751/1129/1 737/1132/1 739/1131/1
f 751/1129/1 741/1113/1 747/1116/1 737/1132/1
f 763/1139/5 753/1140/5 755/1141/5 761/1142/5
f 762/1143/2 756/1144/2 778/1145/2 776/1146/2
f 766/1147/21 784/1148/21 782/1149/21 768/1150/21
f 774/1151/19 764/1152/19 762/1143/19 776/1146/19
f 754/1153/3 760/1154/3 770/1155/3 780/1156/3
f 764/1157/10 774/1158/10 784/1159/10 766/1160/10
f 773/1161/1 775/1162/1 777/1163/1 779/1164/1
f 758/1165/4 768/1150/4 782/1149/4 772/1166/4
f 770/1167/25 760/1168/25 758/1165/25 772/1166/25
f 779/1164/30 777/1163/30 778/1145/30 780/1169/30
f 755/1170/29 753/1171/29 754/1172/29 756/1144/29
f 775/1162/28 773/1161/28 774/1151/28 776/1146/28
f 763/1173/27 761/1174/27 762/1143/27 764/1152/27
f 767/1175/33 765/1176/33 766/1147/33 768/1150/33
f 783/1177/34 781/1178/34 782/1149/34 784/1148/34
f 771/1179/31 769/1180/31 770/1167/31 772/1166/31
f 759/1181/32 757/1182/32 758/1165/32 760/1168/32
f 761/1174/8 755/1170/8 756/1144/8 762/1143/8
f 777/1163/9 775/1162/9 776/1146/9 778/1145/9
f 768/1150/7 758/1165/7 757/1182/7 767/1175/7
f 760/1154/24 754/1153/24 753/1140/24 759/1183/24
f 764/1157/22 766/1160/22 765/1184/22 763/1139/22
f 769/1180/26 779/1164/26 780/1169/26 770/1167/26
f 781/1178/6 771/1179/6 772/1166/6 782/1149/6
f 773/1161/23 783/1177/23 784/1148/23 774/1151/23
f 778/1145/20 756/1144/20 754/1172/20 780/1169/20
f 759/1183/5 753/1140/5 763/1139/5 765/1184/5
f 757/1185/5 759/1183/5 765/1184/5 767/1186/5
f 781/1178/1 783/1177/1 769/1180/1 771/1179/1
f 783/1177/1 773/1161/1 779/1164/1 769/1180/1
f 795/1187/5 785/1188/5 787/1189/5 793/1190/5
f 794/1191/2 788/1192/2 810/1193/2 808/1194/2
f 798/1195/21 816/1196/21 814/1197/21 800/1198/21
f 806/1199/19 796/1200/19 794/1191/19 808/1194/19
f 786/1201/3 792/1202/3 802/1203/3 812/1204/3
f 796/1205/10 806/1206/10 816/1207/10 798/1208/10
f 805/1209/1 807/1210/1 809/1211/1 811/1212/1
f 790/1213/4 800/1198/4 814/1197/4 804/1214/4
f 802/1215/25 792/1216/25 790/1213/25 804/1214/25
f 811/1212/30 809/1211/30 810/1193/30 812/1217/30
f 787/1218/29 785/1219/29 786/1220/29 788/1192/29
f 807/1210/28 805/1209/28 806/1199/28 808/1194/28
f 795/1221/27 793/1222/27 794/1191/27 796/1200/27
f 799/1223/33 797/1224/33 798/1195/33 800/1198/33
f 815/1225/34 813/1226/34 814/1197/34 816/1196/34
f 803/1227/31 801/1228/31 802/1215/31 804/1214/31
f 791/1229/32 789/1230/32 790/1213/32 792/1216/32
f 793/1222/8 787/1218/8 788/1192/8 794/1191/8
f 809/1211/9 807/1210/9 808/1194/9 810/1193/9
f 800/1198/7 790/1213/7 789/1230/7 799/1223/7
f 792/1202/24 786/1201/24 785/1188/24 791/1231/24
f 796/1205/22 798/1208/22 797/1232/22 795/1187/22
f 801/1228/26 811/1212/26 812/1217/26 802/1215/26
f 813/1226/6 803/1227/6 804/1214/6 814/1197/6
f 805/1209/23 815/1225/23 816/1196/23 806/1199/23
f 810/1193/20 788/1192/20 786/1220/20 812/1217/20
f 791/1231/5 785/1188/5 795/1187/5 797/1232/5
f 789/1233/5 791/1231/5 797/1232/5 799/1234/5
f 813/1226/1 815/1225/1 801/1228/1 803/1227/1
f 815/1225/1 805/1209/1 811/1212/1 801/1228/1
f 827/1235/5 817/1236/5 819/1237/5 825/1238/5
f 826/1239/2 820/1240/2 842/1241/2 840/1242/2
f 830/1243/21 848/1244/21 846/1245/21 832/1246/21
f 838/1247/19 828/1248/19 826/1239/19 840/1242/19
f 818/1249/3 824/1250/3 834/1251/3 844/1252/3
f 828/1253/10 838/1254/10 848/1255/10 830/1256/10
f 837/1257/1 839/1258/1 841/1259/1 843/1260/1
f 822/1261/4 832/1246/4 846/1245/4 836/1262/4
f 834/1263/25 824/1264/25 822/1261/25 836/1262/25
f 843/1260/30 841/1259/30 842/1241/30 844/1265/30
f 819/1266/29 817/1267/29 818/1268/29 820/1240/29
f 839/1258/28 837/1257/28 838/1247/28 840/1242/28
f 827/1269/27 825/1270/27 826/1239/27 828/1248/27
f 831/1271/33 829/1272/33 830/1243/33 832/1246/33
f 847/1273/34 845/1274/34 846/1245/34 848/1244/34
f 835/1275/31 833/1276/31 834/1263/31 836/1262/31
f 823/1277/32 821/1278/32 822/1261/32 824/1264/32
f 825/1270/8 819/1266/8 820/1240/8 826/1239/8
f 841/1259/9 839/1258/9 840/1242/9 842/1241/9
f 832/1246/7 822/1261/7 821/1278/7 831/1271/7
f 824/1250/24 818/1249/24 817/1236/24 823/1279/24
f 828/1253/22 830/1256/22 829/1280/22 827/1235/22
f 833/1276/26 843/1260/26 844/1265/26 834/1263/26
f 845/1274/6 835/1275/6 836/1262/6 846/1245/6
f 837/1257/23 847/1273/23 848/1244/23 838/1247/23
f 842/1241/20 820/1240/20 818/1268/20 844/1265/20
f 823/1279/5 817/1236/5 827/1235/5 829/1280/5
f 821/1281/5 823/1279/5 829/1280/5 831/1282/5
f 845/1274/1 847/1273/1 833/1276/1 835/1275/1
f 847/1273/1 837/1257/1 843/1260/1 833/1276/1
f 859/1283/5 849/1284/5 851/1285/5 857/1286/5
f 858/1287/2 852/1288/2 874/1289/2 872/1290/2
f 862/1291/21 880/1292/21 878/1293/21 864/1294/21
f 870/1295/19 860/1296/19 858/1287/19 872/1290/19
f 850/1297/3 856/1298/3 866/1299/3 876/1300/3
f 860/1301/10 870/1302/10 880/1303/10 862/1304/10
f 869/1305/1 871/1306/1 873/1307/1 875/1308/1
f 854/1309/4 864/1294/4 878/1293/4 868/1310/4
f 866/1311/25 856/1312/25 854/1309/25 868/1310/25
f 875/1308/30 873/1307/30 874/1289/30 876/1313/30
f 851/1314/29 849/1315/29 850/1316/29 852/1288/29
f 871/1306/28 869/1305/28 870/1295/28 872/1290/28
f 859/1317/27 857/1318/27 858/1287/27 860/1296/27
f 863/1319/33 861/1320/33 862/1291/33 864/1294/33
f 879/1321/34 877/1322/34 878/1293/34 880/1292/34
f 867/1323/31 865/1324/31 866/1311/31 868/1310/31
f 855/1325/32 853/1326/32 854/1309/32 856/1312/32
f 857/1318/8 851/1314/8 852/1288/8 858/1287/8
f 873/1307/9 871/1306/9 872/1290/9 874/1289/9
f 864/1294/7 854/1309/7 853/1326/7 863/1319/7
f 856/1298/24 850/1297/24 849/1284/24 855/1327/24
f 860/1301/22 862/1304/22 861/1328/22 859/1283/22
f 865/1324/26 875/1308/26 876/1313/26 866/1311/26
f 877/1322/6 867/1323/6 868/1310/6 878/1293/6
f 869/1305/23 879/1321/23 880/1292/23 870/1295/23
f 874/1289/20 852/1288/20 850/1316/20 876/1313/20
f 855/1327/5 849/1284/5 859/1283/5 861/1328/5
f 853/1329/5 855/1327/5 861/1328/5 863/1330/5
f 877/1322/1 879/1321/1 865/1324/1 867/1323/1
f 879/1321/1 869/1305/1 875/1308/1 865/1324/1
f 891/1331/5 881/1332/5 883/1333/5 889/1334/5
f 890/1335/10 884/1336/10 906/1337/10 904/1338/10
f 894/1339/25 912/1340/25 910/1341/25 896/1342/25
f 902/1343/21 892/1344/21 890/1335/21 904/1338/21
f 882/1345/2 888/1346/2 898/1347/2 908/1348/2
f 892/1349/4 902/1350/4 912/1351/4 894/1352/4
f 901/1353/1 903/1354/1 905/1355/1 907/1356/1
f 886/1357/3 896/1342/3 910/1341/3 900/1358/3
f 898/1359/20 888/1360/20 886/1357/20 900/1358/20
f 907/1356/28 905/1355/28 906/1337/28 908/1361/28
f 883/1362/27 881/1363/27 882/1364/27 884/1336/27
f 903/1354/34 901/1353/34 902/1343/34 904/1338/34
f 891/1365/33 889/1366/33 890/1335/33 892/1344/33
f 895/1367/32 893/1368/32 894/1339/32 896/1342/32
f 911/1369/31 909/1370/31 910/1341/31 912/1340/31
f 899/1371/30 897/1372/30 898/1359/30 900/1358/30
f 887/1373/29 885/1374/29 886/1357/29 888/1360/29
f 889/1366/22 883/1362/22 884/1336/22 890/1335/22
f 905/1355/23 903/1354/23 904/1338/23 906/1337/23
f 896/1342/24 886/1357/24 885/1374/24 895/1367/24
f 888/1346/8 882/1345/8 881/1332/8 887/1375/8
f 892/1349/7 894/1352/7 893/1376/7 891/1331/7
f 897/1372/9 907/1356/9 908/1361/9 898/1359/9
f 909/1370/26 899/1371/26 900/1358/26 910/1341/26
f 901/1353/6 911/1369/6 912/1340/6 902/1343/6
f 906/1337/19 884/1336/19 882/1364/19 908/1361/19
f 887/1375/5 881/1332/5 891/1331/5 893/1376/5
f 885/1377/5 887/1375/5 893/1376/5 895/1378/5
f 909/1370/1 911/1369/1 897/1372/1 899/1371/1
f 911/1369/1 901/1353/1 907/1356/1 897/1372/1
f 923/1379/5 913/1380/5 915/1381/5 921/1382/5
f 922/1383/10 916/1384/10 938/1385/10 936/1386/10
f 926/1387/25 944/1388/25 942/1389/25 928/1390/25
f 934/1391/21 924/1392/21 922/1383/21 936/1386/21
f 914/1393/2 920/1394/2 930/1395/2 940/1396/2
f 924/1397/4 934/1398/4 944/1399/4 926/1400/4
f 933/1401/1 935/1402/1 937/1403/1 939/1404/1
f 918/1405/3 928/1390/3 942/1389/3 932/1406/3
f 930/1407/20 920/1408/20 918/1405/20 932/1406/20
f 939/1404/28 937/1403/28 938/1385/28 940/1409/28
f 915/1410/27 913/1411/27 914/1412/27 916/1384/27
f 935/1402/34 933/1401/34 934/1391/34 936/1386/34
f 923/1413/33 921/1414/33 922/1383/33 924/1392/33
f 927/1415/32 925/1416/32 926/1387/32 928/1390/32
f 943/1417/31 941/1418/31 942/1389/31 944/1388/31
f 931/1419/30 929/1420/30 930/1407/30 932/1406/30
f 919/1421/29 917/1422/29 918/1405/29 920/1408/29
f 921/1414/22 915/1410/22 916/1384/22 922/1383/22
f 937/1403/23 935/1402/23 936/1386/23 938/1385/23
f 928/1390/24 918/1405/24 917/1422/24 927/1415/24
f 920/1394/8 914/1393/8 913/1380/8 919/1423/8
f 924/1397/7 926/1400/7 925/1424/7 923/1379/7
f 929/1420/9 939/1404/9 940/1409/9 930/1407/9
f 941/1418/26 931/1419/26 932/1406/26 942/1389/26
f 933/1401/6 943/1417/6 944/1388/6 934/1391/6
f 938/1385/19 916/1384/19 914/1412/19 940/1409/19
f 919/1423/5 913/1380/5 923/1379/5 925/1424/5
f 917/1425/5 919/1423/5 925/1424/5 927/1426/5
f 941/1418/1 943/1417/1 929/1420/1 931/1419/1
f 943/1417/1 933/1401/1 939/1404/1 929/1420/1
f 955/1427/2 945/1428/2 947/1429/2 953/1430/2
f 954/1431/1 948/1432/1 970/1433/1 968/1434/1
f 958/1435/22 976/1436/22 974/1437/22 960/1438/22
f 966/1439/23 956/1440/23 954/1431/23 968/1434/23
f 946/1441/3 952/1442/3 962/1443/3 972/1444/3
f 956/1445/10 966/1446/10 976/1447/10 958/1448/10
f 965/1449/4 967/1450/4 969/1451/4 971/1452/4
f 950/1453/5 960/1438/5 974/1437/5 964/1454/5
f 962/1455/24 952/1456/24 950/1453/24 964/1454/24
f 971/1452/47 969/1451/47 970/1433/47 972/1457/47
f 947/1458/48 945/1459/48 946/1460/48 948/1432/48
f 967/1450/49 965/1449/49 966/1439/49 968/1434/49
f 955/1461/50 953/1462/50 954/1431/50 956/1440/50
f 959/1463/51 957/1464/51 958/1435/51 960/1438/51
f 975/1465/52 973/1466/52 974/1437/52 976/1436/52
f 963/1467/53 961/1468/53 962/1455/53 964/1454/53
f 951/1469/54 949/1470/54 950/1453/54 952/1456/54
f 953/1462/9 947/1458/9 948/1432/9 954/1431/9
f 969/1451/6 967/1450/6 968/1434/6 970/1433/6
f 960/1438/8 950/1453/8 949/1470/8 959/1463/8
f 952/1442/20 946/1441/20 945/1428/20 951/1471/20
f 956/1445/19 958/1448/19 957/1472/19 955/1427/19
f 961/1468/25 971/1452/25 972/1457/25 962/1455/25
f 973/1466/7 963/1467/7 964/1454/7 974/1437/7
f 965/1449/21 975/1465/21 976/1436/21 966/1439/21
f 970/1433/26 948/1432/26 946/1460/26 972/1457/26
f 951/1471/2 945/1428/2 955/1427/2 957/1472/2
f 949/1473/2 951/1471/2 957/1472/2 959/1474/2
f 973/1466/4 975/1465/4 961/1468/4 963/1467/4
f 975/1465/4 965/1449/4 971/1452/4 961/1468/4
f 987/1475/2 977/1476/2 979/1477/2 985/1478/2
f 986/1479/1 980/1480/1 1002/1481/1 1000/1482/1
f 990/1483/22 1008/1484/22 1006/1485/22 992/1486/22
f 998/1487/23 988/1488/23 986/1479/23 1000/1482/23
f 978/1489/3 984/1490/3 994/1491/3 1004/1492/3
f 988/1493/10 998/1494/10 1008/1495/10 990/1496/10
f 997/1497/4 999/1498/4 1001/1499/4 1003/1500/4
f 982/1501/5 992/1486/5 1006/1485/5 996/1502/5
f 994/1503/24 984/1504/24 982/1501/24 996/1502/24
f 1003/1500/47 1001/1499/47 1002/1481/47 1004/1505/47
f 979/1506/48 977/1507/48 978/1508/48 980/1480/48
f 999/1498/49 997/1497/49 998/1487/49 1000/1482/49
f 987/1509/50 985/1510/50 986/1479/50 988/1488/50
f 991/1511/51 989/1512/51 990/1483/51 992/1486/51
f 1007/1513/52 1005/1514/52 1006/1485/52 1008/1484/52
f 995/1515/53 993/1516/53 994/1503/53 996/1502/53
f 983/1517/54 981/1518/54 982/1501/54 984/1504/54
f 985/1510/9 979/1506/9 980/1480/9 986/1479/9
f 1001/1499/6 999/1498/6 1000/1482/6 1002/1481/6
f 992/1486/8 982/1501/8 981/1518/8 991/1511/8
f 984/1490/20 978/1489/20 977/1476/20 983/1519/20
f 988/1493/19 990/1496/19 989/1520/19 987/1475/19
f 993/1516/25 1003/1500/25 1004/1505/25 994/1503/25
f 1005/1514/7 995/1515/7 996/1502/7 1006/1485/7
f 997/1497/21 1007/1513/21 1008/1484/21 998/1487/21
f 1002/1481/26 980/1480/26 978/1508/26 1004/1505/26
f 983/1519/2 977/1476/2 987/1475/2 989/1520/2
f 981/1521/2 983/1519/2 989/1520/2 991/1522/2
f 1005/1514/4 1007/1513/4 993/1516/4 995/1515/4
f 1007/1513/4 997/1497/4 1003/1500/4 993/1516/4
f 1019/1523/2 1009/1524/2 1011/1525/2 1017/1526/2
f 1018/1527/1 1012/1528/1 1034/1529/1 1032/1530/1
f 1022/1531/22 1040/1532/22 1038/1533/22 1024/1534/22
f 1030/1535/23 1020/1536/23 1018/1527/23 1032/1530/23
f 1010/1537/3 1016/1538/3 1026/1539/3 1036/1540/3
f 1020/1541/10 1030/1542/10 1040/1543/10 1022/1544/10
f 1029/1545/4 1031/1546/4 1033/1547/4 1035/1548/4
f 1014/1549/5 1024/1534/5 1038/1533/5 1028/1550/5
f 1026/1551/24 1016/1552/24 1014/1549/24 1028/1550/24
f 1035/1548/47 1033/1547/47 1034/1529/47 1036/1553/47
f 1011/1554/48 1009/1555/48 1010/1556/48 1012/1528/48
f 1031/1546/49 1029/1545/49 1030/1535/49 1032/1530/49
f 1019/1557/50 1017/1558/50 1018/1527/50 1020/1536/50
f 1023/1559/51 1021/1560/51 1022/1531/51 1024/1534/51
f 1039/1561/52 1037/1562/52 1038/1533/52 1040/1532/52
f 1027/1563/53 1025/1564/53 1026/1551/53 1028/1550/53
f 1015/1565/54 1013/1566/54 1014/1549/54 1016/1552/54
f 1017/1558/9 1011/1554/9 1012/1528/9 1018/1527/9
f 1033/1547/6 1031/1546/6 1032/1530/6 1034/1529/6
f 1024/1534/8 1014/1549/8 1013/1566/8 1023/1559/8
f 1016/1538/20 1010/1537/20 1009/1524/20 1015/1567/20
f 1020/1541/19 1022/1544/19 1021/1568/19 1019/1523/19
f 1025/1564/25 1035/1548/25 1036/1553/25 1026/1551/25
f 1037/1562/7 1027/1563/7 1028/1550/7 1038/1533/7
f 1029/1545/21 1039/1561/21 1040/1532/21 1030/1535/21
f 1034/1529/26 1012/1528/26 1010/1556/26 1036/1553/26
f 1015/1567/2 1009/1524/2 1019/1523/2 1021/1568/2
f 1013/1569/2 1015/1567/2 1021/1568/2 1023/1570/2
f 1037/1562/4 1039/1561/4 1025/1564/4 1027/1563/4
f 1039/1561/4 1029/1545/4 1035/1548/4 1025/1564/4
f 1051/1571/2 1041/1572/2 1043/1573/2 1049/1574/2
f 1050/1575/1 1044/1576/1 1066/1577/1 1064/1578/1
f 1054/1579/22 1072/1580/22 1070/1581/22 1056/1582/22
f 1062/1583/23 1052/1584/23 1050/1575/23 1064/1578/23
f 1042/1585/3 1048/1586/3 1058/1587/3 1068/1588/3
f 1052/1589/10 1062/1590/10 1072/1591/10 1054/1592/10
f 1061/1593/4 1063/1594/4 1065/1595/4 1067/1596/4
f 1046/1597/5 1056/1582/5 1070/1581/5 1060/1598/5
f 1058/1599/24 1048/1600/24 1046/1597/24 1060/1598/24
f 1067/1596/47 1065/1595/47 1066/1577/47 1068/1601/47
f 1043/1602/48 1041/1603/48 1042/1604/48 1044/1576/48
f 1063/1594/49 1061/1593/49 1062/1583/49 1064/1578/49
f 1051/1605/50 1049/1606/50 1050/1575/50 1052/1584/50
f 1055/1607/51 1053/1608/51 1054/1579/51 1056/1582/51
f 1071/1609/52 1069/1610/52 1070/1581/52 1072/1580/52
f 1059/1611/53 1057/1612/53 1058/1599/53 1060/1598/53
f 1047/1613/54 1045/1614/54 1046/1597/54 1048/1600/54
f 1049/1606/9 1043/1602/9 1044/1576/9 1050/1575/9
f 1065/1595/6 1063/1594/6 1064/1578/6 1066/1577/6
f 1056/1582/8 1046/1597/8 1045/1614/8 1055/1607/8
f 1048/1586/20 1042/1585/20 1041/1572/20 1047/1615/20
f 1052/1589/19 1054/1592/19 1053/1616/19 1051/1571/19
f 1057/1612/25 1067/1596/25 1068/1601/25 1058/1599/25
f 1069/1610/7 1059/1611/7 1060/1598/7 1070/1581/7
f 1061/1593/21 1071/1609/21 1072/1580/21 1062/1583/21
f 1066/1577/26 1044/1576/26 1042/1604/26 1068/1601/26
f 1047/1615/2 1041/1572/2 1051/1571/2 1053/1616/2
f 1045/1617/2 1047/1615/2 1053/1616/2 1055/1618/2
f 1069/1610/4 1071/1609/4 1057/1612/4 1059/1611/4
f 1071/1609/4 1061/1593/4 1067/1596/4 1057/1612/4
f 1083/1619/2 1073/1620/2 1075/1621/2 1081/1622/2
f 1082/1623/1 1076/1624/1 1098/1625/1 1096/1626/1
f 1086/1627/22 1104/1628/22 1102/1629/22 1088/1630/22
f 1094/1631/23 1084/1632/23 1082/1623/23 1096/1626/23
f 1074/1633/3 1080/1634/3 1090/1635/3 1100/1636/3
f 1084/1637/10 1094/1638/10 1104/1639/10 1086/1640/10
f 1093/1641/4 1095/1642/4 1097/1643/4 1099/1644/4
f 1078/1645/5 1088/1630/5 1102/1629/5 1092/1646/5
f 1090/1647/24 1080/1648/24 1078/1645/24 1092/1646/24
f 1099/1644/47 1097/1643/47 1098/1625/47 1100/1649/47
f 1075/1650/48 1073/1651/48 1074/1652/48 1076/1624/48
f 1095/1642/49 1093/1641/49 1094/1631/49 1096/1626/49
f 1083/1653/50 1081/1654/50 1082/1623/50 1084/1632/50
f 1087/1655/51 1085/1656/51 1086/1627/51 1088/1630/51
f 1103/1657/52 1101/1658/52 1102/1629/52 1104/1628/52
f 1091/1659/53 1089/1660/53 1090/1647/53 1092/1646/53
f 1079/1661/54 1077/1662/54 1078/1645/54 1080/1648/54
f 1081/1654/9 1075/1650/9 1076/1624/9 1082/1623/9
f 1097/1643/6 1095/1642/6 1096/1626/6 1098/1625/6
f 1088/1630/8 1078/1645/8 1077/1662/8 1087/1655/8
f 1080/1634/20 1074/1633/20 1073/1620/20 1079/1663/20
f 1084/1637/19 1086/1640/19 1085/1664/19 1083/1619/19
f 1089/1660/25 1099/1644/25 1100/1649/25 1090/1647/25
f 1101/1658/7 1091/1659/7 1092/1646/7 1102/1629/7
f 1093/1641/21 1103/1657/21 1104/1628/21 1094/1631/21
f 1098/1625/26 1076/1624/26 1074/1652/26 1100/1649/26
f 1079/1663/2 1073/1620/2 1083/1619/2 1085/1664/2
f 1077/1665/2 1079/1663/2 1085/1664/2 1087/1666/2
f 1101/1658/4 1103/1657/4 1089/1660/4 1091/1659/4
f 1103/1657/4 1093/1641/4 1099/1644/4 1089/1660/4
f 1115/1667/2 1105/1668/2 1107/1669/2 1113/1670/2
f 1114/1671/10 1108/1672/10 1130/1673/10 1128/1674/10
f 1118/1675/24 1136/1676/24 1134/1677/24 1120/1678/24
f 1126/1679/22 1116/1680/22 1114/1671/22 1128/1674/22
f 1106/1681/1 1112/1682/1 1122/1683/1 1132/1684/1
f 1116/1685/5 1126/1686/5 1136/1687/5 1118/1688/5
f 1125/1689/4 1127/1690/4 1129/1691/4 1131/1692/4
f 1110/1693/3 1120/1678/3 1134/1677/3 1124/1694/3
f 1122/1695/26 1112/1696/26 1110/1693/26 1124/1694/26
f 1131/1692/49 1129/1691/49 1130/1673/49 1132/1697/49
f 1107/1698/50 1105/1699/50 1106/1700/50 1108/1672/50
f 1127/1690/52 1125/1689/52 1126/1679/52 1128/1674/52
f 1115/1701/51 1113/1702/51 1114/1671/51 1116/1680/51
f 1119/1703/54 1117/1704/54 1118/1675/54 1120/1678/54
f 1135/1705/53 1133/1706/53 1134/1677/53 1136/1676/53
f 1123/1707/47 1121/1708/47 1122/1695/47 1124/1694/47
f 1111/1709/48 1109/1710/48 1110/1693/48 1112/1696/48
f 1113/1702/19 1107/1698/19 1108/1672/19 1114/1671/19
f 1129/1691/21 1127/1690/21 1128/1674/21 1130/1673/21
f 1120/1678/20 1110/1693/20 1109/1710/20 1119/1703/20
f 1112/1682/9 1106/1681/9 1105/1668/9 1111/1711/9
f 1116/1685/8 1118/1688/8 1117/1712/8 1115/1667/8
f 1121/1708/6 1131/1692/6 1132/1697/6 1122/1695/6
f 1133/1706/25 1123/1707/25 1124/1694/25 1134/1677/25
f 1125/1689/7 1135/1705/7 1136/1676/7 1126/1679/7
f 1130/1673/23 1108/1672/23 1106/1700/23 1132/1697/23
f 1111/1711/2 1105/1668/2 1115/1667/2 1117/1712/2
f 1109/1713/2 1111/1711/2 1117/1712/2 1119/1714/2
f 1133/1706/4 1135/1705/4 1121/1708/4 1123/1707/4
f 1135/1705/4 1125/1689/4 1131/1692/4 1121/1708/4
f 1147/1715/2 1137/1716/2 1139/1717/2 1145/1718/2
f 1146/1719/10 1140/1720/10 1162/1721/10 1160/1722/10
f 1150/1723/24 1168/1724/24 1166/1725/24 1152/1726/24
f 1158/1727/22 1148/1728/22 1146/1719/22 1160/1722/22
f 1138/1729/1 1144/1730/1 1154/1731/1 1164/1732/1
f 1148/1733/5 1158/1734/5 1168/1735/5 1150/1736/5
f 1157/1737/4 1159/1738/4 1161/1739/4 1163/1740/4
f 1142/1741/3 1152/1726/3 1166/1725/3 1156/1742/3
f 1154/1743/26 1144/1744/26 1142/1741/26 1156/1742/26
f 1163/1740/49 1161/1739/49 1162/1721/49 1164/1745/49
f 1139/1746/50 1137/1747/50 1138/1748/50 1140/1720/50
f 1159/1738/52 1157/1737/52 1158/1727/52 1160/1722/52
f 1147/1749/51 1145/1750/51 1146/1719/51 1148/1728/51
f 1151/1751/54 1149/1752/54 1150/1723/54 1152/1726/54
f 1167/1753/53 1165/1754/53 1166/1725/53 1168/1724/53
f 1155/1755/47 1153/1756/47 1154/1743/47 1156/1742/47
f 1143/1757/48 1141/1758/48 1142/1741/48 1144/1744/48
f 1145/1750/19 1139/1746/19 1140/1720/19 1146/1719/19
f 1161/1739/21 1159/1738/21 1160/1722/21 1162/1721/21
f 1152/1726/20 1142/1741/20 1141/1758/20 1151/1751/20
f 1144/1730/9 1138/1729/9 1137/1716/9 1143/1759/9
f 1148/1733/8 1150/1736/8 1149/1760/8 1147/1715/8
f 1153/1756/6 1163/1740/6 1164/1745/6 1154/1743/6
f 1165/1754/25 1155/1755/25 1156/1742/25 1166/1725/25
f 1157/1737/7 1167/1753/7 1168/1724/7 1158/1727/7
f 1162/1721/23 1140/1720/23 1138/1748/23 1164/1745/23
f 1143/1759/2 1137/1716/2 1147/1715/2 1149/1760/2
f 1141/1761/2 1143/1759/2 1149/1760/2 1151/1762/2
f 1165/1754/4 1167/1753/4 1153/1756/4 1155/1755/4
f 1167/1753/4 1157/1737/4 1163/1740/4 1153/1756/4
f 1179/1763/4 1169/1764/4 1171/1765/4 1177/1766/4
f 1178/1767/5 1172/1768/5 1194/1769/5 1192/1770/5
f 1182/1771/23 1200/1772/23 1198/1773/23 1184/1774/23
f 1190/1775/22 1180/1776/22 1178/1767/22 1192/1770/22
f 1170/1777/3 1176/1778/3 1186/1779/3 1196/1780/3
f 1180/1781/10 1190/1782/10 1200/1783/10 1182/1784/10
f 1189/1785/2 1191/1786/2 1193/1787/2 1195/1788/2
f 1174/1789/1 1184/1774/1 1198/1773/1 1188/1790/1
f 1186/1791/26 1176/1792/26 1174/1789/26 1188/1790/26
f 1195/1788/54 1193/1787/54 1194/1769/54 1196/1793/54
f 1171/1794/53 1169/1795/53 1170/1796/53 1172/1768/53
f 1191/1786/51 1189/1785/51 1190/1775/51 1192/1770/51
f 1179/1797/52 1177/1798/52 1178/1767/52 1180/1776/52
f 1183/1799/49 1181/1800/49 1182/1771/49 1184/1774/49
f 1199/1801/50 1197/1802/50 1198/1773/50 1200/1772/50
f 1187/1803/48 1185/1804/48 1186/1791/48 1188/1790/48
f 1175/1805/47 1173/1806/47 1174/1789/47 1176/1792/47
f 1177/1798/7 1171/1794/7 1172/1768/7 1178/1767/7
f 1193/1787/8 1191/1786/8 1192/1770/8 1194/1769/8
f 1184/1774/6 1174/1789/6 1173/1806/6 1183/1799/6
f 1176/1778/25 1170/1777/25 1169/1764/25 1175/1807/25
f 1180/1781/21 1182/1784/21 1181/1808/21 1179/1763/21
f 1185/1804/20 1195/1788/20 1196/1793/20 1186/1791/20
f 1197/1802/9 1187/1803/9 1188/1790/9 1198/1773/9
f 1189/1785/19 1199/1801/19 1200/1772/19 1190/1775/19
f 1194/1769/24 1172/1768/24 1170/1796/24 1196/1793/24
f 1175/1807/4 1169/1764/4 1179/1763/4 1181/1808/4
f 1173/1809/4 1175/1807/4 1181/1808/4 1183/1810/4
f 1197/1802/2 1199/1801/2 1185/1804/2 1187/1803/2
f 1199/1801/2 1189/1785/2 1195/1788/2 1185/1804/2
f 1211/1811/4 1201/1812/4 1203/1813/4 1209/1814/4
f 1210/1815/5 1204/1816/5 1226/1817/5 1224/1818/5
f 1214/1819/23 1232/1820/23 1230/1821/23 1216/1822/23
f 1222/1823/22 1212/1824/22 1210/1815/22 1224/1818/22
f 1202/1825/3 1208/1826/3 1218/1827/3 1228/1828/3
f 1212/1829/10 1222/1830/10 1232/1831/10 1214/1832/10
f 1221/1833/2 1223/1834/2 1225/1835/2 1227/1836/2
f 1206/1837/1 1216/1822/1 1230/1821/1 1220/1838/1
f 1218/1839/26 1208/1840/26 1206/1837/26 1220/1838/26
f 1227/1836/54 1225/1835/54 1226/1817/54 1228/1841/54
f 1203/1842/53 1201/1843/53 1202/1844/53 1204/1816/53
f 1223/1834/51 1221/1833/51 1222/1823/51 1224/1818/51
f 1211/1845/52 1209/1846/52 1210/1815/52 1212/1824/52
f 1215/1847/49 1213/1848/49 1214/1819/49 1216/1822/49
f 1231/1849/50 1229/1850/50 1230/1821/50 1232/1820/50
f 1219/1851/48 1217/1852/48 1218/1839/48 1220/1838/48
f 1207/1853/47 1205/1854/47 1206/1837/47 1208/1840/47
f 1209/1846/7 1203/1842/7 1204/1816/7 1210/1815/7
f 1225/1835/8 1223/1834/8 1224/1818/8 1226/1817/8
f 1216/1822/6 1206/1837/6 1205/1854/6 1215/1847/6
f 1208/1826/25 1202/1825/25 1201/1812/25 1207/1855/25
f 1212/1829/21 1214/1832/21 1213/1856/21 1211/1811/21
f 1217/1852/20 1227/1836/20 1228/1841/20 1218/1839/20
f 1229/1850/9 1219/1851/9 1220/1838/9 1230/1821/9
f 1221/1833/19 1231/1849/19 1232/1820/19 1222/1823/19
f 1226/1817/24 1204/1816/24 1202/1844/24 1228/1841/24
f 1207/1855/4 1201/1812/4 1211/1811/4 1213/1856/4
f 1205/1857/4 1207/1855/4 1213/1856/4 1215/1858/4
f 1229/1850/2 1231/1849/2 1217/1852/2 1219/1851/2
f 1231/1849/2 1221/1833/2 1227/1836/2 1217/1852/2
f 1243/1859/4 1233/1860/4 1235/1861/4 1241/1862/4
f 1242/1863/5 1236/1864/5 1258/1865/5 1256/1866/5
f 1246/1867/23 1264/1868/23 1262/1869/23 1248/1870/23
f 1254/1871/22 1244/1872/22 1242/1863/22 1256/1866/22
f 1234/1873/3 1240/1874/3 1250/1875/3 1260/1876/3
f 1244/1877/10 1254/1878/10 1264/1879/10 1246/1880/10
f 1253/1881/2 1255/1882/2 1257/1883/2 1259/1884/2
f 1238/1885/1 1248/1870/1 1262/1869/1 1252/1886/1
f 1250/1887/26 1240/1888/26 1238/1885/26 1252/1886/26
f 1259/1884/54 1257/1883/54 1258/1865/54 1260/1889/54
f 1235/1890/53 1233/1891/53 1234/1892/53 1236/1864/53
f 1255/1882/51 1253/1881/51 1254/1871/51 1256/1866/51
f 1243/1893/52 1241/1894/52 1242/1863/52 1244/1872/52
f 1247/1895/49 1245/1896/49 1246/1867/49 1248/1870/49
f 1263/1897/50 1261/1898/50 1262/1869/50 1264/1868/50
f 1251/1899/48 1249/1900/48 1250/1887/48 1252/1886/48
f 1239/1901/47 1237/1902/47 1238/1885/47 1240/1888/47
f 1241/1894/7 1235/1890/7 1236/1864/7 1242/1863/7
f 1257/1883/8 1255/1882/8 1256/1866/8 1258/1865/8
f 1248/1870/6 1238/1885/6 1237/1902/6 1247/1895/6
f 1240/1874/25 1234/1873/25 1233/1860/25 1239/1903/25
f 1244/1877/21 1246/1880/21 1245/1904/21 1243/1859/21
f 1249/1900/20 1259/1884/20 1260/1889/20 1250/1887/20
f 1261/1898/9 1251/1899/9 1252/1886/9 1262/1869/9
f 1253/1881/19 1263/1897/19 1264/1868/19 1254/1871/19
f 1258/1865/24 1236/1864/24 1234/1892/24 1260/1889/24
f 1239/1903/4 1233/1860/4 1243/1859/4 1245/1904/4
f 1237/1905/4 1239/1903/4 1245/1904/4 1247/1906/4
f 1261/1898/2 1263/1897/2 1249/1900/2 1251/1899/2
f 1263/1897/2 1253/1881/2 1259/1884/2 1249/1900/2
f 1275/1907/4 1265/1908/4 1267/1909/4 1273/1910/4
f 1274/1911/5 1268/1912/5 1290/1913/5 1288/1914/5
f 1278/1915/23 1296/1916/23 1294/1917/23 1280/1918/23
f 1286/1919/22 1276/1920/22 1274/1911/22 1288/1914/22
f 1266/1921/3 1272/1922/3 1282/1923/3 1292/1924/3
f 1276/1925/10 1286/1926/10 1296/1927/10 1278/1928/10
f 1285/1929/2 1287/1930/2 1289/1931/2 1291/1932/2
f 1270/1933/1 1280/1918/1 1294/1917/1 1284/1934/1
f 1282/1935/26 1272/1936/26 1270/1933/26 1284/1934/26
f 1291/1932/54 1289/1931/54 1290/1913/54 1292/1937/54
f 1267/1938/53 1265/1939/53 1266/1940/53 1268/1912/53
f 1287/1930/51 1285/1929/51 1286/1919/51 1288/1914/51
f 1275/1941/52 1273/1942/52 1274/1911/52 1276/1920/52
f 1279/1943/49 1277/1944/49 1278/1915/49 1280/1918/49
f 1295/1945/50 1293/1946/50 1294/1917/50 1296/1916/50
f 1283/1947/48 1281/1948/48 1282/1935/48 1284/1934/48
f 1271/1949/47 1269/1950/47 1270/1933/47 1272/1936/47
f 1273/1942/7 1267/1938/7 1268/1912/7 1274/1911/7
f 1289/1931/8 1287/1930/8 1288/1914/8 1290/1913/8
f 1280/1918/6 1270/1933/6 1269/1950/6 1279/1943/6
f 1272/1922/25 1266/1921/25 1265/1908/25 1271/1951/25
f 1276/1925/21 1278/1928/21 1277/1952/21 1275/1907/21
f 1281/1948/20 1291/1932/20 1292/1937/20 1282/1935/20
f 1293/1946/9 1283/1947/9 1284/1934/9 1294/1917/9
f 1285/1929/19 1295/1945/19 1296/1916/19 1286/1919/19
f 1290/1913/24 1268/1912/24 1266/1940/24 1292/1937/24
f 1271/1951/4 1265/1908/4 1275/1907/4 1277/1952/4
f 1269/1953/4 1271/1951/4 1277/1952/4 1279/1954/4
f 1293/1946/2 1295/1945/2 1281/1948/2 1283/1947/2
f 1295/1945/2 1285/1929/2 1291/1932/2 1281/1948/2
f 1307/1955/4 1297/1956/4 1299/1957/4 1305/1958/4
f 1306/1959/5 1300/1960/5 1322/1961/5 1320/1962/5
f 1310/1963/23 1328/1964/23 1326/1965/23 1312/1966/23
f 1318/1967/22 1308/1968/22 1306/1959/22 1320/1962/22
f 1298/1969/3 1304/1970/3 1314/1971/3 1324/1972/3
f 1308/1973/10 1318/1974/10 1328/1975/10 1310/1976/10
f 1317/1977/2 1319/1978/2 1321/1979/2 1323/1980/2
f 1302/1981/1 1312/1966/1 1326/1965/1 1316/1982/1
f 1314/1983/26 1304/1984/26 1302/1981/26 1316/1982/26
f 1323/1980/54 1321/1979/54 1322/1961/54 1324/1985/54
f 1299/1986/53 1297/1987/53 1298/1988/53 1300/1960/53
f 1319/1978/51 1317/1977/51 1318/1967/51 1320/1962/51
f 1307/1989/52 1305/1990/52 1306/1959/52 1308/1968/52
f 1311/1991/49 1309/1992/49 1310/1963/49 1312/1966/49
f 1327/1993/50 1325/1994/50 1326/1965/50 1328/1964/50
f 1315/1995/48 1313/1996/48 1314/1983/48 1316/1982/48
f 1303/1997/47 1301/1998/47 1302/1981/47 1304/1984/47
f 1305/1990/7 1299/1986/7 1300/1960/7 1306/1959/7
f 1321/1979/8 1319/1978/8 1320/1962/8 1322/1961/8
f 1312/1966/6 1302/1981/6 1301/1998/6 1311/1991/6
f 1304/1970/25 1298/1969/25 1297/1956/25 1303/1999/25
f 1308/1973/21 1310/1976/21 1309/2000/21 1307/1955/21
f 1313/1996/20 1323/1980/20 1324/1985/20 1314/1983/20
f 1325/1994/9 1315/1995/9 1316/1982/9 1326/1965/9
f 1317/1977/19 1327/1993/19 1328/1964/19 1318/1967/19
f 1322/1961/24 1300/1960/24 1298/1988/24 1324/1985/24
f 1303/1999/4 1297/1956/4 1307/1955/4 1309/2000/4
f 1301/2001/4 1303/1999/4 1309/2000/4 1311/2002/4
f 1325/1994/2 1327/1993/2 1313/1996/2 1315/1995/2
f 1327/1993/2 1317/1977/2 1323/1980/2 1313/1996/2
f 1339/2003/4 1329/2004/4 1331/2005/4 1337/2006/4
f 1338/2007/10 1332/2008/10 1354/2009/10 1352/2010/10
f 1342/2011/26 1360/2012/26 1358/2013/26 1344/2014/26
f 1350/2015/23 1340/2016/23 1338/2007/23 1352/2010/23
f 1330/2017/5 1336/2018/5 1346/2019/5 1356/2020/5
f 1340/2021/1 1350/2022/1 1360/2023/1 1342/2024/1
f 1349/2025/2 1351/2026/2 1353/2027/2 1355/2028/2
f 1334/2029/3 1344/2014/3 1358/2013/3 1348/2030/3
f 1346/2031/24 1336/2032/24 1334/2029/24 1348/2030/24
f 1355/2028/51 1353/2027/51 1354/2009/51 1356/2033/51
f 1331/2034/52 1329/2035/52 1330/2036/52 1332/2008/52
f 1351/2026/50 1349/2025/50 1350/2015/50 1352/2010/50
f 1339/2037/49 1337/2038/49 1338/2007/49 1340/2016/49
f 1343/2039/47 1341/2040/47 1342/2011/47 1344/2014/47
f 1359/2041/48 1357/2042/48 1358/2013/48 1360/2012/48
f 1347/2043/54 1345/2044/54 1346/2031/54 1348/2030/54
f 1335/2045/53 1333/2046/53 1334/2029/53 1336/2032/53
f 1337/2038/21 1331/2034/21 1332/2008/21 1338/2007/21
f 1353/2027/19 1351/2026/19 1352/2010/19 1354/2009/19
f 1344/2014/25 1334/2029/25 1333/2046/25 1343/2039/25
f 1336/2018/7 1330/2017/7 1329/2004/7 1335/2047/7
f 1340/2021/6 1342/2024/6 1341/2048/6 1339/2003/6
f 1345/2044/8 1355/2028/8 1356/2033/8 1346/2031/8
f 1357/2042/20 1347/2043/20 1348/2030/20 1358/2013/20
f 1349/2025/9 1359/2041/9 1360/2012/9 1350/2015/9
f 1354/2009/22 1332/2008/22 1330/2036/22 1356/2033/22
f 1335/2047/4 1329/2004/4 1339/2003/4 1341/2048/4
f 1333/2049/4 1335/2047/4 1341/2048/4 1343/2050/4
f 1357/2042/2 1359/2041/2 1345/2044/2 1347/2043/2
f 1359/2041/2 1349/2025/2 1355/2028/2 1345/2044/2
f 1371/2051/4 1361/2052/4 1363/2053/4 1369/2054/4
f 1370/2055/10 1364/2056/10 1386/2057/10 1384/2058/10
f 1374/2059/26 1392/2060/26 1390/2061/26 1376/2062/26
f 1382/2063/23 1372/2064/23 1370/2055/23 1384/2058/23
f 1362/2065/5 1368/2066/5 1378/2067/5 1388/2068/5
f 1372/2069/1 1382/2070/1 1392/2071/1 1374/2072/1
f 1381/2073/2 1383/2074/2 1385/2075/2 1387/2076/2
f 1366/2077/3 1376/2062/3 1390/2061/3 1380/2078/3
f 1378/2079/24 1368/2080/24 1366/2077/24 1380/2078/24
f 1387/2076/51 1385/2075/51 1386/2057/51 1388/2081/51
f 1363/2082/52 1361/2083/52 1362/2084/52 1364/2056/52
f 1383/2074/50 1381/2073/50 1382/2063/50 1384/2058/50
f 1371/2085/49 1369/2086/49 1370/2055/49 1372/2064/49
f 1375/2087/47 1373/2088/47 1374/2059/47 1376/2062/47
f 1391/2089/48 1389/2090/48 1390/2061/48 1392/2060/48
f 1379/2091/54 1377/2092/54 1378/2079/54 1380/2078/54
f 1367/2093/53 1365/2094/53 1366/2077/53 1368/2080/53
f 1369/2086/21 1363/2082/21 1364/2056/21 1370/2055/21
f 1385/2075/19 1383/2074/19 1384/2058/19 1386/2057/19
f 1376/2062/25 1366/2077/25 1365/2094/25 1375/2087/25
f 1368/2066/7 1362/2065/7 1361/2052/7 1367/2095/7
f 1372/2069/6 1374/2072/6 1373/2096/6 1371/2051/6
f 1377/2092/8 1387/2076/8 1388/2081/8 1378/2079/8
f 1389/2090/20 1379/2091/20 1380/2078/20 1390/2061/20
f 1381/2073/9 1391/2089/9 1392/2060/9 1382/2063/9
f 1386/2057/22 1364/2056/22 1362/2084/22 1388/2081/22
f 1367/2095/4 1361/2052/4 1371/2051/4 1373/2096/4
f 1365/2097/4 1367/2095/4 1373/2096/4 1375/2098/4
f 1389/2090/2 1391/2089/2 1377/2092/2 1379/2091/2
f 1391/2089/2 1381/2073/2 1387/2076/2 1377/2092/2
f 1420/2099/10 1399/2100/10 1404/2101/10 1421/2102/10
f 1409/2103/3 1413/2104/3 1401/2105/3 1407/2106/3
f 1397/2107/10 1417/2108/10 1424/2109/10 1405/2110/10
f 1406/2111/5 1423/2112/5 1411/2113/5 1396/2114/5
f 1403/2115/6 1400/2116/6 1410/2117/6 1408/2118/6
f 1418/2119/2 1398/2120/2 1394/2121/2 1415/2122/2
f 1400/2123/1 1419/2124/1 1414/2125/1 1410/2126/1
f 1418/2119/9 1415/2122/9 1414/2125/9 1419/2124/9
f 1424/2109/10 1417/2108/10 1420/2099/10 1421/2102/10
f 1422/2127/4 1403/2128/4 1408/2129/4 1402/2130/4
f 1413/2104/3 1416/2131/3 1412/2132/3 1401/2105/3
f 1398/2133/8 1406/2134/8 1396/2135/8 1394/2136/8
f 1422/2127/7 1402/2130/7 1411/2113/7 1423/2112/7
f 1408/2129/16 1410/2126/16 1409/2103/16 1407/2106/16
f 1397/2107/12 1405/2110/12 1406/2134/12 1398/2133/12
f 1404/2101/15 1399/2100/15 1400/2116/15 1403/2115/15
f 1394/2121/11 1396/2114/11 1395/2137/11 1393/2138/11
f 1414/2125/55 1415/2122/55 1416/2131/55 1413/2104/55
f 1418/2119/56 1419/2124/56 1420/2139/56 1417/2140/56
f 1422/2127/57 1423/2112/57 1424/2141/57 1421/2142/57
f 1421/2142/58 1404/2143/58 1403/2128/58 1422/2127/58
f 1415/2122/59 1394/2121/59 1393/2138/59 1416/2131/59
f 1396/2114/60 1411/2113/60 1412/2132/60 1395/2137/60
f 1405/2144/61 1424/2141/61 1423/2112/61 1406/2111/61
f 1399/2145/62 1420/2139/62 1419/2124/62 1400/2123/62
f 1417/2140/63 1397/2146/63 1398/2120/63 1418/2119/63
f 1410/2126/64 1414/2125/64 1413/2104/64 1409/2103/64
f 1407/2106/65 1401/2105/65 1402/2130/65 1408/2129/65
f 1411/2113/66 1402/2130/66 1401/2105/66 1412/2132/66
f 1393/2138/3 1395/2137/3 1412/2132/3 1416/2131/3
f 1452/2147/1 1431/2148/1 1436/2149/1 1453/2150/1
f 1441/2151/5 1445/2152/5 1433/2153/5 1439/2154/5
f 1429/2155/1 1449/2156/1 1456/2157/1 1437/2158/1
f 1438/2159/10 1455/2160/10 1443/2161/10 1428/2162/10
f 1435/2163/25 1432/2164/25 1442/2165/25 1440/2166/25
f 1450/2167/2 1430/2168/2 1426/2169/2 1447/2170/2
f 1432/2171/3 1451/2172/3 1446/2173/3 1442/2174/3
f 1450/2167/20 1447/2170/20 1446/2173/20 1451/2172/20
f 1456/2157/1 1449/2156/1 1452/2147/1 1453/2150/1
f 1454/2175/4 1435/2176/4 1440/2177/4 1434/2178/4
f 1445/2152/5 1448/2179/5 1444/2180/5 1433/2153/5
f 1430/2181/19 1438/2182/19 1428/2183/19 1426/2184/19
f 1454/2175/21 1434/2178/21 1443/2161/21 1455/2160/21
f 1440/2177/32 1442/2174/32 1441/2151/32 1439/2154/32
f 1429/2155/28 1437/2158/28 1438/2182/28 1430/2181/28
f 1436/2149/31 1431/2148/31 1432/2164/31 1435/2163/31
f 1426/2169/27 1428/2162/27 1427/2185/27 1425/2186/27
f 1446/2173/67 1447/2170/67 1448/2179/67 1445/2152/67
f 1450/2167/68 1451/2172/68 1452/2187/68 1449/2188/68
f 1454/2175/69 1455/2160/69 1456/2189/69 1453/2190/69
f 1453/2190/45 1436/2191/45 1435/2176/45 1454/2175/45
f 1447/2170/43 1426/2169/43 1425/2186/43 1448/2179/43
f 1428/2162/42 1443/2161/42 1444/2180/42 1427/2185/42
f 1437/2192/44 1456/2189/44 1455/2160/44 1438/2159/44
f 1431/2193/40 1452/2187/40 1451/2172/40 1432/2171/40
f 1449/2188/70 1429/2194/70 1430/2168/70 1450/2167/70
f 1442/2174/41 1446/2173/41 1445/2152/41 1441/2151/41
f 1439/2154/38 1433/2153/38 1434/2178/38 1440/2177/38
f 1443/2161/71 1434/2178/71 1433/2153/71 1444/2180/71
f 1425/2186/5 1427/2185/5 1444/2180/5 1448/2179/5
f 1484/2195/3 1463/2196/3 1468/2197/3 1485/2198/3
f 1473/2199/10 1477/2200/10 1465/2201/10 1471/2202/10
f 1461/2203/3 1481/2204/3 1488/2205/3 1469/2206/3
f 1470/2207/1 1487/2208/1 1475/2209/1 1460/2210/1
f 1467/2211/7 1464/2212/7 1474/2213/7 1472/2214/7
f 1482/2215/2 1462/2216/2 1458/2217/2 1479/2218/2
f 1464/2219/5 1483/2220/5 1478/2221/5 1474/2222/5
f 1482/2215/8 1479/2218/8 1478/2221/8 1483/2220/8
f 1488/2205/3 1481/2204/3 1484/2195/3 1485/2198/3
f 1486/2223/4 1467/2224/4 1472/2225/4 1466/2226/4
f 1477/2200/10 1480/2227/10 1476/2228/10 1465/2201/10
f 1462/2229/9 1470/2230/9 1460/2231/9 1458/2232/9
f 1486/2223/6 1466/2226/6 1475/2209/6 1487/2208/6
f 1472/2225/18 1474/2222/18 1473/2199/18 1471/2202/18
f 1461/2203/13 1469/2206/13 1470/2230/13 1462/2229/13
f 1468/2197/17 1463/2196/17 1464/2212/17 1467/2211/17
f 1458/2217/14 1460/2210/14 1459/2233/14 1457/2234/14
f 1478/2221/72 1479/2218/72 1480/2227/72 1477/2200/72
f 1482/2215/73 1483/2220/73 1484/2235/73 1481/2236/73
f 1486/2223/74 1487/2208/74 1488/2237/74 1485/2238/74
f 1485/2238/65 1468/2239/65 1467/2224/65 1486/2223/65
f 1479/2218/75 1458/2217/75 1457/2234/75 1480/2227/75
f 1460/2210/76 1475/2209/76 1476/2228/76 1459/2233/76
f 1469/2240/77 1488/2237/77 1487/2208/77 1470/2207/77
f 1463/2241/60 1484/2235/60 1483/2220/60 1464/2219/60
f 1481/2236/59 1461/2242/59 1462/2216/59 1482/2215/59
f 1474/2222/61 1478/2221/61 1477/2200/61 1473/2199/61
f 1471/2202/58 1465/2201/58 1466/2226/58 1472/2225/58
f 1475/2209/78 1466/2226/78 1465/2201/78 1476/2228/78
f 1457/2234/10 1459/2233/10 1476/2228/10 1480/2227/10
f 1516/2243/4 1495/2244/4 1500/2245/4 1517/2246/4
f 1505/2247/2 1509/2248/2 1497/2249/2 1503/2250/2
f 1493/2251/4 1513/2252/4 1520/2253/4 1501/2254/4
f 1502/2255/3 1519/2256/3 1507/2257/3 1492/2258/3
f 1499/2259/23 1496/2260/23 1506/2261/23 1504/2262/23
f 1514/2263/5 1494/2264/5 1490/2265/5 1511/2266/5
f 1496/2267/10 1515/2268/10 1510/2269/10 1506/2270/10
f 1514/2263/22 1511/2266/22 1510/2269/22 1515/2268/22
f 1520/2253/4 1513/2252/4 1516/2243/4 1517/2246/4
f 1518/2271/1 1499/2272/1 1504/2273/1 1498/2274/1
f 1509/2248/2 1512/2275/2 1508/2276/2 1497/2249/2
f 1494/2277/24 1502/2278/24 1492/2279/24 1490/2280/24
f 1518/2271/26 1498/2274/26 1507/2257/26 1519/2256/26
f 1504/2273/50 1506/2270/50 1505/2247/50 1503/2250/50
f 1493/2251/53 1501/2254/53 1502/2278/53 1494/2277/53
f 1500/2245/49 1495/2244/49 1496/2260/49 1499/2259/49
f 1490/2265/54 1492/2258/54 1491/2281/54 1489/2282/54
f 1510/2269/79 1511/2266/79 1512/2275/79 1509/2248/79
f 1514/2263/80 1515/2268/80 1516/2283/80 1513/2284/80
f 1518/2271/81 1519/2256/81 1520/2285/81 1517/2286/81
f 1517/2286/82 1500/2287/82 1499/2272/82 1518/2271/82
f 1511/2266/83 1490/2265/83 1489/2282/83 1512/2275/83
f 1492/2258/84 1507/2257/84 1508/2276/84 1491/2281/84
f 1501/2288/85 1520/2285/85 1519/2256/85 1502/2255/85
f 1495/2289/86 1516/2283/86 1515/2268/86 1496/2267/86
f 1513/2284/87 1493/2290/87 1494/2264/87 1514/2263/87
f 1506/2270/88 1510/2269/88 1509/2248/88 1505/2247/88
f 1503/2250/89 1497/2249/89 1498/2274/89 1504/2273/89
f 1507/2257/90 1498/2274/90 1497/2249/90 1508/2276/90
f 1489/2282/2 1491/2281/2 1508/2276/2 1512/2275/2
f 1548/2291/2 1527/2292/2 1532/2293/2 1549/2294/2
f 1537/2295/4 1541/2296/4 1529/2297/4 1535/2298/4
f 1525/2299/2 1545/2300/2 1552/2301/2 1533/2302/2
f 1534/2303/10 1551/2304/10 1539/2305/10 1524/2306/10
f 1531/2307/26 1528/2308/26 1538/2309/26 1536/2310/26
f 1546/2311/5 1526/2312/5 1522/2313/5 1543/2314/5
f 1528/2315/3 1547/2316/3 1542/2317/3 1538/2318/3
f 1546/2311/24 1543/2314/24 1542/2317/24 1547/2316/24
f 1552/2301/2 1545/2300/2 1548/2291/2 1549/2294/2
f 1550/2319/1 1531/2320/1 1536/2321/1 1530/2322/1
f 1541/2296/4 1544/2323/4 1540/2324/4 1529/2297/4
f 1526/2325/22 1534/2326/22 1524/2327/22 1522/2328/22
f 1550/2319/23 1530/2322/23 1539/2305/23 1551/2304/23
f 1536/2321/47 1538/2318/47 1537/2295/47 1535/2298/47
f 1525/2299/51 1533/2302/51 1534/2326/51 1526/2325/51
f 1532/2293/48 1527/2292/48 1528/2308/48 1531/2307/48
f 1522/2313/52 1524/2306/52 1523/2329/52 1521/2330/52
f 1542/2317/91 1543/2314/91 1544/2323/91 1541/2296/91
f 1546/2311/92 1547/2316/92 1548/2331/92 1545/2332/92
f 1550/2319/93 1551/2304/93 1552/2333/93 1549/2334/93
f 1549/2334/89 1532/2335/89 1531/2320/89 1550/2319/89
f 1543/2314/87 1522/2313/87 1521/2330/87 1544/2323/87
f 1524/2306/86 1539/2305/86 1540/2324/86 1523/2329/86
f 1533/2336/88 1552/2333/88 1551/2304/88 1534/2303/88
f 1527/2337/84 1548/2331/84 1547/2316/84 1528/2315/84
f 1545/2332/83 1525/2338/83 1526/2312/83 1546/2311/83
f 1538/2318/85 1542/2317/85 1541/2296/85 1537/2295/85
f 1535/2298/82 1529/2297/82 1530/2322/82 1536/2321/82
f 1539/2305/94 1530/2322/94 1529/2297/94 1540/2324/94
f 1521/2330/4 1523/2329/4 1540/2324/4 1544/2323/4
f 1562/2339/10 1563/2340/10 1556/2341/10 1553/2342/10
f 1566/2343/2 1567/2344/2 1564/2345/2 1561/2346/2
f 1559/2347/1 1560/2348/1 1555/2349/1 1556/2350/1
f 1554/2351/4 1555/2352/4 1560/2353/4 1557/2354/4
f 1558/2355/3 1559/2356/3 1568/2357/3 1565/2358/3
f 1553/2342/21 1556/2341/21 1555/2352/21 1554/2351/21
f 1559/2356/25 1558/2355/25 1557/2359/25 1560/2360/25
f 1567/2344/20 1566/2343/20 1565/2358/20 1568/2357/20
f 1563/2340/19 1562/2339/19 1561/2346/19 1564/2345/19
f 1565/2361/5 1566/2362/5 1561/2363/5 1562/2364/5
f 1557/2365/5 1558/2366/5 1553/2367/5 1554/2368/5
f 1558/2366/5 1565/2361/5 1562/2364/5 1553/2367/5
f 1567/2369/1 1568/2370/1 1563/2371/1 1564/2372/1
f 1568/2370/1 1559/2347/1 1556/2350/1 1563/2371/1
f 1589/2373/20 1574/2374/20 1576/2375/20 1591/2376/20
f 1597/2377/9 1590/2378/9 1592/2379/9 1599/2380/9
f 1593/2381/21 1578/2382/21 1580/2383/21 1595/2384/21
f 1588/2385/3 1591/2376/3 1576/2375/3 1571/2386/3
f 1581/2387/19 1598/2388/19 1600/2389/19 1583/2390/19
f 1569/2391/25 1586/2392/25 1588/2385/25 1571/2386/25
f 1581/2393/2 1582/2394/2 1573/2395/2 1574/2396/2
f 1580/2383/10 1583/2390/10 1600/2389/10 1595/2384/10
f 1585/2397/6 1594/2398/6 1596/2399/6 1587/2400/6
f 1596/2399/1 1599/2380/1 1592/2379/1 1587/2400/1
f 1572/2401/5 1575/2402/5 1584/2403/5 1579/2404/5
f 1573/2405/8 1582/2406/8 1584/2403/8 1575/2402/8
f 1577/2407/7 1570/2408/7 1572/2401/7 1579/2404/7
f 1580/2383/95 1578/2382/95 1577/2407/95 1579/2404/95
f 1569/2391/96 1571/2386/96 1572/2401/96 1570/2408/96
f 1576/2375/97 1574/2374/97 1573/2405/97 1575/2402/97
f 1581/2387/98 1583/2390/98 1584/2403/98 1582/2406/98
f 1596/2399/99 1594/2398/99 1593/2381/99 1595/2384/99
f 1597/2377/100 1599/2380/100 1600/2389/100 1598/2388/100
f 1588/2409/101 1586/2410/101 1585/2397/101 1587/2400/101
f 1589/2411/102 1591/2412/102 1592/2379/102 1590/2378/102
f 1571/2386/24 1576/2375/24 1575/2402/24 1572/2401/24
f 1583/2390/22 1580/2383/22 1579/2404/22 1584/2403/22
f 1587/2400/26 1592/2379/26 1591/2412/26 1588/2409/26
f 1599/2380/23 1596/2399/23 1595/2384/23 1600/2389/23
f 1593/2413/4 1594/2414/4 1585/2415/4 1586/2416/4
f 1577/2417/4 1578/2418/4 1569/2419/4 1570/2420/4
f 1578/2418/4 1593/2413/4 1586/2416/4 1569/2419/4
f 1597/2421/2 1598/2422/2 1589/2423/2 1590/2424/2
f 1598/2422/2 1581/2393/2 1574/2396/2 1589/2423/2
f 1610/2425/10 1611/2426/10 1604/2427/10 1601/2428/10
f 1614/2429/2 1615/2430/2 1612/2431/2 1609/2432/2
f 1607/2433/1 1608/2434/1 1603/2435/1 1604/2436/1
f 1602/2437/4 1603/2438/4 1608/2439/4 1605/2440/4
f 1606/2441/3 1607/2442/3 1616/2443/3 1613/2444/3
f 1601/2428/21 1604/2427/21 1603/2438/21 1602/2437/21
f 1607/2442/25 1606/2441/25 1605/2445/25 1608/2446/25
f 1615/2430/20 1614/2429/20 1613/2444/20 1616/2443/20
f 1611/2426/19 1610/2425/19 1609/2432/19 1612/2431/19
f 1613/2447/5 1614/2448/5 1609/2449/5 1610/2450/5
f 1605/2451/5 1606/2452/5 1601/2453/5 1602/2454/5
f 1606/2452/5 1613/2447/5 1610/2450/5 1601/2453/5
f 1615/2455/1 1616/2456/1 1611/2457/1 1612/2458/1
f 1616/2456/1 1607/2433/1 1604/2436/1 1611/2457/1
f 1637/2459/8 1622/2460/8 1624/2461/8 1639/2462/8
f 1645/2463/20 1638/2464/20 1640/2465/20 1647/2466/20
f 1641/2467/6 1626/2468/6 1628/2469/6 1643/2470/6
f 1636/2471/5 1639/2462/5 1624/2461/5 1619/2472/5
f 1629/2473/9 1646/2474/9 1648/2475/9 1631/2476/9
f 1617/2477/7 1634/2478/7 1636/2471/7 1619/2472/7
f 1629/2479/2 1630/2480/2 1621/2481/2 1622/2482/2
f 1628/2469/1 1631/2476/1 1648/2475/1 1643/2470/1
f 1633/2483/25 1642/2484/25 1644/2485/25 1635/2486/25
f 1644/2485/3 1647/2466/3 1640/2465/3 1635/2486/3
f 1620/2487/10 1623/2488/10 1632/2489/10 1627/2490/10
f 1621/2491/19 1630/2492/19 1632/2489/19 1623/2488/19
f 1625/2493/21 1618/2494/21 1620/2487/21 1627/2490/21
f 1628/2469/99 1626/2468/99 1625/2493/99 1627/2490/99
f 1617/2477/95 1619/2472/95 1620/2487/95 1618/2494/95
f 1624/2461/103 1622/2460/103 1621/2491/103 1623/2488/103
f 1629/2473/104 1631/2476/104 1632/2489/104 1630/2492/104
f 1644/2485/101 1642/2484/101 1641/2467/101 1643/2470/101
f 1645/2463/105 1647/2466/105 1648/2475/105 1646/2474/105
f 1636/2495/96 1634/2496/96 1633/2483/96 1635/2486/96
f 1637/2497/106 1639/2498/106 1640/2465/106 1638/2464/106
f 1619/2472/22 1624/2461/22 1623/2488/22 1620/2487/22
f 1631/2476/23 1628/2469/23 1627/2490/23 1632/2489/23
f 1635/2486/24 1640/2465/24 1639/2498/24 1636/2495/24
f 1647/2466/26 1644/2485/26 1643/2470/26 1648/2475/26
f 1641/2499/4 1642/2500/4 1633/2501/4 1634/2502/4
f 1625/2503/4 1626/2504/4 1617/2505/4 1618/2506/4
f 1626/2504/4 1641/2499/4 1634/2502/4 1617/2505/4
f 1645/2507/2 1646/2508/2 1637/2509/2 1638/2510/2
f 1646/2508/2 1629/2479/2 1622/2482/2 1637/2509/2
f 1669/2511/19 1654/2512/19 1656/2513/19 1671/2514/19
f 1677/2515/8 1670/2516/8 1672/2517/8 1679/2518/8
f 1673/2519/25 1658/2520/25 1660/2521/25 1675/2522/25
f 1668/2523/10 1671/2514/10 1656/2513/10 1651/2524/10
f 1661/2525/20 1678/2526/20 1680/2527/20 1663/2528/20
f 1649/2529/21 1666/2530/21 1668/2523/21 1651/2524/21
f 1661/2531/2 1662/2532/2 1653/2533/2 1654/2534/2
f 1660/2521/3 1663/2528/3 1680/2527/3 1675/2522/3
f 1665/2535/7 1674/2536/7 1676/2537/7 1667/2538/7
f 1676/2537/5 1679/2518/5 1672/2517/5 1667/2538/5
f 1652/2539/1 1655/2540/1 1664/2541/1 1659/2542/1
f 1653/2543/9 1662/2544/9 1664/2541/9 1655/2540/9
f 1657/2545/6 1650/2546/6 1652/2539/6 1659/2542/6
f 1660/2521/101 1658/2520/101 1657/2545/101 1659/2542/101
f 1649/2529/99 1651/2524/99 1652/2539/99 1650/2546/99
f 1656/2513/107 1654/2512/107 1653/2543/107 1655/2540/107
f 1661/2525/102 1663/2528/102 1664/2541/102 1662/2544/102
f 1676/2537/96 1674/2536/96 1673/2519/96 1675/2522/96
f 1677/2515/108 1679/2518/108 1680/2527/108 1678/2526/108
f 1668/2547/95 1666/2548/95 1665/2535/95 1667/2538/95
f 1669/2549/98 1671/2550/98 1672/2517/98 1670/2516/98
f 1651/2524/23 1656/2513/23 1655/2540/23 1652/2539/23
f 1663/2528/26 1660/2521/26 1659/2542/26 1664/2541/26
f 1667/2538/22 1672/2517/22 1671/2550/22 1668/2547/22
f 1679/2518/24 1676/2537/24 1675/2522/24 1680/2527/24
f 1673/2551/4 1674/2552/4 1665/2553/4 1666/2554/4
f 1657/2555/4 1658/2556/4 1649/2557/4 1650/2558/4
f 1658/2556/4 1673/2551/4 1666/2554/4 1649/2557/4
f 1677/2559/2 1678/2560/2 1669/2561/2 1670/2562/2
f 1678/2560/2 1661/2531/2 1654/2534/2 1669/2561/2
f 1701/2563/9 1686/2564/9 1688/2565/9 1703/2566/9
f 1709/2567/19 1702/2568/19 1704/2569/19 1711/2570/19
f 1705/2571/7 1690/2572/7 1692/2573/7 1707/2574/7
f 1700/2575/1 1703/2566/1 1688/2565/1 1683/2576/1
f 1693/2577/8 1710/2578/8 1712/2579/8 1695/2580/8
f 1681/2581/6 1698/2582/6 1700/2575/6 1683/2576/6
f 1693/2583/2 1694/2584/2 1685/2585/2 1686/2586/2
f 1692/2573/5 1695/2580/5 1712/2579/5 1707/2574/5
f 1697/2587/21 1706/2588/21 1708/2589/21 1699/2590/21
f 1708/2589/10 1711/2570/10 1704/2569/10 1699/2590/10
f 1684/2591/3 1687/2592/3 1696/2593/3 1691/2594/3
f 1685/2595/20 1694/2596/20 1696/2593/20 1687/2592/20
f 1689/2597/25 1682/2598/25 1684/2591/25 1691/2594/25
f 1692/2573/96 1690/2572/96 1689/2597/96 1691/2594/96
f 1681/2581/101 1683/2576/101 1684/2591/101 1682/2598/101
f 1688/2565/105 1686/2564/105 1685/2595/105 1687/2592/105
f 1693/2577/106 1695/2580/106 1696/2593/106 1694/2596/106
f 1708/2589/95 1706/2588/95 1705/2571/95 1707/2574/95
f 1709/2567/103 1711/2570/103 1712/2579/103 1710/2578/103
f 1700/2599/99 1698/2600/99 1697/2587/99 1699/2590/99
f 1701/2601/104 1703/2602/104 1704/2569/104 1702/2568/104
f 1683/2576/26 1688/2565/26 1687/2592/26 1684/2591/26
f 1695/2580/24 1692/2573/24 1691/2594/24 1696/2593/24
f 1699/2590/23 1704/2569/23 1703/2602/23 1700/2599/23
f 1711/2570/22 1708/2589/22 1707/2574/22 1712/2579/22
f 1705/2603/4 1706/2604/4 1697/2605/4 1698/2606/4
f 1689/2607/4 1690/2608/4 1681/2609/4 1682/2610/4
f 1690/2608/4 1705/2603/4 1698/2606/4 1681/2609/4
f 1709/2611/2 1710/2612/2 1701/2613/2 1702/2614/2
f 1710/2612/2 1693/2583/2 1686/2586/2 1701/2613/2
f 1722/2615/5 1723/2616/5 1716/2617/5 1713/2618/5
f 1726/2619/2 1727/2620/2 1724/2621/2 1721/2622/2
f 1719/2623/10 1720/2624/10 1715/2625/10 1716/2626/10
f 1714/2627/4 1715/2628/4 1720/2629/4 1717/2630/4
f 1718/2631/1 1719/2632/1 1728/2633/1 1725/2634/1
f 1713/2618/7 1716/2617/7 1715/2628/7 1714/2627/7
f 1719/2632/6 1718/2631/6 1717/2635/6 1720/2636/6
f 1727/2620/9 1726/2619/9 1725/2634/9 1728/2633/9
f 1723/2616/8 1722/2615/8 1721/2622/8 1724/2621/8
f 1725/2637/3 1726/2638/3 1721/2639/3 1722/2640/3
f 1717/2641/3 1718/2642/3 1713/2643/3 1714/2644/3
f 1718/2642/3 1725/2637/3 1722/2640/3 1713/2643/3
f 1727/2645/10 1728/2646/10 1723/2647/10 1724/2648/10
f 1728/2646/10 1719/2623/10 1716/2626/10 1723/2647/10
f 1738/2649/5 1739/2650/5 1732/2651/5 1729/2652/5
f 1742/2653/2 1743/2654/2 1740/2655/2 1737/2656/2
f 1735/2657/10 1736/2658/10 1731/2659/10 1732/2660/10
f 1730/2661/4 1731/2662/4 1736/2663/4 1733/2664/4
f 1734/2665/1 1735/2666/1 1744/2667/1 1741/2668/1
f 1729/2652/7 1732/2651/7 1731/2662/7 1730/2661/7
f 1735/2666/6 1734/2665/6 1733/2669/6 1736/2670/6
f 1743/2654/9 1742/2653/9 1741/2668/9 1744/2667/9
f 1739/2650/8 1738/2649/8 1737/2656/8 1740/2655/8
f 1741/2671/3 1742/2672/3 1737/2673/3 1738/2674/3
f 1733/2675/3 1734/2676/3 1729/2677/3 1730/2678/3
f 1734/2676/3 1741/2671/3 1738/2674/3 1729/2677/3
f 1743/2679/10 1744/2680/10 1739/2681/10 1740/2682/10
f 1744/2680/10 1735/2657/10 1732/2660/10 1739/2681/10
f 1754/2683/3 1755/2684/3 1748/2685/3 1745/2686/3
f 1758/2687/2 1759/2688/2 1756/2689/2 1753/2690/2
f 1751/2691/5 1752/2692/5 1747/2693/5 1748/2694/5
f 1746/2695/4 1747/2696/4 1752/2697/4 1749/2698/4
f 1750/2699/10 1751/2700/10 1760/2701/10 1757/2702/10
f 1745/2686/25 1748/2685/25 1747/2696/25 1746/2695/25
f 1751/2700/21 1750/2699/21 1749/2703/21 1752/2704/21
f 1759/2688/19 1758/2687/19 1757/2702/19 1760/2701/19
f 1755/2684/20 1754/2683/20 1753/2690/20 1756/2689/20
f 1757/2705/1 1758/2706/1 1753/2707/1 1754/2708/1
f 1749/2709/1 1750/2710/1 1745/2711/1 1746/2712/1
f 1750/2710/1 1757/2705/1 1754/2708/1 1745/2711/1
f 1759/2713/5 1760/2714/5 1755/2715/5 1756/2716/5
f 1760/2714/5 1751/2691/5 1748/2694/5 1755/2715/5
f 1770/2717/3 1771/2718/3 1764/2719/3 1761/2720/3
f 1774/2721/2 1775/2722/2 1772/2723/2 1769/2724/2
f 1767/2725/5 1768/2726/5 1763/2727/5 1764/2728/5
f 1762/2729/4 1763/2730/4 1768/2731/4 1765/2732/4
f 1766/2733/10 1767/2734/10 1776/2735/10 1773/2736/10
f 1761/2720/25 1764/2719/25 1763/2730/25 1762/2729/25
f 1767/2734/21 1766/2733/21 1765/2737/21 1768/2738/21
f 1775/2722/19 1774/2721/19 1773/2736/19 1776/2735/19
f 1771/2718/20 1770/2717/20 1769/2724/20 1772/2723/20
f 1773/2739/1 1774/2740/1 1769/2741/1 1770/2742/1
f 1765/2743/1 1766/2744/1 1761/2745/1 1762/2746/1
f 1766/2744/1 1773/2739/1 1770/2742/1 1761/2745/1
f 1775/2747/5 1776/2748/5 1771/2749/5 1772/2750/5
f 1776/2748/5 1767/2725/5 1764/2728/5 1771/2749/5
f 1786/2751/1 1787/2752/1 1780/2753/1 1777/2754/1
f 1790/2755/2 1791/2756/2 1788/2757/2 1785/2758/2
f 1783/2759/3 1784/2760/3 1779/2761/3 1780/2762/3
f 1778/2763/4 1779/2764/4 1784/2765/4 1781/2766/4
f 1782/2767/5 1783/2768/5 1792/2769/5 1789/2770/5
f 1777/2754/6 1780/2753/6 1779/2764/6 1778/2763/6
f 1783/2768/7 1782/2767/7 1781/2771/7 1784/2772/7
f 1791/2756/8 1790/2755/8 1789/2770/8 1792/2769/8
f 1787/2752/9 1786/2751/9 1785/2758/9 1788/2757/9
f 1789/2773/10 1790/2774/10 1785/2775/10 1786/2776/10
f 1781/2777/10 1782/2778/10 1777/2779/10 1778/2780/10
f 1782/2778/10 1789/2773/10 1786/2776/10 1777/2779/10
f 1791/2781/3 1792/2782/3 1787/2783/3 1788/2784/3
f 1792/2782/3 1783/2759/3 1780/2762/3 1787/2783/3
f 1803/2785/10 1793/2786/10 1795/2787/10 1801/2788/10
f 1802/2789/4 1796/2790/4 1818/2791/4 1816/2792/4
f 1806/2793/8 1824/2794/8 1822/2795/8 1808/2796/8
f 1814/2797/7 1804/2798/7 1802/2789/7 1816/2792/7
f 1794/2799/1 1800/2800/1 1810/2801/1 1820/2802/1
f 1804/2803/5 1814/2804/5 1824/2805/5 1806/2806/5
f 1813/2807/3 1815/2808/3 1817/2809/3 1819/2810/3
f 1798/2811/2 1808/2796/2 1822/2795/2 1812/2812/2
f 1810/2813/9 1800/2814/9 1798/2811/9 1812/2812/9
f 1819/2810/16 1817/2809/16 1818/2791/16 1820/2815/16
f 1795/2816/15 1793/2817/15 1794/2818/15 1796/2790/15
f 1815/2808/17 1813/2807/17 1814/2797/17 1816/2792/17
f 1803/2819/18 1801/2820/18 1802/2789/18 1804/2798/18
f 1807/2821/12 1805/2822/12 1806/2793/12 1808/2796/12
f 1823/2823/11 1821/2824/11 1822/2795/11 1824/2794/11
f 1811/2825/13 1809/2826/13 1810/2813/13 1812/2812/13
f 1799/2827/14 1797/2828/14 1798/2811/14 1800/2814/14
f 1801/2820/21 1795/2816/21 1796/2790/21 1802/2789/21
f 1817/2809/25 1815/2808/25 1816/2792/25 1818/2791/25
f 1808/2796/19 1798/2811/19 1797/2828/19 1807/2821/19
f 1800/2800/23 1794/2799/23 1793/2786/23 1799/2829/23
f 1804/2803/22 1806/2806/22 1805/2830/22 1803/2785/22
f 1809/2826/26 1819/2810/26 1820/2815/26 1810/2813/26
f 1821/2824/20 1811/2825/20 1812/2812/20 1822/2795/20
f 1813/2807/24 1823/2823/24 1824/2794/24 1814/2797/24
f 1818/2791/6 1796/2790/6 1794/2818/6 1820/2815/6
f 1799/2829/10 1793/2786/10 1803/2785/10 1805/2830/10
f 1797/2831/10 1799/2829/10 1805/2830/10 1807/2832/10
f 1821/2824/3 1823/2823/3 1809/2826/3 1811/2825/3
f 1823/2823/3 1813/2807/3 1819/2810/3 1809/2826/3
f 1835/2833/10 1825/2834/10 1827/2835/10 1833/2836/10
f 1834/2837/4 1828/2838/4 1850/2839/4 1848/2840/4
f 1838/2841/8 1856/2842/8 1854/2843/8 1840/2844/8
f 1846/2845/7 1836/2846/7 1834/2837/7 1848/2840/7
f 1826/2847/1 1832/2848/1 1842/2849/1 1852/2850/1
f 1836/2851/5 1846/2852/5 1856/2853/5 1838/2854/5
f 1845/2855/3 1847/2856/3 1849/2857/3 1851/2858/3
f 1830/2859/2 1840/2844/2 1854/2843/2 1844/2860/2
f 1842/2861/9 1832/2862/9 1830/2859/9 1844/2860/9
f 1851/2858/16 1849/2857/16 1850/2839/16 1852/2863/16
f 1827/2864/15 1825/2865/15 1826/2866/15 1828/2838/15
f 1847/2856/17 1845/2855/17 1846/2845/17 1848/2840/17
f 1835/2867/18 1833/2868/18 1834/2837/18 1836/2846/18
f 1839/2869/12 1837/2870/12 1838/2841/12 1840/2844/12
f 1855/2871/11 1853/2872/11 1854/2843/11 1856/2842/11
f 1843/2873/13 1841/2874/13 1842/2861/13 1844/2860/13
f 1831/2875/14 1829/2876/14 1830/2859/14 1832/2862/14
f 1833/2868/21 1827/2864/21 1828/2838/21 1834/2837/21
f 1849/2857/25 1847/2856/25 1848/2840/25 1850/2839/25
f 1840/2844/19 1830/2859/19 1829/2876/19 1839/2869/19
f 1832/2848/23 1826/2847/23 1825/2834/23 1831/2877/23
f 1836/2851/22 1838/2854/22 1837/2878/22 1835/2833/22
f 1841/2874/26 1851/2858/26 1852/2863/26 1842/2861/26
f 1853/2872/20 1843/2873/20 1844/2860/20 1854/2843/20
f 1845/2855/24 1855/2871/24 1856/2842/24 1846/2845/24
f 1850/2839/6 1828/2838/6 1826/2866/6 1852/2863/6
f 1831/2877/10 1825/2834/10 1835/2833/10 1837/2878/10
f 1829/2879/10 1831/2877/10 1837/2878/10 1839/2880/10
f 1853/2872/3 1855/2871/3 1841/2874/3 1843/2873/3
f 1855/2871/3 1845/2855/3 1851/2858/3 1841/2874/3
f 1867/2881/1 1857/2882/1 1859/2883/1 1865/2884/1
f 1866/2885/4 1860/2886/4 1882/2887/4 1880/2888/4
f 1870/2889/19 1888/2890/19 1886/2891/19 1872/2892/19
f 1878/2893/21 1868/2894/21 1866/2885/21 1880/2888/21
f 1858/2895/3 1864/2896/3 1874/2897/3 1884/2898/3
f 1868/2899/10 1878/2900/10 1888/2901/10 1870/2902/10
f 1877/2903/5 1879/2904/5 1881/2905/5 1883/2906/5
f 1862/2907/2 1872/2892/2 1886/2891/2 1876/2908/2
f 1874/2909/20 1864/2910/20 1862/2907/20 1876/2908/20
f 1883/2906/32 1881/2905/32 1882/2887/32 1884/2911/32
f 1859/2912/31 1857/2913/31 1858/2914/31 1860/2886/31
f 1879/2904/33 1877/2903/33 1878/2893/33 1880/2888/33
f 1867/2915/34 1865/2916/34 1866/2885/34 1868/2894/34
f 1871/2917/28 1869/2918/28 1870/2889/28 1872/2892/28
f 1887/2919/27 1885/2920/27 1886/2891/27 1888/2890/27
f 1875/2921/29 1873/2922/29 1874/2909/29 1876/2908/29
f 1863/2923/30 1861/2924/30 1862/2907/30 1864/2910/30
f 1865/2916/6 1859/2912/6 1860/2886/6 1866/2885/6
f 1881/2905/7 1879/2904/7 1880/2888/7 1882/2887/7
f 1872/2892/9 1862/2907/9 1861/2924/9 1871/2917/9
f 1864/2896/26 1858/2895/26 1857/2882/26 1863/2925/26
f 1868/2899/23 1870/2902/23 1869/2926/23 1867/2881/23
f 1873/2922/24 1883/2906/24 1884/2911/24 1874/2909/24
f 1885/2920/8 1875/2921/8 1876/2908/8 1886/2891/8
f 1877/2903/22 1887/2919/22 1888/2890/22 1878/2893/22
f 1882/2887/25 1860/2886/25 1858/2914/25 1884/2911/25
f 1863/2925/1 1857/2882/1 1867/2881/1 1869/2926/1
f 1861/2927/1 1863/2925/1 1869/2926/1 1871/2928/1
f 1885/2920/5 1887/2919/5 1873/2922/5 1875/2921/5
f 1887/2919/5 1877/2903/5 1883/2906/5 1873/2922/5
f 1899/2929/1 1889/2930/1 1891/2931/1 1897/2932/1
f 1898/2933/4 1892/2934/4 1914/2935/4 1912/2936/4
f 1902/2937/19 1920/2938/19 1918/2939/19 1904/2940/19
f 1910/2941/21 1900/2942/21 1898/2933/21 1912/2936/21
f 1890/2943/3 1896/2944/3 1906/2945/3 1916/2946/3
f 1900/2947/10 1910/2948/10 1920/2949/10 1902/2950/10
f 1909/2951/5 1911/2952/5 1913/2953/5 1915/2954/5
f 1894/2955/2 1904/2940/2 1918/2939/2 1908/2956/2
f 1906/2957/20 1896/2958/20 1894/2955/20 1908/2956/20
f 1915/2954/32 1913/2953/32 1914/2935/32 1916/2959/32
f 1891/2960/31 1889/2961/31 1890/2962/31 1892/2934/31
f 1911/2952/33 1909/2951/33 1910/2941/33 1912/2936/33
f 1899/2963/34 1897/2964/34 1898/2933/34 1900/2942/34
f 1903/2965/28 1901/2966/28 1902/2937/28 1904/2940/28
f 1919/2967/27 1917/2968/27 1918/2939/27 1920/2938/27
f 1907/2969/29 1905/2970/29 1906/2957/29 1908/2956/29
f 1895/2971/30 1893/2972/30 1894/2955/30 1896/2958/30
f 1897/2964/6 1891/2960/6 1892/2934/6 1898/2933/6
f 1913/2953/7 1911/2952/7 1912/2936/7 1914/2935/7
f 1904/2940/9 1894/2955/9 1893/2972/9 1903/2965/9
f 1896/2944/26 1890/2943/26 1889/2930/26 1895/2973/26
f 1900/2947/23 1902/2950/23 1901/2974/23 1899/2929/23
f 1905/2970/24 1915/2954/24 1916/2959/24 1906/2957/24
f 1917/2968/8 1907/2969/8 1908/2956/8 1918/2939/8
f 1909/2951/22 1919/2967/22 1920/2938/22 1910/2941/22
f 1914/2935/25 1892/2934/25 1890/2962/25 1916/2959/25
f 1895/2973/1 1889/2930/1 1899/2929/1 1901/2974/1
f 1893/2975/1 1895/2973/1 1901/2974/1 1903/2976/1
f 1917/2968/5 1919/2967/5 1905/2970/5 1907/2969/5
f 1919/2967/5 1909/2951/5 1915/2954/5 1905/2970/5
f 1931/2977/3 1921/2978/3 1923/2979/3 1929/2980/3
f 1930/2981/4 1924/2982/4 1946/2983/4 1944/2984/4
f 1934/2985/9 1952/2986/9 1950/2987/9 1936/2988/9
f 1942/2989/6 1932/2990/6 1930/2981/6 1944/2984/6
f 1922/2991/5 1928/2992/5 1938/2993/5 1948/2994/5
f 1932/2995/1 1942/2996/1 1952/2997/1 1934/2998/1
f 1941/2999/10 1943/3000/10 1945/3001/10 1947/3002/10
f 1926/3003/2 1936/2988/2 1950/2987/2 1940/3004/2
f 1938/3005/8 1928/3006/8 1926/3003/8 1940/3004/8
f 1947/3002/18 1945/3001/18 1946/2983/18 1948/3007/18
f 1923/3008/17 1921/3009/17 1922/3010/17 1924/2982/17
f 1943/3000/15 1941/2999/15 1942/2989/15 1944/2984/15
f 1931/3011/16 1929/3012/16 1930/2981/16 1932/2990/16
f 1935/3013/13 1933/3014/13 1934/2985/13 1936/2988/13
f 1951/3015/14 1949/3016/14 1950/2987/14 1952/2986/14
f 1939/3017/12 1937/3018/12 1938/3005/12 1940/3004/12
f 1927/3019/11 1925/3020/11 1926/3003/11 1928/3006/11
f 1929/3012/25 1923/3008/25 1924/2982/25 1930/2981/25
f 1945/3001/21 1943/3000/21 1944/2984/21 1946/2983/21
f 1936/2988/20 1926/3003/20 1925/3020/20 1935/3013/20
f 1928/2992/24 1922/2991/24 1921/2978/24 1927/3021/24
f 1932/2995/26 1934/2998/26 1933/3022/26 1931/2977/26
f 1937/3018/22 1947/3002/22 1948/3007/22 1938/3005/22
f 1949/3016/19 1939/3017/19 1940/3004/19 1950/2987/19
f 1941/2999/23 1951/3015/23 1952/2986/23 1942/2989/23
f 1946/2983/7 1924/2982/7 1922/3010/7 1948/3007/7
f 1927/3021/3 1921/2978/3 1931/2977/3 1933/3022/3
f 1925/3023/3 1927/3021/3 1933/3022/3 1935/3024/3
f 1949/3016/10 1951/3015/10 1937/3018/10 1939/3017/10
f 1951/3015/10 1941/2999/10 1947/3002/10 1937/3018/10
f 1963/3025/3 1953/3026/3 1955/3027/3 1961/3028/3
f 1962/3029/4 1956/3030/4 1978/3031/4 1976/3032/4
f 1966/3033/9 1984/3034/9 1982/3035/9 1968/3036/9
f 1974/3037/6 1964/3038/6 1962/3029/6 1976/3032/6
f 1954/3039/5 1960/3040/5 1970/3041/5 1980/3042/5
f 1964/3043/1 1974/3044/1 1984/3045/1 1966/3046/1
f 1973/3047/10 1975/3048/10 1977/3049/10 1979/3050/10
f 1958/3051/2 1968/3036/2 1982/3035/2 1972/3052/2
f 1970/3053/8 1960/3054/8 1958/3051/8 1972/3052/8
f 1979/3050/18 1977/3049/18 1978/3031/18 1980/3055/18
f 1955/3056/17 1953/3057/17 1954/3058/17 1956/3030/17
f 1975/3048/15 1973/3047/15 1974/3037/15 1976/3032/15
f 1963/3059/16 1961/3060/16 1962/3029/16 1964/3038/16
f 1967/3061/13 1965/3062/13 1966/3033/13 1968/3036/13
f 1983/3063/14 1981/3064/14 1982/3035/14 1984/3034/14
f 1971/3065/12 1969/3066/12 1970/3053/12 1972/3052/12
f 1959/3067/11 1957/3068/11 1958/3051/11 1960/3054/11
f 1961/3060/25 1955/3056/25 1956/3030/25 1962/3029/25
f 1977/3049/21 1975/3048/21 1976/3032/21 1978/3031/21
f 1968/3036/20 1958/3051/20 1957/3068/20 1967/3061/20
f 1960/3040/24 1954/3039/24 1953/3026/24 1959/3069/24
f 1964/3043/26 1966/3046/26 1965/3070/26 1963/3025/26
f 1969/3066/22 1979/3050/22 1980/3055/22 1970/3053/22
f 1981/3064/19 1971/3065/19 1972/3052/19 1982/3035/19
f 1973/3047/23 1983/3063/23 1984/3034/23 1974/3037/23
f 1978/3031/7 1956/3030/7 1954/3058/7 1980/3055/7
f 1959/3069/3 1953/3026/3 1963/3025/3 1965/3070/3
f 1957/3071/3 1959/3069/3 1965/3070/3 1967/3072/3
f 1981/3064/10 1983/3063/10 1969/3066/10 1971/3065/10
f 1983/3063/10 1973/3047/10 1979/3050/10 1969/3066/10
f 1995/3073/5 1985/3074/5 1987/3075/5 1993/3076/5
f 1994/3077/2 1988/3078/2 2010/3079/2 2008/3080/2
f 1998/3081/21 2016/3082/21 2014/3083/21 2000/3084/21
f 2006/3085/19 1996/3086/19 1994/3077/19 2008/3080/19
f 1986/3087/3 1992/3088/3 2002/3089/3 2012/3090/3
f 1996/3091/10 2006/3092/10 2016/3093/10 1998/3094/10
f 2005/3095/1 2007/3096/1 2009/3097/1 2011/3098/1
f 1990/3099/4 2000/3084/4 2014/3083/4 2004/3100/4
f 2002/3101/25 1992/3102/25 1990/3099/25 2004/3100/25
f 2011/3098/30 2009/3097/30 2010/3079/30 2012/3103/30
f 1987/3104/29 1985/3105/29 1986/3106/29 1988/3078/29
f 2007/3096/28 2005/3095/28 2006/3085/28 2008/3080/28
f 1995/3107/27 1993/3108/27 1994/3077/27 1996/3086/27
f 1999/3109/33 1997/3110/33 1998/3081/33 2000/3084/33
f 2015/3111/34 2013/3112/34 2014/3083/34 2016/3082/34
f 2003/3113/31 2001/3114/31 2002/3101/31 2004/3100/31
f 1991/3115/32 1989/3116/32 1990/3099/32 1992/3102/32
f 1993/3108/8 1987/3104/8 1988/3078/8 1994/3077/8
f 2009/3097/9 2007/3096/9 2008/3080/9 2010/3079/9
f 2000/3084/7 1990/3099/7 1989/3116/7 1999/3109/7
f 1992/3088/24 1986/3087/24 1985/3074/24 1991/3117/24
f 1996/3091/22 1998/3094/22 1997/3118/22 1995/3073/22
f 2001/3114/26 2011/3098/26 2012/3103/26 2002/3101/26
f 2013/3112/6 2003/3113/6 2004/3100/6 2014/3083/6
f 2005/3095/23 2015/3111/23 2016/3082/23 2006/3085/23
f 2010/3079/20 1988/3078/20 1986/3106/20 2012/3103/20
f 1991/3117/5 1985/3074/5 1995/3073/5 1997/3118/5
f 1989/3119/5 1991/3117/5 1997/3118/5 1999/3120/5
f 2013/3112/1 2015/3111/1 2001/3114/1 2003/3113/1
f 2015/3111/1 2005/3095/1 2011/3098/1 2001/3114/1
f 2027/3121/5 2017/3122/5 2019/3123/5 2025/3124/5
f 2026/3125/2 2020/3126/2 2042/3127/2 2040/3128/2
f 2030/3129/21 2048/3130/21 2046/3131/21 2032/3132/21
f 2038/3133/19 2028/3134/19 2026/3125/19 2040/3128/19
f 2018/3135/3 2024/3136/3 2034/3137/3 2044/3138/3
f 2028/3139/10 2038/3140/10 2048/3141/10 2030/3142/10
f 2037/3143/1 2039/3144/1 2041/3145/1 2043/3146/1
f 2022/3147/4 2032/3132/4 2046/3131/4 2036/3148/4
f 2034/3149/25 2024/3150/25 2022/3147/25 2036/3148/25
f 2043/3146/30 2041/3145/30 2042/3127/30 2044/3151/30
f 2019/3152/29 2017/3153/29 2018/3154/29 2020/3126/29
f 2039/3144/28 2037/3143/28 2038/3133/28 2040/3128/28
f 2027/3155/27 2025/3156/27 2026/3125/27 2028/3134/27
f 2031/3157/33 2029/3158/33 2030/3129/33 2032/3132/33
f 2047/3159/34 2045/3160/34 2046/3131/34 2048/3130/34
f 2035/3161/31 2033/3162/31 2034/3149/31 2036/3148/31
f 2023/3163/32 2021/3164/32 2022/3147/32 2024/3150/32
f 2025/3156/8 2019/3152/8 2020/3126/8 2026/3125/8
f 2041/3145/9 2039/3144/9 2040/3128/9 2042/3127/9
f 2032/3132/7 2022/3147/7 2021/3164/7 2031/3157/7
f 2024/3136/24 2018/3135/24 2017/3122/24 2023/3165/24
f 2028/3139/22 2030/3142/22 2029/3166/22 2027/3121/22
f 2033/3162/26 2043/3146/26 2044/3151/26 2034/3149/26
f 2045/3160/6 2035/3161/6 2036/3148/6 2046/3131/6
f 2037/3143/23 2047/3159/23 2048/3130/23 2038/3133/23
f 2042/3127/20 2020/3126/20 2018/3154/20 2044/3151/20
f 2023/3165/5 2017/3122/5 2027/3121/5 2029/3166/5
f 2021/3167/5 2023/3165/5 2029/3166/5 2031/3168/5
f 2045/3160/1 2047/3159/1 2033/3162/1 2035/3161/1
f 2047/3159/1 2037/3143/1 2043/3146/1 2033/3162/1
f 2059/3169/2 2049/3170/2 2051/3171/2 2057/3172/2
f 2058/3173/1 2052/3174/1 2074/3175/1 2072/3176/1
f 2062/3177/22 2080/3178/22 2078/3179/22 2064/3180/22
f 2070/3181/23 2060/3182/23 2058/3173/23 2072/3176/23
f 2050/3183/3 2056/3184/3 2066/3185/3 2076/3186/3
f 2060/3187/10 2070/3188/10 2080/3189/10 2062/3190/10
f 2069/3191/4 2071/3192/4 2073/3193/4 2075/3194/4
f 2054/3195/5 2064/3180/5 2078/3179/5 2068/3196/5
f 2066/3197/24 2056/3198/24 2054/3195/24 2068/3196/24
f 2075/3194/47 2073/3193/47 2074/3175/47 2076/3199/47
f 2051/3200/48 2049/3201/48 2050/3202/48 2052/3174/48
f 2071/3192/49 2069/3191/49 2070/3181/49 2072/3176/49
f 2059/3203/50 2057/3204/50 2058/3173/50 2060/3182/50
f 2063/3205/51 2061/3206/51 2062/3177/51 2064/3180/51
f 2079/3207/52 2077/3208/52 2078/3179/52 2080/3178/52
f 2067/3209/53 2065/3210/53 2066/3197/53 2068/3196/53
f 2055/3211/54 2053/3212/54 2054/3195/54 2056/3198/54
f 2057/3204/9 2051/3200/9 2052/3174/9 2058/3173/9
f 2073/3193/6 2071/3192/6 2072/3176/6 2074/3175/6
f 2064/3180/8 2054/3195/8 2053/3212/8 2063/3205/8
f 2056/3184/20 2050/3183/20 2049/3170/20 2055/3213/20
f 2060/3187/19 2062/3190/19 2061/3214/19 2059/3169/19
f 2065/3210/25 2075/3194/25 2076/3199/25 2066/3197/25
f 2077/3208/7 2067/3209/7 2068/3196/7 2078/3179/7
f 2069/3191/21 2079/3207/21 2080/3178/21 2070/3181/21
f 2074/3175/26 2052/3174/26 2050/3202/26 2076/3199/26
f 2055/3213/2 2049/3170/2 2059/3169/2 2061/3214/2
f 2053/3215/2 2055/3213/2 2061/3214/2 2063/3216/2
f 2077/3208/4 2079/3207/4 2065/3210/4 2067/3209/4
f 2079/3207/4 2069/3191/4 2075/3194/4 2065/3210/4
f 2091/3217/2 2081/3218/2 2083/3219/2 2089/3220/2
f 2090/3221/1 2084/3222/1 2106/3223/1 2104/3224/1
f 2094/3225/22 2112/3226/22 2110/3227/22 2096/3228/22
f 2102/3229/23 2092/3230/23 2090/3221/23 2104/3224/23
f 2082/3231/3 2088/3232/3 2098/3233/3 2108/3234/3
f 2092/3235/10 2102/3236/10 2112/3237/10 2094/3238/10
f 2101/3239/4 2103/3240/4 2105/3241/4 2107/3242/4
f 2086/3243/5 2096/3228/5 2110/3227/5 2100/3244/5
f 2098/3245/24 2088/3246/24 2086/3243/24 2100/3244/24
f 2107/3242/47 2105/3241/47 2106/3223/47 2108/3247/47
f 2083/3248/48 2081/3249/48 2082/3250/48 2084/3222/48
f 2103/3240/49 2101/3239/49 2102/3229/49 2104/3224/49
f 2091/3251/50 2089/3252/50 2090/3221/50 2092/3230/50
f 2095/3253/51 2093/3254/51 2094/3225/51 2096/3228/51
f 2111/3255/52 2109/3256/52 2110/3227/52 2112/3226/52
f 2099/3257/53 2097/3258/53 2098/3245/53 2100/3244/53
f 2087/3259/54 2085/3260/54 2086/3243/54 2088/3246/54
f 2089/3252/9 2083/3248/9 2084/3222/9 2090/3221/9
f 2105/3241/6 2103/3240/6 2104/3224/6 2106/3223/6
f 2096/3228/8 2086/3243/8 2085/3260/8 2095/3253/8
f 2088/3232/20 2082/3231/20 2081/3218/20 2087/3261/20
f 2092/3235/19 2094/3238/19 2093/3262/19 2091/3217/19
f 2097/3258/25 2107/3242/25 2108/3247/25 2098/3245/25
f 2109/3256/7 2099/3257/7 2100/3244/7 2110/3227/7
f 2101/3239/21 2111/3255/21 2112/3226/21 2102/3229/21
f 2106/3223/26 2084/3222/26 2082/3250/26 2108/3247/26
f 2087/3261/2 2081/3218/2 2091/3217/2 2093/3262/2
f 2085/3263/2 2087/3261/2 2093/3262/2 2095/3264/2
f 2109/3256/4 2111/3255/4 2097/3258/4 2099/3257/4
f 2111/3255/4 2101/3239/4 2107/3242/4 2097/3258/4
f 2123/3265/4 2113/3266/4 2115/3267/4 2121/3268/4
f 2122/3269/1 2116/3270/1 2138/3271/1 2136/3272/1
f 2126/3273/24 2144/3274/24 2142/3275/24 2128/3276/24
f 2134/3277/26 2124/3278/26 2122/3269/26 2136/3272/26
f 2114/3279/10 2120/3280/10 2130/3281/10 2140/3282/10
f 2124/3283/3 2134/3284/3 2144/3285/3 2126/3286/3
f 2133/3287/2 2135/3288/2 2137/3289/2 2139/3290/2
f 2118/3291/5 2128/3276/5 2142/3275/5 2132/3292/5
f 2130/3293/22 2120/3294/22 2118/3291/22 2132/3292/22
f 2139/3290/50 2137/3289/50 2138/3271/50 2140/3295/50
f 2115/3296/49 2113/3297/49 2114/3298/49 2116/3270/49
f 2135/3288/48 2133/3287/48 2134/3277/48 2136/3272/48
f 2123/3299/47 2121/3300/47 2122/3269/47 2124/3278/47
f 2127/3301/53 2125/3302/53 2126/3273/53 2128/3276/53
f 2143/3303/54 2141/3304/54 2142/3275/54 2144/3274/54
f 2131/3305/51 2129/3306/51 2130/3293/51 2132/3292/51
f 2119/3307/52 2117/3308/52 2118/3291/52 2120/3294/52
f 2121/3300/6 2115/3296/6 2116/3270/6 2122/3269/6
f 2137/3289/9 2135/3288/9 2136/3272/9 2138/3271/9
f 2128/3276/7 2118/3291/7 2117/3308/7 2127/3301/7
f 2120/3280/21 2114/3279/21 2113/3266/21 2119/3309/21
f 2124/3283/25 2126/3286/25 2125/3310/25 2123/3265/25
f 2129/3306/19 2139/3290/19 2140/3295/19 2130/3293/19
f 2141/3304/8 2131/3305/8 2132/3292/8 2142/3275/8
f 2133/3287/20 2143/3303/20 2144/3274/20 2134/3277/20
f 2138/3271/23 2116/3270/23 2114/3298/23 2140/3295/23
f 2119/3309/4 2113/3266/4 2123/3265/4 2125/3310/4
f 2117/3311/4 2119/3309/4 2125/3310/4 2127/3312/4
f 2141/3304/2 2143/3303/2 2129/3306/2 2131/3305/2
f 2143/3303/2 2133/3287/2 2139/3290/2 2129/3306/2
f 2155/3313/4 2145/3314/4 2147/3315/4 2153/3316/4
f 2154/3317/1 2148/3318/1 2170/3319/1 2168/3320/1
f 2158/3321/24 2176/3322/24 2174/3323/24 2160/3324/24
f 2166/3325/26 2156/3326/26 2154/3317/26 2168/3320/26
f 2146/3327/10 2152/3328/10 2162/3329/10 2172/3330/10
f 2156/3331/3 2166/3332/3 2176/3333/3 2158/3334/3
f 2165/3335/2 2167/3336/2 2169/3337/2 2171/3338/2
f 2150/3339/5 2160/3324/5 2174/3323/5 2164/3340/5
f 2162/3341/22 2152/3342/22 2150/3339/22 2164/3340/22
f 2171/3338/50 2169/3337/50 2170/3319/50 2172/3343/50
f 2147/3344/49 2145/3345/49 2146/3346/49 2148/3318/49
f 2167/3336/48 2165/3335/48 2166/3325/48 2168/3320/48
f 2155/3347/47 2153/3348/47 2154/3317/47 2156/3326/47
f 2159/3349/53 2157/3350/53 2158/3321/53 2160/3324/53
f 2175/3351/54 2173/3352/54 2174/3323/54 2176/3322/54
f 2163/3353/51 2161/3354/51 2162/3341/51 2164/3340/51
f 2151/3355/52 2149/3356/52 2150/3339/52 2152/3342/52
f 2153/3348/6 2147/3344/6 2148/3318/6 2154/3317/6
f 2169/3337/9 2167/3336/9 2168/3320/9 2170/3319/9
f 2160/3324/7 2150/3339/7 2149/3356/7 2159/3349/7
f 2152/3328/21 2146/3327/21 2145/3314/21 2151/3357/21
f 2156/3331/25 2158/3334/25 2157/3358/25 2155/3313/25
f 2161/3354/19 2171/3338/19 2172/3343/19 2162/3341/19
f 2173/3352/8 2163/3353/8 2164/3340/8 2174/3323/8
f 2165/3335/20 2175/3351/20 2176/3322/20 2166/3325/20
f 2170/3319/23 2148/3318/23 2146/3346/23 2172/3343/23
f 2151/3357/4 2145/3314/4 2155/3313/4 2157/3358/4
f 2149/3359/4 2151/3357/4 2157/3358/4 2159/3360/4
f 2173/3352/2 2175/3351/2 2161/3354/2 2163/3353/2
f 2175/3351/2 2165/3335/2 2171/3338/2 2161/3354/2
