# Blender 4.1.0
# www.blender.org
mtllib WoodenCrate1.mtl
o WoodenCrate1
v -0.500000 1.105000 -0.587500
v -0.500000 1.100000 -0.582500
v 0.500000 1.100000 -0.582500
v 0.500000 1.105000 -0.587500
v -0.500000 1.100000 -0.505000
v -0.500000 1.105000 -0.500000
v 0.500000 1.105000 -0.500000
v 0.500000 1.100000 -0.505000
v -0.500000 1.187500 -0.582500
v -0.500000 1.182500 -0.587500
v 0.500000 1.182500 -0.587500
v 0.500000 1.187500 -0.582500
v -0.500000 1.182500 -0.500000
v -0.500000 1.187500 -0.505000
v 0.500000 1.187500 -0.505000
v 0.500000 1.182500 -0.500000
v -0.525000 1.093965 0.497500
v -0.522500 1.095000 0.500000
v -0.525000 1.097500 0.493964
v -0.522500 1.100000 0.495000
v -0.525000 0.102500 0.493964
v -0.522500 0.100000 0.495000
v -0.525000 0.106036 0.497500
v -0.522500 0.105000 0.500000
v -0.525000 1.097500 0.306035
v -0.522500 1.100000 0.305000
v -0.525000 1.093965 0.302500
v -0.522500 1.095000 0.300000
v -0.525000 0.106036 0.302500
v -0.522500 0.105000 0.300000
v -0.525000 0.102500 0.306035
v -0.522500 0.100000 0.305000
v -0.500000 0.106036 0.497500
v -0.502500 0.105000 0.500000
v -0.500000 0.102500 0.493964
v -0.502500 0.100000 0.495000
v -0.500000 1.093965 0.302500
v -0.502500 1.095000 0.300000
v -0.500000 1.097500 0.306035
v -0.502500 1.100000 0.305000
v -0.500000 1.097500 0.493964
v -0.502500 1.100000 0.495000
v -0.500000 1.093965 0.497500
v -0.502500 1.095000 0.500000
v -0.500000 0.102500 0.306035
v -0.502500 0.100000 0.305000
v -0.500000 0.106036 0.302500
v -0.502500 0.105000 0.300000
v -0.525000 1.093965 -0.302500
v -0.522500 1.095000 -0.300000
v -0.525000 1.097500 -0.306036
v -0.522500 1.100000 -0.305000
v -0.525000 0.102500 -0.306036
v -0.522500 0.100000 -0.305000
v -0.525000 0.106036 -0.302500
v -0.522500 0.105000 -0.300000
v -0.525000 1.097500 -0.493965
v -0.522500 1.100000 -0.495000
v -0.525000 1.093965 -0.497500
v -0.522500 1.095000 -0.500000
v -0.525000 0.106036 -0.497500
v -0.522500 0.105000 -0.500000
v -0.525000 0.102500 -0.493965
v -0.522500 0.100000 -0.495000
v -0.500000 0.106036 -0.302500
v -0.502500 0.105000 -0.300000
v -0.500000 0.102500 -0.306036
v -0.502500 0.100000 -0.305000
v -0.500000 1.093965 -0.497500
v -0.502500 1.095000 -0.500000
v -0.500000 1.097500 -0.493965
v -0.502500 1.100000 -0.495000
v -0.500000 1.097500 -0.306036
v -0.502500 1.100000 -0.305000
v -0.500000 1.093965 -0.302500
v -0.502500 1.095000 -0.300000
v -0.500000 0.102500 -0.493965
v -0.502500 0.100000 -0.495000
v -0.500000 0.106036 -0.497500
v -0.502500 0.105000 -0.500000
v -0.525000 1.093965 0.297500
v -0.522500 1.095000 0.300000
v -0.525000 1.097500 0.293964
v -0.522500 1.100000 0.295000
v -0.525000 0.102500 0.293964
v -0.522500 0.100000 0.295000
v -0.525000 0.106036 0.297500
v -0.522500 0.105000 0.300000
v -0.525000 1.097500 0.106035
v -0.522500 1.100000 0.105000
v -0.525000 1.093965 0.102500
v -0.522500 1.095000 0.100000
v -0.525000 0.106036 0.102500
v -0.522500 0.105000 0.100000
v -0.525000 0.102500 0.106035
v -0.522500 0.100000 0.105000
v -0.500000 0.106036 0.297500
v -0.502500 0.105000 0.300000
v -0.500000 0.102500 0.293964
v -0.502500 0.100000 0.295000
v -0.500000 1.093965 0.102500
v -0.502500 1.095000 0.100000
v -0.500000 1.097500 0.106035
v -0.502500 1.100000 0.105000
v -0.500000 1.097500 0.293964
v -0.502500 1.100000 0.295000
v -0.500000 1.093965 0.297500
v -0.502500 1.095000 0.300000
v -0.500000 0.102500 0.106035
v -0.502500 0.100000 0.105000
v -0.500000 0.106036 0.102500
v -0.502500 0.105000 0.100000
v -0.525000 1.093965 -0.102500
v -0.522500 1.095000 -0.100000
v -0.525000 1.097500 -0.106036
v -0.522500 1.100000 -0.105000
v -0.525000 0.102500 -0.106036
v -0.522500 0.100000 -0.105000
v -0.525000 0.106036 -0.102500
v -0.522500 0.105000 -0.100000
v -0.525000 1.097500 -0.293965
v -0.522500 1.100000 -0.295000
v -0.525000 1.093965 -0.297500
v -0.522500 1.095000 -0.300000
v -0.525000 0.106036 -0.297500
v -0.522500 0.105000 -0.300000
v -0.525000 0.102500 -0.293965
v -0.522500 0.100000 -0.295000
v -0.500000 0.106036 -0.102500
v -0.502500 0.105000 -0.100000
v -0.500000 0.102500 -0.106036
v -0.502500 0.100000 -0.105000
v -0.500000 1.093965 -0.297500
v -0.502500 1.095000 -0.300000
v -0.500000 1.097500 -0.293965
v -0.502500 1.100000 -0.295000
v -0.500000 1.097500 -0.106036
v -0.502500 1.100000 -0.105000
v -0.500000 1.093965 -0.102500
v -0.502500 1.095000 -0.100000
v -0.500000 0.102500 -0.293965
v -0.502500 0.100000 -0.295000
v -0.500000 0.106036 -0.297500
v -0.502500 0.105000 -0.300000
v -0.525000 1.093965 0.097500
v -0.522500 1.095000 0.100000
v -0.525000 1.097500 0.093964
v -0.522500 1.100000 0.095000
v -0.525000 0.102500 0.093964
v -0.522500 0.100000 0.095000
v -0.525000 0.106036 0.097500
v -0.522500 0.105000 0.100000
v -0.525000 1.097500 -0.093965
v -0.522500 1.100000 -0.095000
v -0.525000 1.093965 -0.097500
v -0.522500 1.095000 -0.100000
v -0.525000 0.106036 -0.097500
v -0.522500 0.105000 -0.100000
v -0.525000 0.102500 -0.093965
v -0.522500 0.100000 -0.095000
v -0.500000 0.106036 0.097500
v -0.502500 0.105000 0.100000
v -0.500000 0.102500 0.093964
v -0.502500 0.100000 0.095000
v -0.500000 1.093965 -0.097500
v -0.502500 1.095000 -0.100000
v -0.500000 1.097500 -0.093965
v -0.502500 1.100000 -0.095000
v -0.500000 1.097500 0.093964
v -0.502500 1.100000 0.095000
v -0.500000 1.093965 0.097500
v -0.502500 1.095000 0.100000
v -0.500000 0.102500 -0.093965
v -0.502500 0.100000 -0.095000
v -0.500000 0.106036 -0.097500
v -0.502500 0.105000 -0.100000
v -0.575000 1.097500 -0.493965
v -0.572500 1.100000 -0.495000
v -0.575000 1.093964 -0.497500
v -0.572500 1.095000 -0.500000
v -0.575000 1.093964 0.497500
v -0.572500 1.095000 0.500000
v -0.575000 1.097500 0.493964
v -0.572500 1.100000 0.495000
v -0.575000 0.906035 -0.497500
v -0.572500 0.905000 -0.500000
v -0.575000 0.902500 -0.493965
v -0.572500 0.900000 -0.495000
v -0.575000 0.902500 0.493964
v -0.572500 0.900000 0.495000
v -0.575000 0.906035 0.497500
v -0.572500 0.905000 0.500000
v -0.550000 1.097500 0.493964
v -0.552500 1.100000 0.495000
v -0.550000 1.093964 0.497500
v -0.552500 1.095000 0.500000
v -0.550000 0.902500 -0.493965
v -0.552500 0.900000 -0.495000
v -0.550000 0.906035 -0.497500
v -0.552500 0.905000 -0.500000
v -0.550000 1.093964 -0.497500
v -0.552500 1.095000 -0.500000
v -0.550000 1.097500 -0.493965
v -0.552500 1.100000 -0.495000
v -0.550000 0.906035 0.497500
v -0.552500 0.905000 0.500000
v -0.550000 0.902500 0.493964
v -0.552500 0.900000 0.495000
v -0.575000 0.297500 -0.493965
v -0.572500 0.300000 -0.495000
v -0.575000 0.293964 -0.497500
v -0.572500 0.295000 -0.500000
v -0.575000 0.293964 0.497500
v -0.572500 0.295000 0.500000
v -0.575000 0.297500 0.493964
v -0.572500 0.300000 0.495000
v -0.575000 0.106035 -0.497500
v -0.572500 0.105000 -0.500000
v -0.575000 0.102500 -0.493965
v -0.572500 0.100000 -0.495000
v -0.575000 0.102500 0.493964
v -0.572500 0.100000 0.495000
v -0.575000 0.106035 0.497500
v -0.572500 0.105000 0.500000
v -0.550000 0.297500 0.493964
v -0.552500 0.300000 0.495000
v -0.550000 0.293964 0.497500
v -0.552500 0.295000 0.500000
v -0.550000 0.102500 -0.493965
v -0.552500 0.100000 -0.495000
v -0.550000 0.106035 -0.497500
v -0.552500 0.105000 -0.500000
v -0.550000 0.293964 -0.497500
v -0.552500 0.295000 -0.500000
v -0.550000 0.297500 -0.493965
v -0.552500 0.300000 -0.495000
v -0.550000 0.106035 0.497500
v -0.552500 0.105000 0.500000
v -0.550000 0.102500 0.493964
v -0.552500 0.100000 0.495000
v -0.497500 1.093965 -0.525000
v -0.500000 1.095000 -0.522500
v -0.493964 1.097500 -0.525000
v -0.495000 1.100000 -0.522500
v -0.493964 0.102500 -0.525000
v -0.495000 0.100000 -0.522500
v -0.497500 0.106036 -0.525000
v -0.500000 0.105000 -0.522500
v -0.306035 1.097500 -0.525000
v -0.305000 1.100000 -0.522500
v -0.302500 1.093965 -0.525000
v -0.300000 1.095000 -0.522500
v -0.302500 0.106036 -0.525000
v -0.300000 0.105000 -0.522500
v -0.306035 0.102500 -0.525000
v -0.305000 0.100000 -0.522500
v -0.497500 0.106036 -0.500000
v -0.500000 0.105000 -0.502500
v -0.493964 0.102500 -0.500000
v -0.495000 0.100000 -0.502500
v -0.302500 1.093965 -0.500000
v -0.300000 1.095000 -0.502500
v -0.306035 1.097500 -0.500000
v -0.305000 1.100000 -0.502500
v -0.493964 1.097500 -0.500000
v -0.495000 1.100000 -0.502500
v -0.497500 1.093965 -0.500000
v -0.500000 1.095000 -0.502500
v -0.306035 0.102500 -0.500000
v -0.305000 0.100000 -0.502500
v -0.302500 0.106036 -0.500000
v -0.300000 0.105000 -0.502500
v 0.302500 1.093965 -0.525000
v 0.300000 1.095000 -0.522500
v 0.306036 1.097500 -0.525000
v 0.305000 1.100000 -0.522500
v 0.306036 0.102500 -0.525000
v 0.305000 0.100000 -0.522500
v 0.302500 0.106036 -0.525000
v 0.300000 0.105000 -0.522500
v 0.493965 1.097500 -0.525000
v 0.495000 1.100000 -0.522500
v 0.497500 1.093965 -0.525000
v 0.500000 1.095000 -0.522500
v 0.497500 0.106036 -0.525000
v 0.500000 0.105000 -0.522500
v 0.493965 0.102500 -0.525000
v 0.495000 0.100000 -0.522500
v 0.302500 0.106036 -0.500000
v 0.300000 0.105000 -0.502500
v 0.306036 0.102500 -0.500000
v 0.305000 0.100000 -0.502500
v 0.497500 1.093965 -0.500000
v 0.500000 1.095000 -0.502500
v 0.493965 1.097500 -0.500000
v 0.495000 1.100000 -0.502500
v 0.306036 1.097500 -0.500000
v 0.305000 1.100000 -0.502500
v 0.302500 1.093965 -0.500000
v 0.300000 1.095000 -0.502500
v 0.493965 0.102500 -0.500000
v 0.495000 0.100000 -0.502500
v 0.497500 0.106036 -0.500000
v 0.500000 0.105000 -0.502500
v -0.297500 1.093965 -0.525000
v -0.300000 1.095000 -0.522500
v -0.293964 1.097500 -0.525000
v -0.295000 1.100000 -0.522500
v -0.293964 0.102500 -0.525000
v -0.295000 0.100000 -0.522500
v -0.297500 0.106036 -0.525000
v -0.300000 0.105000 -0.522500
v -0.106035 1.097500 -0.525000
v -0.105000 1.100000 -0.522500
v -0.102500 1.093965 -0.525000
v -0.100000 1.095000 -0.522500
v -0.102500 0.106036 -0.525000
v -0.100000 0.105000 -0.522500
v -0.106035 0.102500 -0.525000
v -0.105000 0.100000 -0.522500
v -0.297500 0.106036 -0.500000
v -0.300000 0.105000 -0.502500
v -0.293964 0.102500 -0.500000
v -0.295000 0.100000 -0.502500
v -0.102500 1.093965 -0.500000
v -0.100000 1.095000 -0.502500
v -0.106035 1.097500 -0.500000
v -0.105000 1.100000 -0.502500
v -0.293964 1.097500 -0.500000
v -0.295000 1.100000 -0.502500
v -0.297500 1.093965 -0.500000
v -0.300000 1.095000 -0.502500
v -0.106035 0.102500 -0.500000
v -0.105000 0.100000 -0.502500
v -0.102500 0.106036 -0.500000
v -0.100000 0.105000 -0.502500
v 0.102500 1.093965 -0.525000
v 0.100000 1.095000 -0.522500
v 0.106036 1.097500 -0.525000
v 0.105000 1.100000 -0.522500
v 0.106036 0.102500 -0.525000
v 0.105000 0.100000 -0.522500
v 0.102500 0.106036 -0.525000
v 0.100000 0.105000 -0.522500
v 0.293965 1.097500 -0.525000
v 0.295000 1.100000 -0.522500
v 0.297500 1.093965 -0.525000
v 0.300000 1.095000 -0.522500
v 0.297500 0.106036 -0.525000
v 0.300000 0.105000 -0.522500
v 0.293965 0.102500 -0.525000
v 0.295000 0.100000 -0.522500
v 0.102500 0.106036 -0.500000
v 0.100000 0.105000 -0.502500
v 0.106036 0.102500 -0.500000
v 0.105000 0.100000 -0.502500
v 0.297500 1.093965 -0.500000
v 0.300000 1.095000 -0.502500
v 0.293965 1.097500 -0.500000
v 0.295000 1.100000 -0.502500
v 0.106036 1.097500 -0.500000
v 0.105000 1.100000 -0.502500
v 0.102500 1.093965 -0.500000
v 0.100000 1.095000 -0.502500
v 0.293965 0.102500 -0.500000
v 0.295000 0.100000 -0.502500
v 0.297500 0.106036 -0.500000
v 0.300000 0.105000 -0.502500
v -0.097500 1.093965 -0.525000
v -0.100000 1.095000 -0.522500
v -0.093964 1.097500 -0.525000
v -0.095000 1.100000 -0.522500
v -0.093964 0.102500 -0.525000
v -0.095000 0.100000 -0.522500
v -0.097500 0.106036 -0.525000
v -0.100000 0.105000 -0.522500
v 0.093965 1.097500 -0.525000
v 0.095000 1.100000 -0.522500
v 0.097500 1.093965 -0.525000
v 0.100000 1.095000 -0.522500
v 0.097500 0.106036 -0.525000
v 0.100000 0.105000 -0.522500
v 0.093965 0.102500 -0.525000
v 0.095000 0.100000 -0.522500
v -0.097500 0.106036 -0.500000
v -0.100000 0.105000 -0.502500
v -0.093964 0.102500 -0.500000
v -0.095000 0.100000 -0.502500
v 0.097500 1.093965 -0.500000
v 0.100000 1.095000 -0.502500
v 0.093965 1.097500 -0.500000
v 0.095000 1.100000 -0.502500
v -0.093964 1.097500 -0.500000
v -0.095000 1.100000 -0.502500
v -0.097500 1.093965 -0.500000
v -0.100000 1.095000 -0.502500
v 0.093965 0.102500 -0.500000
v 0.095000 0.100000 -0.502500
v 0.097500 0.106036 -0.500000
v 0.100000 0.105000 -0.502500
v 0.493965 1.097500 -0.575000
v 0.495000 1.100000 -0.572500
v 0.497500 1.093964 -0.575000
v 0.500000 1.095000 -0.572500
v -0.497500 1.093964 -0.575000
v -0.500000 1.095000 -0.572500
v -0.493964 1.097500 -0.575000
v -0.495000 1.100000 -0.572500
v 0.497500 0.906035 -0.575000
v 0.500000 0.905000 -0.572500
v 0.493965 0.902500 -0.575000
v 0.495000 0.900000 -0.572500
v -0.493964 0.902500 -0.575000
v -0.495000 0.900000 -0.572500
v -0.497500 0.906035 -0.575000
v -0.500000 0.905000 -0.572500
v -0.493964 1.097500 -0.550000
v -0.495000 1.100000 -0.552500
v -0.497500 1.093964 -0.550000
v -0.500000 1.095000 -0.552500
v 0.493965 0.902500 -0.550000
v 0.495000 0.900000 -0.552500
v 0.497500 0.906035 -0.550000
v 0.500000 0.905000 -0.552500
v 0.497500 1.093964 -0.550000
v 0.500000 1.095000 -0.552500
v 0.493965 1.097500 -0.550000
v 0.495000 1.100000 -0.552500
v -0.497500 0.906035 -0.550000
v -0.500000 0.905000 -0.552500
v -0.493964 0.902500 -0.550000
v -0.495000 0.900000 -0.552500
v 0.493965 0.297500 -0.575000
v 0.495000 0.300000 -0.572500
v 0.497500 0.293964 -0.575000
v 0.500000 0.295000 -0.572500
v -0.497500 0.293964 -0.575000
v -0.500000 0.295000 -0.572500
v -0.493964 0.297500 -0.575000
v -0.495000 0.300000 -0.572500
v 0.497500 0.106035 -0.575000
v 0.500000 0.105000 -0.572500
v 0.493965 0.102500 -0.575000
v 0.495000 0.100000 -0.572500
v -0.493964 0.102500 -0.575000
v -0.495000 0.100000 -0.572500
v -0.497500 0.106035 -0.575000
v -0.500000 0.105000 -0.572500
v -0.493964 0.297500 -0.550000
v -0.495000 0.300000 -0.552500
v -0.497500 0.293964 -0.550000
v -0.500000 0.295000 -0.552500
v 0.493965 0.102500 -0.550000
v 0.495000 0.100000 -0.552500
v 0.497500 0.106035 -0.550000
v 0.500000 0.105000 -0.552500
v 0.497500 0.293964 -0.550000
v 0.500000 0.295000 -0.552500
v 0.493965 0.297500 -0.550000
v 0.495000 0.300000 -0.552500
v -0.497500 0.106035 -0.550000
v -0.500000 0.105000 -0.552500
v -0.493964 0.102500 -0.550000
v -0.495000 0.100000 -0.552500
v -0.359970 1.097856 -0.550000
v -0.358579 1.100000 -0.547500
v 0.497855 0.240030 -0.550000
v 0.500000 0.241421 -0.547500
v -0.359970 1.097856 -0.525000
v -0.358579 1.100000 -0.527500
v -0.497855 0.959970 -0.525000
v -0.500000 0.958579 -0.527500
v 0.487870 0.102130 -0.550000
v 0.490000 0.100000 -0.547500
v 0.358579 0.100000 -0.527500
v 0.359970 0.102145 -0.525000
v 0.497855 0.240030 -0.525000
v 0.500000 0.241421 -0.527500
v 0.359970 0.102145 -0.550000
v 0.358579 0.100000 -0.547500
v -0.497855 0.959970 -0.550000
v -0.500000 0.958579 -0.547500
v 0.500000 0.110000 -0.547500
v 0.497870 0.112130 -0.550000
v -0.497870 1.087870 -0.550000
v -0.500000 1.090000 -0.547500
v -0.490000 1.100000 -0.547500
v -0.487870 1.097870 -0.550000
v -0.487870 1.097870 -0.525000
v -0.490000 1.100000 -0.527500
v -0.500000 1.090000 -0.527500
v -0.497870 1.087870 -0.525000
v 0.487870 0.102130 -0.525000
v 0.490000 0.100000 -0.527500
v 0.500000 0.110000 -0.527500
v 0.497870 0.112130 -0.525000
v 0.525000 1.093965 -0.497500
v 0.522500 1.095000 -0.500000
v 0.525000 1.097500 -0.493964
v 0.522500 1.100000 -0.495000
v 0.525000 0.102500 -0.493965
v 0.522500 0.100000 -0.495000
v 0.525000 0.106036 -0.497500
v 0.522500 0.105000 -0.500000
v 0.525000 1.097500 -0.306036
v 0.522500 1.100000 -0.305000
v 0.525000 1.093965 -0.302500
v 0.522500 1.095000 -0.300000
v 0.525000 0.106036 -0.302500
v 0.522500 0.105000 -0.300000
v 0.525000 0.102500 -0.306036
v 0.522500 0.100000 -0.305000
v 0.500000 0.106036 -0.497500
v 0.502500 0.105000 -0.500000
v 0.500000 0.102500 -0.493964
v 0.502500 0.100000 -0.495000
v 0.500000 1.093965 -0.302500
v 0.502500 1.095000 -0.300000
v 0.500000 1.097500 -0.306035
v 0.502500 1.100000 -0.305000
v 0.500000 1.097500 -0.493964
v 0.502500 1.100000 -0.495000
v 0.500000 1.093965 -0.497500
v 0.502500 1.095000 -0.500000
v 0.500000 0.102500 -0.306036
v 0.502500 0.100000 -0.305000
v 0.500000 0.106036 -0.302500
v 0.502500 0.105000 -0.300000
v 0.525000 1.093965 0.302500
v 0.522500 1.095000 0.300000
v 0.525000 1.097500 0.306036
v 0.522500 1.100000 0.305000
v 0.525000 0.102500 0.306035
v 0.522500 0.100000 0.305000
v 0.525000 0.106036 0.302500
v 0.522500 0.105000 0.300000
v 0.525000 1.097500 0.493964
v 0.522500 1.100000 0.495000
v 0.525000 1.093965 0.497500
v 0.522500 1.095000 0.500000
v 0.525000 0.106036 0.497500
v 0.522500 0.105000 0.500000
v 0.525000 0.102500 0.493964
v 0.522500 0.100000 0.495000
v 0.500000 0.106036 0.302500
v 0.502500 0.105000 0.300000
v 0.500000 0.102500 0.306036
v 0.502500 0.100000 0.305000
v 0.500000 1.093965 0.497500
v 0.502500 1.095000 0.500000
v 0.500000 1.097500 0.493965
v 0.502500 1.100000 0.495000
v 0.500000 1.097500 0.306036
v 0.502500 1.100000 0.305000
v 0.500000 1.093965 0.302500
v 0.502500 1.095000 0.300000
v 0.500000 0.102500 0.493964
v 0.502500 0.100000 0.495000
v 0.500000 0.106036 0.497500
v 0.502500 0.105000 0.500000
v 0.525000 1.093965 -0.297500
v 0.522500 1.095000 -0.300000
v 0.525000 1.097500 -0.293965
v 0.522500 1.100000 -0.295000
v 0.525000 0.102500 -0.293965
v 0.522500 0.100000 -0.295000
v 0.525000 0.106036 -0.297500
v 0.522500 0.105000 -0.300000
v 0.525000 1.097500 -0.106036
v 0.522500 1.100000 -0.105000
v 0.525000 1.093965 -0.102500
v 0.522500 1.095000 -0.100000
v 0.525000 0.106036 -0.102500
v 0.522500 0.105000 -0.100000
v 0.525000 0.102500 -0.106036
v 0.522500 0.100000 -0.105000
v 0.500000 0.106036 -0.297500
v 0.502500 0.105000 -0.300000
v 0.500000 0.102500 -0.293965
v 0.502500 0.100000 -0.295000
v 0.500000 1.093965 -0.102500
v 0.502500 1.095000 -0.100000
v 0.500000 1.097500 -0.106036
v 0.502500 1.100000 -0.105000
v 0.500000 1.097500 -0.293964
v 0.502500 1.100000 -0.295000
v 0.500000 1.093965 -0.297500
v 0.502500 1.095000 -0.300000
v 0.500000 0.102500 -0.106036
v 0.502500 0.100000 -0.105000
v 0.500000 0.106036 -0.102500
v 0.502500 0.105000 -0.100000
v 0.525000 1.093965 0.102500
v 0.522500 1.095000 0.100000
v 0.525000 1.097500 0.106036
v 0.522500 1.100000 0.105000
v 0.525000 0.102500 0.106036
v 0.522500 0.100000 0.105000
v 0.525000 0.106036 0.102500
v 0.522500 0.105000 0.100000
v 0.525000 1.097500 0.293965
v 0.522500 1.100000 0.295000
v 0.525000 1.093965 0.297500
v 0.522500 1.095000 0.300000
v 0.525000 0.106036 0.297500
v 0.522500 0.105000 0.300000
v 0.525000 0.102500 0.293964
v 0.522500 0.100000 0.295000
v 0.500000 0.106036 0.102500
v 0.502500 0.105000 0.100000
v 0.500000 0.102500 0.106036
v 0.502500 0.100000 0.105000
v 0.500000 1.093965 0.297500
v 0.502500 1.095000 0.300000
v 0.500000 1.097500 0.293965
v 0.502500 1.100000 0.295000
v 0.500000 1.097500 0.106036
v 0.502500 1.100000 0.105000
v 0.500000 1.093965 0.102500
v 0.502500 1.095000 0.100000
v 0.500000 0.102500 0.293965
v 0.502500 0.100000 0.295000
v 0.500000 0.106036 0.297500
v 0.502500 0.105000 0.300000
v 0.525000 1.093965 -0.097500
v 0.522500 1.095000 -0.100000
v 0.525000 1.097500 -0.093965
v 0.522500 1.100000 -0.095000
v 0.525000 0.102500 -0.093965
v 0.522500 0.100000 -0.095000
v 0.525000 0.106036 -0.097500
v 0.522500 0.105000 -0.100000
v 0.525000 1.097500 0.093964
v 0.522500 1.100000 0.095000
v 0.525000 1.093965 0.097500
v 0.522500 1.095000 0.100000
v 0.525000 0.106036 0.097500
v 0.522500 0.105000 0.100000
v 0.525000 0.102500 0.093964
v 0.522500 0.100000 0.095000
v 0.500000 0.106036 -0.097500
v 0.502500 0.105000 -0.100000
v 0.500000 0.102500 -0.093965
v 0.502500 0.100000 -0.095000
v 0.500000 1.093965 0.097500
v 0.502500 1.095000 0.100000
v 0.500000 1.097500 0.093964
v 0.502500 1.100000 0.095000
v 0.500000 1.097500 -0.093965
v 0.502500 1.100000 -0.095000
v 0.500000 1.093965 -0.097500
v 0.502500 1.095000 -0.100000
v 0.500000 0.102500 0.093964
v 0.502500 0.100000 0.095000
v 0.500000 0.106036 0.097500
v 0.502500 0.105000 0.100000
v 0.575000 1.097500 0.493964
v 0.572500 1.100000 0.495000
v 0.575000 1.093964 0.497500
v 0.572500 1.095000 0.500000
v 0.575000 1.093964 -0.497500
v 0.572500 1.095000 -0.500000
v 0.575000 1.097500 -0.493965
v 0.572500 1.100000 -0.495000
v 0.575000 0.906035 0.497500
v 0.572500 0.905000 0.500000
v 0.575000 0.902500 0.493964
v 0.572500 0.900000 0.495000
v 0.575000 0.902500 -0.493965
v 0.572500 0.900000 -0.495000
v 0.575000 0.906035 -0.497500
v 0.572500 0.905000 -0.500000
v 0.550000 1.097500 -0.493965
v 0.552500 1.100000 -0.495000
v 0.550000 1.093964 -0.497500
v 0.552500 1.095000 -0.500000
v 0.550000 0.902500 0.493964
v 0.552500 0.900000 0.495000
v 0.550000 0.906035 0.497500
v 0.552500 0.905000 0.500000
v 0.550000 1.093964 0.497500
v 0.552500 1.095000 0.500000
v 0.550000 1.097500 0.493964
v 0.552500 1.100000 0.495000
v 0.550000 0.906035 -0.497500
v 0.552500 0.905000 -0.500000
v 0.550000 0.902500 -0.493965
v 0.552500 0.900000 -0.495000
v 0.575000 0.297500 0.493964
v 0.572500 0.300000 0.495000
v 0.575000 0.293964 0.497500
v 0.572500 0.295000 0.500000
v 0.575000 0.293964 -0.497500
v 0.572500 0.295000 -0.500000
v 0.575000 0.297500 -0.493965
v 0.572500 0.300000 -0.495000
v 0.575000 0.106035 0.497500
v 0.572500 0.105000 0.500000
v 0.575000 0.102500 0.493964
v 0.572500 0.100000 0.495000
v 0.575000 0.102500 -0.493965
v 0.572500 0.100000 -0.495000
v 0.575000 0.106035 -0.497500
v 0.572500 0.105000 -0.500000
v 0.550000 0.297500 -0.493965
v 0.552500 0.300000 -0.495000
v 0.550000 0.293964 -0.497500
v 0.552500 0.295000 -0.500000
v 0.550000 0.102500 0.493964
v 0.552500 0.100000 0.495000
v 0.550000 0.106035 0.497500
v 0.552500 0.105000 0.500000
v 0.550000 0.293964 0.497500
v 0.552500 0.295000 0.500000
v 0.550000 0.297500 0.493964
v 0.552500 0.300000 0.495000
v 0.550000 0.106035 -0.497500
v 0.552500 0.105000 -0.500000
v 0.550000 0.102500 -0.493965
v 0.552500 0.100000 -0.495000
v 0.497500 1.093965 0.525000
v 0.500000 1.095000 0.522500
v 0.493965 1.097500 0.525000
v 0.495000 1.100000 0.522500
v 0.493965 0.102500 0.525000
v 0.495000 0.100000 0.522500
v 0.497500 0.106036 0.525000
v 0.500000 0.105000 0.522500
v 0.306036 1.097500 0.525000
v 0.305000 1.100000 0.522500
v 0.302500 1.093965 0.525000
v 0.300000 1.095000 0.522500
v 0.302500 0.106036 0.525000
v 0.300000 0.105000 0.522500
v 0.306036 0.102500 0.525000
v 0.305000 0.100000 0.522500
v 0.497500 0.106036 0.500000
v 0.500000 0.105000 0.502500
v 0.493965 0.102500 0.500000
v 0.495000 0.100000 0.502500
v 0.302500 1.093965 0.500000
v 0.300000 1.095000 0.502500
v 0.306036 1.097500 0.500000
v 0.305000 1.100000 0.502500
v 0.493965 1.097500 0.500000
v 0.495000 1.100000 0.502500
v 0.497500 1.093965 0.500000
v 0.500000 1.095000 0.502500
v 0.306036 0.102500 0.500000
v 0.305000 0.100000 0.502500
v 0.302500 0.106036 0.500000
v 0.300000 0.105000 0.502500
v -0.302500 1.093965 0.525000
v -0.300000 1.095000 0.522500
v -0.306035 1.097500 0.525000
v -0.305000 1.100000 0.522500
v -0.306035 0.102500 0.525000
v -0.305000 0.100000 0.522500
v -0.302500 0.106036 0.525000
v -0.300000 0.105000 0.522500
v -0.493964 1.097500 0.525000
v -0.495000 1.100000 0.522500
v -0.497500 1.093965 0.525000
v -0.500000 1.095000 0.522500
v -0.497500 0.106036 0.525000
v -0.500000 0.105000 0.522500
v -0.493964 0.102500 0.525000
v -0.495000 0.100000 0.522500
v -0.302500 0.106036 0.500000
v -0.300000 0.105000 0.502500
v -0.306035 0.102500 0.500000
v -0.305000 0.100000 0.502500
v -0.497500 1.093965 0.500000
v -0.500000 1.095000 0.502500
v -0.493964 1.097500 0.500000
v -0.495000 1.100000 0.502500
v -0.306035 1.097500 0.500000
v -0.305000 1.100000 0.502500
v -0.302500 1.093965 0.500000
v -0.300000 1.095000 0.502500
v -0.493964 0.102500 0.500000
v -0.495000 0.100000 0.502500
v -0.497500 0.106036 0.500000
v -0.500000 0.105000 0.502500
v 0.297500 1.093965 0.525000
v 0.300000 1.095000 0.522500
v 0.293965 1.097500 0.525000
v 0.295000 1.100000 0.522500
v 0.293965 0.102500 0.525000
v 0.295000 0.100000 0.522500
v 0.297500 0.106036 0.525000
v 0.300000 0.105000 0.522500
v 0.106036 1.097500 0.525000
v 0.105000 1.100000 0.522500
v 0.102500 1.093965 0.525000
v 0.100000 1.095000 0.522500
v 0.102500 0.106036 0.525000
v 0.100000 0.105000 0.522500
v 0.106036 0.102500 0.525000
v 0.105000 0.100000 0.522500
v 0.297500 0.106036 0.500000
v 0.300000 0.105000 0.502500
v 0.293965 0.102500 0.500000
v 0.295000 0.100000 0.502500
v 0.102500 1.093965 0.500000
v 0.100000 1.095000 0.502500
v 0.106036 1.097500 0.500000
v 0.105000 1.100000 0.502500
v 0.293965 1.097500 0.500000
v 0.295000 1.100000 0.502500
v 0.297500 1.093965 0.500000
v 0.300000 1.095000 0.502500
v 0.106036 0.102500 0.500000
v 0.105000 0.100000 0.502500
v 0.102500 0.106036 0.500000
v 0.100000 0.105000 0.502500
v -0.102500 1.093965 0.525000
v -0.100000 1.095000 0.522500
v -0.106036 1.097500 0.525000
v -0.105000 1.100000 0.522500
v -0.106035 0.102500 0.525000
v -0.105000 0.100000 0.522500
v -0.102500 0.106036 0.525000
v -0.100000 0.105000 0.522500
v -0.293964 1.097500 0.525000
v -0.295000 1.100000 0.522500
v -0.297500 1.093965 0.525000
v -0.300000 1.095000 0.522500
v -0.297500 0.106036 0.525000
v -0.300000 0.105000 0.522500
v -0.293964 0.102500 0.525000
v -0.295000 0.100000 0.522500
v -0.102500 0.106036 0.500000
v -0.100000 0.105000 0.502500
v -0.106035 0.102500 0.500000
v -0.105000 0.100000 0.502500
v -0.297500 1.093965 0.500000
v -0.300000 1.095000 0.502500
v -0.293964 1.097500 0.500000
v -0.295000 1.100000 0.502500
v -0.106036 1.097500 0.500000
v -0.105000 1.100000 0.502500
v -0.102500 1.093965 0.500000
v -0.100000 1.095000 0.502500
v -0.293964 0.102500 0.500000
v -0.295000 0.100000 0.502500
v -0.297500 0.106036 0.500000
v -0.300000 0.105000 0.502500
v 0.097500 1.093965 0.525000
v 0.100000 1.095000 0.522500
v 0.093965 1.097500 0.525000
v 0.095000 1.100000 0.522500
v 0.093965 0.102500 0.525000
v 0.095000 0.100000 0.522500
v 0.097500 0.106036 0.525000
v 0.100000 0.105000 0.522500
v -0.093964 1.097500 0.525000
v -0.095000 1.100000 0.522500
v -0.097500 1.093965 0.525000
v -0.100000 1.095000 0.522500
v -0.097500 0.106036 0.525000
v -0.100000 0.105000 0.522500
v -0.093964 0.102500 0.525000
v -0.095000 0.100000 0.522500
v 0.097500 0.106036 0.500000
v 0.100000 0.105000 0.502500
v 0.093965 0.102500 0.500000
v 0.095000 0.100000 0.502500
v -0.097500 1.093965 0.500000
v -0.100000 1.095000 0.502500
v -0.093964 1.097500 0.500000
v -0.095000 1.100000 0.502500
v 0.093965 1.097500 0.500000
v 0.095000 1.100000 0.502500
v 0.097500 1.093965 0.500000
v 0.100000 1.095000 0.502500
v -0.093964 0.102500 0.500000
v -0.095000 0.100000 0.502500
v -0.097500 0.106036 0.500000
v -0.100000 0.105000 0.502500
v -0.493964 1.097500 0.575000
v -0.495000 1.100000 0.572500
v -0.497500 1.093964 0.575000
v -0.500000 1.095000 0.572500
v 0.497500 1.093964 0.575000
v 0.500000 1.095000 0.572500
v 0.493965 1.097500 0.575000
v 0.495000 1.100000 0.572500
v -0.497500 0.906035 0.575000
v -0.500000 0.905000 0.572500
v -0.493964 0.902500 0.575000
v -0.495000 0.900000 0.572500
v 0.493965 0.902500 0.575000
v 0.495000 0.900000 0.572500
v 0.497500 0.906035 0.575000
v 0.500000 0.905000 0.572500
v 0.493965 1.097500 0.550000
v 0.495000 1.100000 0.552500
v 0.497500 1.093964 0.550000
v 0.500000 1.095000 0.552500
v -0.493964 0.902500 0.550000
v -0.495000 0.900000 0.552500
v -0.497500 0.906035 0.550000
v -0.500000 0.905000 0.552500
v -0.497500 1.093964 0.550000
v -0.500000 1.095000 0.552500
v -0.493964 1.097500 0.550000
v -0.495000 1.100000 0.552500
v 0.497500 0.906035 0.550000
v 0.500000 0.905000 0.552500
v 0.493965 0.902500 0.550000
v 0.495000 0.900000 0.552500
v -0.493964 0.297500 0.575000
v -0.495000 0.300000 0.572500
v -0.497500 0.293964 0.575000
v -0.500000 0.295000 0.572500
v 0.497500 0.293964 0.575000
v 0.500000 0.295000 0.572500
v 0.493965 0.297500 0.575000
v 0.495000 0.300000 0.572500
v -0.497500 0.106035 0.575000
v -0.500000 0.105000 0.572500
v -0.493964 0.102500 0.575000
v -0.495000 0.100000 0.572500
v 0.493965 0.102500 0.575000
v 0.495000 0.100000 0.572500
v 0.497500 0.106035 0.575000
v 0.500000 0.105000 0.572500
v 0.493965 0.297500 0.550000
v 0.495000 0.300000 0.552500
v 0.497500 0.293964 0.550000
v 0.500000 0.295000 0.552500
v -0.493964 0.102500 0.550000
v -0.495000 0.100000 0.552500
v -0.497500 0.106035 0.550000
v -0.500000 0.105000 0.552500
v -0.497500 0.293964 0.550000
v -0.500000 0.295000 0.552500
v -0.493964 0.297500 0.550000
v -0.495000 0.300000 0.552500
v 0.497500 0.106035 0.550000
v 0.500000 0.105000 0.552500
v 0.493965 0.102500 0.550000
v 0.495000 0.100000 0.552500
v 0.497500 1.125000 -0.493965
v 0.500000 1.122500 -0.495000
v 0.493964 1.125000 -0.497500
v 0.495000 1.122500 -0.500000
v 0.493964 1.125000 0.497500
v 0.495000 1.122500 0.500000
v 0.497500 1.125000 0.493964
v 0.500000 1.122500 0.495000
v 0.306035 1.125000 -0.497500
v 0.305000 1.122500 -0.500000
v 0.302500 1.125000 -0.493965
v 0.300000 1.122500 -0.495000
v 0.302500 1.125000 0.493964
v 0.300000 1.122500 0.495000
v 0.306035 1.125000 0.497500
v 0.305000 1.122500 0.500000
v 0.497500 1.100000 0.493964
v 0.500000 1.102500 0.495000
v 0.493964 1.100000 0.497500
v 0.495000 1.102500 0.500000
v 0.302500 1.100000 -0.493965
v 0.300000 1.102500 -0.495000
v 0.306035 1.100000 -0.497500
v 0.305000 1.102500 -0.500000
v 0.493964 1.100000 -0.497500
v 0.495000 1.102500 -0.500000
v 0.497500 1.100000 -0.493965
v 0.500000 1.102500 -0.495000
v 0.306035 1.100000 0.497500
v 0.305000 1.102500 0.500000
v 0.302500 1.100000 0.493964
v 0.300000 1.102500 0.495000
v -0.302500 1.125000 -0.493965
v -0.300000 1.122500 -0.495000
v -0.306036 1.125000 -0.497500
v -0.305000 1.122500 -0.500000
v -0.306036 1.125000 0.497500
v -0.305000 1.122500 0.500000
v -0.302500 1.125000 0.493964
v -0.300000 1.122500 0.495000
v -0.493965 1.125000 -0.497500
v -0.495000 1.122499 -0.500000
v -0.497500 1.125000 -0.493965
v -0.500000 1.122499 -0.495000
v -0.497500 1.125000 0.493964
v -0.500000 1.122500 0.495000
v -0.493965 1.125000 0.497500
v -0.495000 1.122500 0.500000
v -0.302500 1.100000 0.493964
v -0.300000 1.102500 0.495000
v -0.306036 1.100000 0.497500
v -0.305000 1.102500 0.500000
v -0.497500 1.100000 -0.493965
v -0.500000 1.102499 -0.495000
v -0.493965 1.100000 -0.497500
v -0.495000 1.102499 -0.500000
v -0.306036 1.100000 -0.497500
v -0.305000 1.102500 -0.500000
v -0.302500 1.100000 -0.493965
v -0.300000 1.102500 -0.495000
v -0.493965 1.100000 0.497500
v -0.495000 1.102500 0.500000
v -0.497500 1.100000 0.493964
v -0.500000 1.102500 0.495000
v 0.297500 1.125000 -0.493965
v 0.300000 1.122500 -0.495000
v 0.293964 1.125000 -0.497500
v 0.295000 1.122500 -0.500000
v 0.293964 1.125000 0.497500
v 0.295000 1.122500 0.500000
v 0.297500 1.125000 0.493964
v 0.300000 1.122500 0.495000
v 0.106035 1.125000 -0.497500
v 0.105000 1.122500 -0.500000
v 0.102500 1.125000 -0.493965
v 0.100000 1.122500 -0.495000
v 0.102500 1.125000 0.493964
v 0.100000 1.122500 0.495000
v 0.106035 1.125000 0.497500
v 0.105000 1.122500 0.500000
v 0.297500 1.100000 0.493964
v 0.300000 1.102500 0.495000
v 0.293964 1.100000 0.497500
v 0.295000 1.102500 0.500000
v 0.102500 1.100000 -0.493965
v 0.100000 1.102500 -0.495000
v 0.106035 1.100000 -0.497500
v 0.105000 1.102500 -0.500000
v 0.293964 1.100000 -0.497500
v 0.295000 1.102500 -0.500000
v 0.297500 1.100000 -0.493965
v 0.300000 1.102500 -0.495000
v 0.106035 1.100000 0.497500
v 0.105000 1.102500 0.500000
v 0.102500 1.100000 0.493964
v 0.100000 1.102500 0.495000
v -0.102500 1.125000 -0.493965
v -0.100000 1.122500 -0.495000
v -0.106036 1.125000 -0.497500
v -0.105000 1.122500 -0.500000
v -0.106036 1.125000 0.497500
v -0.105000 1.122500 0.500000
v -0.102500 1.125000 0.493964
v -0.100000 1.122500 0.495000
v -0.293965 1.125000 -0.497500
v -0.295000 1.122500 -0.500000
v -0.297500 1.125000 -0.493965
v -0.300000 1.122500 -0.495000
v -0.297500 1.125000 0.493964
v -0.300000 1.122500 0.495000
v -0.293965 1.125000 0.497500
v -0.295000 1.122500 0.500000
v -0.102500 1.100000 0.493964
v -0.100000 1.102500 0.495000
v -0.106036 1.100000 0.497500
v -0.105000 1.102500 0.500000
v -0.297500 1.100000 -0.493965
v -0.300000 1.102500 -0.495000
v -0.293965 1.100000 -0.497500
v -0.295000 1.102500 -0.500000
v -0.106036 1.100000 -0.497500
v -0.105000 1.102500 -0.500000
v -0.102500 1.100000 -0.493965
v -0.100000 1.102500 -0.495000
v -0.293965 1.100000 0.497500
v -0.295000 1.102500 0.500000
v -0.297500 1.100000 0.493964
v -0.300000 1.102500 0.495000
v 0.097500 1.125000 -0.493965
v 0.100000 1.122500 -0.495000
v 0.093964 1.125000 -0.497500
v 0.095000 1.122500 -0.500000
v 0.093964 1.125000 0.497500
v 0.095000 1.122500 0.500000
v 0.097500 1.125000 0.493964
v 0.100000 1.122500 0.495000
v -0.093965 1.125000 -0.497500
v -0.095000 1.122500 -0.500000
v -0.097500 1.125000 -0.493965
v -0.100000 1.122500 -0.495000
v -0.097500 1.125000 0.493964
v -0.100000 1.122500 0.495000
v -0.093965 1.125000 0.497500
v -0.095000 1.122500 0.500000
v 0.097500 1.100000 0.493964
v 0.100000 1.102500 0.495000
v 0.093964 1.100000 0.497500
v 0.095000 1.102500 0.500000
v -0.097500 1.100000 -0.493965
v -0.100000 1.102500 -0.495000
v -0.093965 1.100000 -0.497500
v -0.095000 1.102500 -0.500000
v 0.093964 1.100000 -0.497500
v 0.095000 1.102500 -0.500000
v 0.097500 1.100000 -0.493965
v 0.100000 1.102500 -0.495000
v -0.093965 1.100000 0.497500
v -0.095000 1.102500 0.500000
v -0.097500 1.100000 0.493964
v -0.100000 1.102500 0.495000
v -0.493965 1.174999 -0.497500
v -0.495000 1.172499 -0.500000
v -0.497500 1.174999 -0.493964
v -0.500000 1.172499 -0.495000
v 0.497500 1.175000 -0.493964
v 0.500000 1.172500 -0.495000
v 0.493964 1.175000 -0.497500
v 0.495000 1.172500 -0.500000
v -0.497500 1.174999 -0.306035
v -0.500000 1.172499 -0.305000
v -0.493965 1.174999 -0.302500
v -0.495000 1.172499 -0.300000
v 0.493964 1.175000 -0.302500
v 0.495000 1.172500 -0.300000
v 0.497500 1.175000 -0.306035
v 0.500000 1.172500 -0.305000
v 0.493964 1.150000 -0.497500
v 0.495000 1.152500 -0.500000
v 0.497500 1.150000 -0.493964
v 0.500000 1.152500 -0.495000
v -0.493965 1.149999 -0.302500
v -0.495000 1.152499 -0.300000
v -0.497500 1.149999 -0.306035
v -0.500000 1.152499 -0.305000
v -0.497500 1.149999 -0.493964
v -0.500000 1.152499 -0.495000
v -0.493965 1.149999 -0.497500
v -0.495000 1.152499 -0.500000
v 0.497500 1.150000 -0.306035
v 0.500000 1.152500 -0.305000
v 0.493964 1.150000 -0.302500
v 0.495000 1.152500 -0.300000
v -0.493965 1.174999 0.302500
v -0.495000 1.172499 0.300000
v -0.497500 1.174999 0.306036
v -0.500000 1.172499 0.305000
v 0.497500 1.175000 0.306036
v 0.500000 1.172500 0.305000
v 0.493964 1.175000 0.302500
v 0.495000 1.172500 0.300000
v -0.497500 1.174999 0.493965
v -0.500000 1.172499 0.495000
v -0.493965 1.174999 0.497500
v -0.495000 1.172499 0.500000
v 0.493964 1.175000 0.497500
v 0.495000 1.172500 0.500000
v 0.497500 1.175000 0.493965
v 0.500000 1.172500 0.495000
v 0.493964 1.150000 0.302500
v 0.495000 1.152500 0.300000
v 0.497500 1.150000 0.306036
v 0.500000 1.152500 0.305000
v -0.493965 1.149999 0.497500
v -0.495000 1.152499 0.500000
v -0.497500 1.149999 0.493965
v -0.500000 1.152499 0.495000
v -0.497500 1.149999 0.306036
v -0.500000 1.152499 0.305000
v -0.493965 1.149999 0.302500
v -0.495000 1.152499 0.300000
v 0.497500 1.150000 0.493965
v 0.500000 1.152500 0.495000
v 0.493964 1.150000 0.497500
v 0.495000 1.152500 0.500000
v 0.497500 0.075000 0.493965
v 0.500000 0.077500 0.495000
v 0.493964 0.075000 0.497500
v 0.495000 0.077500 0.500000
v 0.493964 0.075000 -0.497500
v 0.495000 0.077500 -0.500000
v 0.497500 0.075000 -0.493964
v 0.500000 0.077500 -0.495000
v 0.306035 0.075000 0.497500
v 0.305000 0.077500 0.500000
v 0.302500 0.075000 0.493965
v 0.300000 0.077500 0.495000
v 0.302500 0.075000 -0.493964
v 0.300000 0.077500 -0.495000
v 0.306035 0.075000 -0.497500
v 0.305000 0.077500 -0.500000
v 0.497500 0.100000 -0.493964
v 0.500000 0.097500 -0.495000
v 0.493964 0.100000 -0.497500
v 0.495000 0.097500 -0.500000
v 0.302500 0.100000 0.493965
v 0.300000 0.097500 0.495000
v 0.306035 0.100000 0.497500
v 0.305000 0.097500 0.500000
v 0.493964 0.100000 0.497500
v 0.495000 0.097500 0.500000
v 0.497500 0.100000 0.493965
v 0.500000 0.097500 0.495000
v 0.306035 0.100000 -0.497500
v 0.305000 0.097500 -0.500000
v 0.302500 0.100000 -0.493964
v 0.300000 0.097500 -0.495000
v -0.302500 0.075000 0.493965
v -0.300000 0.077500 0.495000
v -0.306036 0.075000 0.497500
v -0.305000 0.077500 0.500000
v -0.306036 0.075000 -0.497500
v -0.305000 0.077500 -0.500000
v -0.302500 0.075000 -0.493964
v -0.300000 0.077500 -0.495000
v -0.493965 0.075000 0.497500
v -0.495000 0.077500 0.500000
v -0.497500 0.075000 0.493965
v -0.500000 0.077500 0.495000
v -0.497500 0.075000 -0.493964
v -0.500000 0.077500 -0.495000
v -0.493965 0.075000 -0.497500
v -0.495000 0.077500 -0.500000
v -0.302500 0.100000 -0.493964
v -0.300000 0.097500 -0.495000
v -0.306036 0.100000 -0.497500
v -0.305000 0.097500 -0.500000
v -0.497500 0.100000 0.493965
v -0.500000 0.097500 0.495000
v -0.493965 0.100000 0.497500
v -0.495000 0.097500 0.500000
v -0.306036 0.100000 0.497500
v -0.305000 0.097500 0.500000
v -0.302500 0.100000 0.493965
v -0.300000 0.097500 0.495000
v -0.493965 0.100000 -0.497500
v -0.495000 0.097500 -0.500000
v -0.497500 0.100000 -0.493964
v -0.500000 0.097500 -0.495000
v 0.297500 0.075000 0.493965
v 0.300000 0.077500 0.495000
v 0.293964 0.075000 0.497500
v 0.295000 0.077500 0.500000
v 0.293964 0.075000 -0.497500
v 0.295000 0.077500 -0.500000
v 0.297500 0.075000 -0.493964
v 0.300000 0.077500 -0.495000
v 0.106035 0.075000 0.497500
v 0.105000 0.077500 0.500000
v 0.102500 0.075000 0.493965
v 0.100000 0.077500 0.495000
v 0.102500 0.075000 -0.493964
v 0.100000 0.077500 -0.495000
v 0.106035 0.075000 -0.497500
v 0.105000 0.077500 -0.500000
v 0.297500 0.100000 -0.493964
v 0.300000 0.097500 -0.495000
v 0.293964 0.100000 -0.497500
v 0.295000 0.097500 -0.500000
v 0.102500 0.100000 0.493965
v 0.100000 0.097500 0.495000
v 0.106035 0.100000 0.497500
v 0.105000 0.097500 0.500000
v 0.293964 0.100000 0.497500
v 0.295000 0.097500 0.500000
v 0.297500 0.100000 0.493965
v 0.300000 0.097500 0.495000
v 0.106035 0.100000 -0.497500
v 0.105000 0.097500 -0.500000
v 0.102500 0.100000 -0.493964
v 0.100000 0.097500 -0.495000
v -0.102501 0.075000 0.493965
v -0.100001 0.077500 0.495000
v -0.106036 0.075000 0.497500
v -0.105001 0.077500 0.500000
v -0.106036 0.075000 -0.497500
v -0.105000 0.077500 -0.500000
v -0.102500 0.075000 -0.493964
v -0.100000 0.077500 -0.495000
v -0.293965 0.075000 0.497500
v -0.295000 0.077500 0.500000
v -0.297500 0.075000 0.493965
v -0.300000 0.077500 0.495000
v -0.297500 0.075000 -0.493964
v -0.300000 0.077500 -0.495000
v -0.293965 0.075000 -0.497500
v -0.295000 0.077500 -0.500000
v -0.102500 0.100000 -0.493964
v -0.100000 0.097500 -0.495000
v -0.106036 0.100000 -0.497500
v -0.105000 0.097500 -0.500000
v -0.297500 0.100000 0.493965
v -0.300000 0.097500 0.495000
v -0.293965 0.100000 0.497500
v -0.295000 0.097500 0.500000
v -0.106036 0.100000 0.497500
v -0.105000 0.097500 0.500000
v -0.102500 0.100000 0.493965
v -0.100000 0.097500 0.495000
v -0.293965 0.100000 -0.497500
v -0.295000 0.097500 -0.500000
v -0.297500 0.100000 -0.493964
v -0.300000 0.097500 -0.495000
v 0.097500 0.075000 0.493965
v 0.100000 0.077500 0.495000
v 0.093964 0.075000 0.497500
v 0.095000 0.077500 0.500000
v 0.093964 0.075000 -0.497500
v 0.095000 0.077500 -0.500000
v 0.097500 0.075000 -0.493964
v 0.100000 0.077500 -0.495000
v -0.093965 0.075000 0.497500
v -0.095000 0.077500 0.500000
v -0.097500 0.075000 0.493965
v -0.100000 0.077500 0.495000
v -0.097500 0.075000 -0.493964
v -0.100000 0.077500 -0.495000
v -0.093965 0.075000 -0.497500
v -0.095000 0.077500 -0.500000
v 0.097500 0.100000 -0.493964
v 0.100000 0.097500 -0.495000
v 0.093964 0.100000 -0.497500
v 0.095000 0.097500 -0.500000
v -0.097500 0.100000 0.493965
v -0.100000 0.097500 0.495000
v -0.093965 0.100000 0.497500
v -0.095000 0.097500 0.500000
v 0.093964 0.100000 0.497500
v 0.095000 0.097500 0.500000
v 0.097500 0.100000 0.493965
v 0.100000 0.097500 0.495000
v -0.093965 0.100000 -0.497500
v -0.095000 0.097500 -0.500000
v -0.097500 0.100000 -0.493964
v -0.100000 0.097500 -0.495000
v -0.493965 0.025000 0.497500
v -0.495000 0.027500 0.500000
v -0.497500 0.025000 0.493964
v -0.500000 0.027501 0.495000
v 0.497500 0.025000 0.493964
v 0.500000 0.027500 0.495000
v 0.493964 0.025000 0.497500
v 0.495000 0.027500 0.500000
v -0.497500 0.025000 0.306035
v -0.500000 0.027501 0.305000
v -0.493965 0.025000 0.302500
v -0.495000 0.027501 0.300000
v 0.493964 0.025000 0.302500
v 0.495000 0.027500 0.300000
v 0.497500 0.025000 0.306035
v 0.500000 0.027500 0.305000
v 0.493964 0.050000 0.497500
v 0.495000 0.047500 0.500000
v 0.497500 0.050000 0.493964
v 0.500000 0.047500 0.495000
v -0.493965 0.050001 0.302500
v -0.495000 0.047501 0.300000
v -0.497500 0.050001 0.306035
v -0.500000 0.047501 0.305000
v -0.497500 0.050000 0.493964
v -0.500000 0.047500 0.495000
v -0.493965 0.050000 0.497500
v -0.495000 0.047500 0.500000
v 0.497500 0.050000 0.306035
v 0.500000 0.047500 0.305000
v 0.493964 0.050000 0.302500
v 0.495000 0.047500 0.300000
v -0.493965 0.025001 -0.302500
v -0.495000 0.027501 -0.300000
v -0.497500 0.025001 -0.306036
v -0.500000 0.027501 -0.305000
v 0.497500 0.025000 -0.306036
v 0.500000 0.027500 -0.305000
v 0.493964 0.025000 -0.302500
v 0.495000 0.027500 -0.300000
v -0.497500 0.025001 -0.493965
v -0.500000 0.027501 -0.495000
v -0.493965 0.025001 -0.497500
v -0.495000 0.027501 -0.500000
v 0.493964 0.025000 -0.497500
v 0.495000 0.027500 -0.500000
v 0.497500 0.025000 -0.493965
v 0.500000 0.027500 -0.495000
v 0.493964 0.050000 -0.302500
v 0.495000 0.047500 -0.300000
v 0.497500 0.050000 -0.306036
v 0.500000 0.047500 -0.305000
v -0.493965 0.050001 -0.497500
v -0.495000 0.047501 -0.500000
v -0.497500 0.050001 -0.493965
v -0.500000 0.047501 -0.495000
v -0.497500 0.050001 -0.306036
v -0.500000 0.047501 -0.305000
v -0.493965 0.050001 -0.302500
v -0.495000 0.047501 -0.300000
v 0.497500 0.050000 -0.493965
v 0.500000 0.047500 -0.495000
v 0.493964 0.050000 -0.497500
v 0.495000 0.047500 -0.500000
v 0.550000 1.097855 -0.359970
v 0.547500 1.100000 -0.358579
v 0.550000 0.240030 0.497855
v 0.547500 0.241421 0.500000
v 0.525000 1.097855 -0.359970
v 0.527500 1.100000 -0.358579
v 0.525000 0.959970 -0.497855
v 0.527500 0.958579 -0.500000
v 0.550000 0.102130 0.487870
v 0.547500 0.100000 0.490000
v 0.527500 0.100000 0.358579
v 0.525000 0.102145 0.359970
v 0.525000 0.240030 0.497855
v 0.527500 0.241421 0.500000
v 0.550000 0.102145 0.359970
v 0.547500 0.100000 0.358579
v 0.550000 0.959970 -0.497855
v 0.547500 0.958579 -0.500000
v 0.547500 0.110000 0.500000
v 0.550000 0.112130 0.497870
v 0.550000 1.087870 -0.497870
v 0.547500 1.090000 -0.500000
v 0.547500 1.100000 -0.490000
v 0.550000 1.097870 -0.487870
v 0.525000 1.097870 -0.487870
v 0.527500 1.100000 -0.490000
v 0.527500 1.090000 -0.500000
v 0.525000 1.087870 -0.497870
v 0.525000 0.102130 0.487870
v 0.527500 0.100000 0.490000
v 0.527500 0.110000 0.500000
v 0.525000 0.112130 0.497870
v 0.359970 1.097855 0.550000
v 0.358579 1.100000 0.547500
v -0.497855 0.240030 0.550000
v -0.500000 0.241421 0.547500
v 0.359970 1.097855 0.525000
v 0.358579 1.100000 0.527500
v 0.497856 0.959970 0.525000
v 0.500000 0.958579 0.527500
v -0.487870 0.102130 0.550000
v -0.490000 0.100000 0.547500
v -0.358579 0.100000 0.527500
v -0.359970 0.102145 0.525000
v -0.497855 0.240030 0.525000
v -0.500000 0.241421 0.527500
v -0.359970 0.102145 0.550000
v -0.358579 0.100000 0.547500
v 0.497856 0.959970 0.550000
v 0.500000 0.958579 0.547500
v -0.500000 0.110000 0.547500
v -0.497870 0.112130 0.550000
v 0.497870 1.087870 0.550000
v 0.500000 1.090000 0.547500
v 0.490000 1.100000 0.547500
v 0.487870 1.097870 0.550000
v 0.487870 1.097870 0.525000
v 0.490000 1.100000 0.527500
v 0.500000 1.090000 0.527500
v 0.497870 1.087870 0.525000
v -0.487870 0.102130 0.525000
v -0.490000 0.100000 0.527500
v -0.500000 0.110000 0.527500
v -0.497870 0.112130 0.525000
v -0.550000 1.097855 0.359970
v -0.547500 1.100000 0.358579
v -0.550000 0.240030 -0.497855
v -0.547500 0.241421 -0.500000
v -0.525000 1.097855 0.359970
v -0.527500 1.100000 0.358579
v -0.524999 0.959970 0.497855
v -0.527499 0.958579 0.500000
v -0.550000 0.102130 -0.487870
v -0.547500 0.100000 -0.490000
v -0.527500 0.100000 -0.358579
v -0.525000 0.102145 -0.359970
v -0.525000 0.240030 -0.497855
v -0.527500 0.241421 -0.500000
v -0.550000 0.102145 -0.359970
v -0.547500 0.100000 -0.358579
v -0.549999 0.959970 0.497855
v -0.547499 0.958579 0.500000
v -0.547500 0.110000 -0.500000
v -0.550000 0.112130 -0.497870
v -0.549999 1.087870 0.497870
v -0.547499 1.090000 0.500000
v -0.547499 1.100000 0.490000
v -0.549999 1.097870 0.487870
v -0.524999 1.097870 0.487870
v -0.527499 1.100000 0.490000
v -0.527499 1.090000 0.500000
v -0.524999 1.087870 0.497870
v -0.525000 0.102130 -0.487870
v -0.527500 0.100000 -0.490000
v -0.527500 0.110000 -0.500000
v -0.525000 0.112130 -0.497870
v -0.359970 1.150000 0.497855
v -0.358579 1.147500 0.500000
v 0.497855 1.150000 -0.359970
v 0.500000 1.147500 -0.358579
v -0.359970 1.125000 0.497855
v -0.358579 1.127500 0.500000
v -0.497855 1.125000 0.359970
v -0.500000 1.127500 0.358579
v 0.487870 1.150000 -0.497870
v 0.490000 1.147500 -0.500000
v 0.358579 1.127500 -0.500000
v 0.359970 1.125000 -0.497856
v 0.497855 1.125000 -0.359970
v 0.500000 1.127500 -0.358579
v 0.359970 1.150000 -0.497856
v 0.358579 1.147500 -0.500000
v -0.497855 1.150000 0.359970
v -0.500000 1.147500 0.358579
v 0.500000 1.147500 -0.490000
v 0.497870 1.150000 -0.487870
v -0.497870 1.150000 0.487870
v -0.500000 1.147500 0.490000
v -0.490000 1.147500 0.500000
v -0.487870 1.150000 0.497870
v -0.487870 1.125000 0.497870
v -0.490000 1.127500 0.500000
v -0.500000 1.127500 0.490000
v -0.497870 1.125000 0.487870
v 0.487870 1.125000 -0.497870
v 0.490000 1.127500 -0.500000
v 0.500000 1.127500 -0.490000
v 0.497870 1.125000 -0.487870
v 0.359970 0.050001 0.497855
v 0.358579 0.052501 0.500000
v -0.497855 0.050000 -0.359970
v -0.500000 0.052500 -0.358579
v 0.359970 0.075001 0.497855
v 0.358579 0.072501 0.500000
v 0.497856 0.075001 0.359970
v 0.500000 0.072501 0.358579
v -0.487870 0.050000 -0.497870
v -0.490000 0.052500 -0.500000
v -0.358579 0.072500 -0.500000
v -0.359970 0.075000 -0.497855
v -0.497855 0.075000 -0.359970
v -0.500000 0.072500 -0.358579
v -0.359970 0.050000 -0.497855
v -0.358579 0.052500 -0.500000
v 0.497856 0.050001 0.359970
v 0.500000 0.052501 0.358579
v -0.500000 0.052500 -0.490000
v -0.497870 0.050000 -0.487870
v 0.497870 0.050001 0.487870
v 0.500000 0.052501 0.490000
v 0.490000 0.052501 0.500000
v 0.487870 0.050001 0.497870
v 0.487870 0.075001 0.497870
v 0.490000 0.072501 0.500000
v 0.500000 0.072501 0.490000
v 0.497870 0.075001 0.487870
v -0.487870 0.075000 -0.497870
v -0.490000 0.072500 -0.500000
v -0.500000 0.072500 -0.490000
v -0.497870 0.075000 -0.487870
v -0.587500 1.105000 0.500000
v -0.582500 1.100000 0.500000
v -0.582500 1.100000 -0.500000
v -0.587500 1.105000 -0.500000
v -0.505000 1.100000 0.500000
v -0.500000 1.105000 0.500000
v -0.500000 1.105000 -0.500000
v -0.505000 1.100000 -0.500000
v -0.582500 1.187500 0.500000
v -0.587500 1.182500 0.500000
v -0.587500 1.182500 -0.500000
v -0.582500 1.187500 -0.500000
v -0.500000 1.182500 0.500000
v -0.505000 1.187500 0.500000
v -0.505000 1.187500 -0.500000
v -0.500000 1.182500 -0.500000
v -0.502500 -0.000000 0.594672
v -0.505328 -0.000000 0.597500
v -0.500000 0.002500 0.597181
v -0.502818 0.002500 0.600000
v -0.505328 1.200000 0.597500
v -0.502500 1.200000 0.594672
v -0.502818 1.197500 0.600000
v -0.500000 1.197500 0.597181
v -0.594672 -0.000000 0.597500
v -0.597500 -0.000000 0.594672
v -0.597182 0.002500 0.600000
v -0.600000 0.002500 0.597181
v -0.597500 1.200000 0.594672
v -0.594672 1.200000 0.597500
v -0.600000 1.197500 0.597181
v -0.597182 1.197500 0.600000
v -0.505328 -0.000000 0.502500
v -0.502500 -0.000000 0.505328
v -0.502818 0.002500 0.500000
v -0.500000 0.002500 0.502818
v -0.502500 1.200000 0.505328
v -0.505328 1.200000 0.502500
v -0.500000 1.197500 0.502818
v -0.502818 1.197500 0.500000
v -0.597500 -0.000000 0.505328
v -0.594672 -0.000000 0.502500
v -0.600000 0.002500 0.502818
v -0.597182 0.002500 0.500000
v -0.594672 1.200000 0.502500
v -0.597500 1.200000 0.505328
v -0.597182 1.197500 0.500000
v -0.600000 1.197500 0.502818
v -0.587500 0.017500 0.500000
v -0.582500 0.012500 0.500000
v -0.582500 0.012500 -0.500000
v -0.587500 0.017500 -0.500000
v -0.505000 0.012500 0.500000
v -0.500000 0.017500 0.500000
v -0.500000 0.017500 -0.500000
v -0.505000 0.012500 -0.500000
v -0.582500 0.100000 0.500000
v -0.587500 0.095000 0.500000
v -0.587500 0.095000 -0.500000
v -0.582500 0.100000 -0.500000
v -0.500000 0.095000 0.500000
v -0.505000 0.100000 0.500000
v -0.505000 0.100000 -0.500000
v -0.500000 0.095000 -0.500000
v -0.594672 -0.000000 -0.502500
v -0.597500 -0.000000 -0.505328
v -0.597182 0.002500 -0.500000
v -0.600000 0.002500 -0.502818
v -0.597500 1.200000 -0.505328
v -0.594672 1.200000 -0.502500
v -0.600000 1.197500 -0.502818
v -0.597182 1.197500 -0.500000
v -0.597500 -0.000000 -0.594672
v -0.594672 -0.000000 -0.597500
v -0.600000 0.002500 -0.597182
v -0.597182 0.002500 -0.600000
v -0.594672 1.200000 -0.597500
v -0.597500 1.200000 -0.594672
v -0.597182 1.197500 -0.600000
v -0.600000 1.197500 -0.597182
v -0.502500 -0.000000 -0.505328
v -0.505328 -0.000000 -0.502500
v -0.500000 0.002500 -0.502818
v -0.502818 0.002500 -0.500000
v -0.505328 1.200000 -0.502500
v -0.502500 1.200000 -0.505328
v -0.502818 1.197500 -0.500000
v -0.500000 1.197500 -0.502818
v -0.505328 -0.000000 -0.597500
v -0.502500 -0.000000 -0.594672
v -0.502818 0.002500 -0.600000
v -0.500000 0.002500 -0.597182
v -0.502500 1.200000 -0.594672
v -0.505328 1.200000 -0.597500
v -0.500000 1.197500 -0.597182
v -0.502818 1.197500 -0.600000
v 0.502500 -0.000000 -0.594672
v 0.505328 -0.000000 -0.597500
v 0.500000 0.002500 -0.597182
v 0.502818 0.002500 -0.600000
v 0.505328 1.200000 -0.597500
v 0.502500 1.200000 -0.594672
v 0.502818 1.197500 -0.600000
v 0.500000 1.197500 -0.597182
v 0.594672 -0.000000 -0.597500
v 0.597500 -0.000000 -0.594672
v 0.597182 0.002500 -0.600000
v 0.600000 0.002500 -0.597182
v 0.597500 1.200000 -0.594672
v 0.594672 1.200000 -0.597500
v 0.600000 1.197500 -0.597182
v 0.597182 1.197500 -0.600000
v 0.505328 -0.000000 -0.502500
v 0.502500 -0.000000 -0.505328
v 0.502818 0.002500 -0.500000
v 0.500000 0.002500 -0.502818
v 0.502500 1.200000 -0.505328
v 0.505328 1.200000 -0.502500
v 0.500000 1.197500 -0.502818
v 0.502818 1.197500 -0.500000
v 0.597500 -0.000000 -0.505328
v 0.594672 -0.000000 -0.502500
v 0.600000 0.002500 -0.502818
v 0.597182 0.002500 -0.500000
v 0.594672 1.200000 -0.502500
v 0.597500 1.200000 -0.505328
v 0.597182 1.197500 -0.500000
v 0.600000 1.197500 -0.502818
v 0.594672 -0.000000 0.502500
v 0.597500 -0.000000 0.505328
v 0.597182 0.002500 0.500000
v 0.600000 0.002500 0.502818
v 0.597500 1.200000 0.505328
v 0.594672 1.200000 0.502500
v 0.600000 1.197500 0.502818
v 0.597182 1.197500 0.500000
v 0.597500 -0.000000 0.594672
v 0.594672 -0.000000 0.597500
v 0.600000 0.002500 0.597181
v 0.597182 0.002500 0.600000
v 0.594672 1.200000 0.597500
v 0.597500 1.200000 0.594672
v 0.597182 1.197500 0.600000
v 0.600000 1.197500 0.597181
v 0.502500 -0.000000 0.505328
v 0.505328 -0.000000 0.502500
v 0.500000 0.002500 0.502818
v 0.502818 0.002500 0.500000
v 0.505328 1.200000 0.502500
v 0.502500 1.200000 0.505328
v 0.502818 1.197500 0.500000
v 0.500000 1.197500 0.502818
v 0.505328 -0.000000 0.597500
v 0.502500 -0.000000 0.594672
v 0.502818 0.002500 0.600000
v 0.500000 0.002500 0.597181
v 0.502500 1.200000 0.594672
v 0.505328 1.200000 0.597500
v 0.500000 1.197500 0.597181
v 0.502818 1.197500 0.600000
v 0.500000 1.105000 0.587500
v 0.500000 1.100000 0.582500
v -0.500000 1.100000 0.582500
v -0.500000 1.105000 0.587500
v 0.500000 1.100000 0.505000
v 0.500000 1.105000 0.500000
v -0.500000 1.105000 0.500000
v -0.500000 1.100000 0.505000
v 0.500000 1.187500 0.582500
v 0.500000 1.182500 0.587500
v -0.500000 1.182500 0.587500
v -0.500000 1.187500 0.582500
v 0.500000 1.182500 0.500000
v 0.500000 1.187500 0.505000
v -0.500000 1.187500 0.505000
v -0.500000 1.182500 0.500000
v 0.500000 0.017500 0.587500
v 0.500000 0.012500 0.582500
v -0.500000 0.012500 0.582500
v -0.500000 0.017500 0.587500
v 0.500000 0.012500 0.505000
v 0.500000 0.017500 0.500000
v -0.500000 0.017500 0.500000
v -0.500000 0.012500 0.505000
v 0.500000 0.100000 0.582500
v 0.500000 0.095000 0.587500
v -0.500000 0.095000 0.587500
v -0.500000 0.100000 0.582500
v 0.500000 0.095000 0.500000
v 0.500000 0.100000 0.505000
v -0.500000 0.100000 0.505000
v -0.500000 0.095000 0.500000
v 0.587500 1.105000 -0.500000
v 0.582500 1.100000 -0.500000
v 0.582500 1.100000 0.500000
v 0.587500 1.105000 0.500000
v 0.505000 1.100000 -0.500000
v 0.500000 1.105000 -0.500000
v 0.500000 1.105000 0.500000
v 0.505000 1.100000 0.500000
v 0.582500 1.187500 -0.500000
v 0.587500 1.182500 -0.500000
v 0.587500 1.182500 0.500000
v 0.582500 1.187500 0.500000
v 0.500000 1.182500 -0.500000
v 0.505000 1.187500 -0.500000
v 0.505000 1.187500 0.500000
v 0.500000 1.182500 0.500000
v 0.587500 0.017500 -0.500000
v 0.582500 0.012500 -0.500000
v 0.582500 0.012500 0.500000
v 0.587500 0.017500 0.500000
v 0.505000 0.012500 -0.500000
v 0.500000 0.017500 -0.500000
v 0.500000 0.017500 0.500000
v 0.505000 0.012500 0.500000
v 0.582500 0.100000 -0.500000
v 0.587500 0.095000 -0.500000
v 0.587500 0.095000 0.500000
v 0.582500 0.100000 0.500000
v 0.500000 0.095000 -0.500000
v 0.505000 0.100000 -0.500000
v 0.505000 0.100000 0.500000
v 0.500000 0.095000 0.500000
v -0.500000 0.017500 -0.587500
v -0.500000 0.012500 -0.582500
v 0.500000 0.012500 -0.582500
v 0.500000 0.017500 -0.587500
v -0.500000 0.012500 -0.505000
v -0.500000 0.017500 -0.500000
v 0.500000 0.017500 -0.500000
v 0.500000 0.012500 -0.505000
v -0.500000 0.100000 -0.582500
v -0.500000 0.095000 -0.587500
v 0.500000 0.095000 -0.587500
v 0.500000 0.100000 -0.582500
v -0.500000 0.095000 -0.500000
v -0.500000 0.100000 -0.505000
v 0.500000 0.100000 -0.505000
v 0.500000 0.095000 -0.500000
v -0.282843 0.175736 0.547500
v 0.424264 0.882843 0.547500
v -0.106066 0.352513 0.547500
v 0.070711 0.529289 0.547500
v 0.247488 0.706066 0.547500
v 0.422496 0.884610 0.550000
v -0.284610 0.177504 0.550000
v 0.245720 0.707834 0.550000
v 0.068943 0.531057 0.550000
v -0.107834 0.354280 0.550000
v 0.284611 1.022496 0.525000
v -0.422496 0.315389 0.525000
v 0.107834 0.845720 0.525000
v -0.068943 0.668943 0.525000
v -0.245720 0.492166 0.525000
v -0.424264 0.317157 0.527500
v 0.282843 1.024264 0.527500
v -0.247487 0.493934 0.527500
v -0.070711 0.670711 0.527500
v 0.106066 0.847487 0.527500
v -0.284610 0.177504 0.525000
v 0.422496 0.884610 0.525000
v -0.107834 0.354280 0.525000
v 0.068943 0.531057 0.525000
v 0.245720 0.707834 0.525000
v 0.424264 0.882843 0.527500
v -0.282843 0.175736 0.527500
v 0.247488 0.706066 0.527500
v 0.070711 0.529289 0.527500
v -0.106066 0.352513 0.527500
v 0.282843 1.024264 0.547500
v -0.424264 0.317157 0.547500
v 0.106066 0.847487 0.547500
v -0.070711 0.670711 0.547500
v -0.247487 0.493934 0.547500
v 0.284611 1.022496 0.550000
v -0.422496 0.315389 0.550000
v 0.107834 0.845720 0.550000
v -0.068943 0.668943 0.550000
v -0.245720 0.492166 0.550000
v -0.358553 0.251447 0.550000
v 0.348554 0.958553 0.550000
v -0.181777 0.428223 0.550000
v -0.005000 0.605000 0.550000
v 0.171777 0.781777 0.550000
v -0.358553 0.251447 0.525000
v 0.348554 0.958553 0.525000
v -0.181777 0.428223 0.525000
v -0.005000 0.605000 0.525000
v 0.171777 0.781777 0.525000
v 0.358553 0.948553 0.525000
v -0.348553 0.241447 0.525000
v 0.181777 0.771777 0.525000
v 0.005000 0.595000 0.525000
v -0.171777 0.418223 0.525000
v -0.348553 0.241447 0.550000
v 0.358554 0.948553 0.550000
v -0.171777 0.418223 0.550000
v 0.005000 0.595000 0.550000
v 0.181777 0.771777 0.550000
v -0.547500 0.175736 -0.282843
v -0.547500 0.882843 0.424264
v -0.547500 0.352513 -0.106066
v -0.547500 0.529289 0.070711
v -0.547500 0.706066 0.247487
v -0.550000 0.884610 0.422496
v -0.550000 0.177504 -0.284610
v -0.550000 0.707834 0.245720
v -0.550000 0.531057 0.068943
v -0.550000 0.354280 -0.107834
v -0.525000 1.022496 0.284611
v -0.525000 0.315390 -0.422496
v -0.525000 0.845720 0.107834
v -0.525000 0.668943 -0.068943
v -0.525000 0.492166 -0.245720
v -0.527500 0.317157 -0.424264
v -0.527500 1.024264 0.282843
v -0.527500 0.493934 -0.247487
v -0.527500 0.670711 -0.070711
v -0.527500 0.847487 0.106066
v -0.525000 0.177504 -0.284610
v -0.525000 0.884610 0.422496
v -0.525000 0.354280 -0.107834
v -0.525000 0.531057 0.068943
v -0.525000 0.707834 0.245720
v -0.527500 0.882843 0.424264
v -0.527500 0.175736 -0.282843
v -0.527500 0.706066 0.247487
v -0.527500 0.529289 0.070711
v -0.527500 0.352513 -0.106066
v -0.547500 1.024264 0.282843
v -0.547500 0.317157 -0.424264
v -0.547500 0.847487 0.106066
v -0.547500 0.670711 -0.070711
v -0.547500 0.493934 -0.247487
v -0.550000 1.022496 0.284611
v -0.550000 0.315390 -0.422496
v -0.550000 0.845720 0.107834
v -0.550000 0.668943 -0.068943
v -0.550000 0.492166 -0.245720
v -0.550000 0.251447 -0.358553
v -0.550000 0.958553 0.348553
v -0.550000 0.428223 -0.181777
v -0.550000 0.605000 -0.005000
v -0.550000 0.781777 0.171777
v -0.525000 0.251447 -0.358553
v -0.525000 0.958553 0.348553
v -0.525000 0.428223 -0.181777
v -0.525000 0.605000 -0.005000
v -0.525000 0.781777 0.171777
v -0.525000 0.948553 0.358553
v -0.525000 0.241447 -0.348553
v -0.525000 0.771777 0.181777
v -0.525000 0.595000 0.005000
v -0.525000 0.418223 -0.171777
v -0.550000 0.241447 -0.348553
v -0.550000 0.948553 0.358553
v -0.550000 0.418223 -0.171777
v -0.550000 0.595000 0.005000
v -0.550000 0.771777 0.181777
v 0.282843 1.147500 -0.424264
v -0.424264 1.147500 0.282843
v 0.106066 1.147500 -0.247487
v -0.070711 1.147500 -0.070711
v -0.247487 1.147500 0.106066
v -0.422496 1.150000 0.284610
v 0.284611 1.150000 -0.422496
v -0.245720 1.150000 0.107834
v -0.068943 1.150000 -0.068943
v 0.107834 1.150000 -0.245720
v -0.284610 1.125000 0.422496
v 0.422496 1.125000 -0.284611
v -0.107834 1.125000 0.245720
v 0.068943 1.125000 0.068943
v 0.245720 1.125000 -0.107834
v 0.424264 1.127500 -0.282843
v -0.282843 1.127500 0.424264
v 0.247487 1.127500 -0.106066
v 0.070711 1.127500 0.070711
v -0.106066 1.127500 0.247487
v 0.284611 1.125000 -0.422496
v -0.422496 1.125000 0.284611
v 0.107834 1.125000 -0.245720
v -0.068943 1.125000 -0.068943
v -0.245720 1.125000 0.107834
v -0.424264 1.127500 0.282843
v 0.282843 1.127500 -0.424264
v -0.247487 1.127500 0.106066
v -0.070711 1.127500 -0.070711
v 0.106066 1.127500 -0.247487
v -0.282843 1.147500 0.424264
v 0.424264 1.147500 -0.282843
v -0.106066 1.147500 0.247487
v 0.070711 1.147500 0.070711
v 0.247487 1.147500 -0.106066
v -0.284610 1.150000 0.422496
v 0.422496 1.150000 -0.284611
v -0.107834 1.150000 0.245720
v 0.068943 1.150000 0.068943
v 0.245720 1.150000 -0.107834
v 0.358553 1.150000 -0.348553
v -0.348553 1.150000 0.358553
v 0.181777 1.150000 -0.171777
v 0.005000 1.150000 0.005000
v -0.171777 1.150000 0.181777
v 0.358553 1.125000 -0.348553
v -0.348553 1.125000 0.358553
v 0.181777 1.125000 -0.171777
v 0.005000 1.125000 0.005000
v -0.171777 1.125000 0.181777
v -0.358553 1.125000 0.348553
v 0.348553 1.125000 -0.358553
v -0.181777 1.125000 0.171777
v -0.005000 1.125000 -0.005000
v 0.171777 1.125000 -0.181777
v 0.348553 1.150000 -0.358553
v -0.358553 1.150000 0.348553
v 0.171777 1.150000 -0.181777
v -0.005000 1.150000 -0.005000
v -0.181777 1.150000 0.171777
v 0.282843 0.175736 -0.547500
v -0.424264 0.882843 -0.547500
v 0.106066 0.352513 -0.547500
v -0.070711 0.529289 -0.547500
v -0.247487 0.706066 -0.547500
v -0.422496 0.884611 -0.550000
v 0.284611 0.177504 -0.550000
v -0.245720 0.707834 -0.550000
v -0.068943 0.531057 -0.550000
v 0.107834 0.354280 -0.550000
v -0.284610 1.022496 -0.525000
v 0.422496 0.315390 -0.525000
v -0.107834 0.845720 -0.525000
v 0.068943 0.668943 -0.525000
v 0.245720 0.492166 -0.525000
v 0.424264 0.317157 -0.527500
v -0.282843 1.024264 -0.527500
v 0.247487 0.493934 -0.527500
v 0.070711 0.670711 -0.527500
v -0.106066 0.847487 -0.527500
v 0.284611 0.177504 -0.525000
v -0.422496 0.884611 -0.525000
v 0.107834 0.354280 -0.525000
v -0.068943 0.531057 -0.525000
v -0.245720 0.707834 -0.525000
v -0.424264 0.882843 -0.527500
v 0.282843 0.175736 -0.527500
v -0.247487 0.706066 -0.527500
v -0.070711 0.529289 -0.527500
v 0.106066 0.352513 -0.527500
v -0.282843 1.024264 -0.547500
v 0.424264 0.317157 -0.547500
v -0.106066 0.847487 -0.547500
v 0.070711 0.670711 -0.547500
v 0.247487 0.493934 -0.547500
v -0.284610 1.022496 -0.550000
v 0.422496 0.315390 -0.550000
v -0.107834 0.845720 -0.550000
v 0.068943 0.668943 -0.550000
v 0.245720 0.492166 -0.550000
v 0.358553 0.251447 -0.550000
v -0.348553 0.958553 -0.550000
v 0.181777 0.428223 -0.550000
v 0.005000 0.605000 -0.550000
v -0.171777 0.781777 -0.550000
v 0.358553 0.251447 -0.525000
v -0.348553 0.958553 -0.525000
v 0.181777 0.428223 -0.525000
v 0.005000 0.605000 -0.525000
v -0.171777 0.781777 -0.525000
v -0.358553 0.948553 -0.525000
v 0.348553 0.241447 -0.525000
v -0.181777 0.771777 -0.525000
v -0.005000 0.595000 -0.525000
v 0.171777 0.418223 -0.525000
v 0.348553 0.241447 -0.550000
v -0.358553 0.948553 -0.550000
v 0.171777 0.418223 -0.550000
v -0.005000 0.595000 -0.550000
v -0.181777 0.771777 -0.550000
v -0.282843 0.052500 -0.424264
v 0.424264 0.052501 0.282843
v -0.106066 0.052500 -0.247487
v 0.070711 0.052500 -0.070711
v 0.247487 0.052501 0.106066
v 0.422496 0.050001 0.284610
v -0.284610 0.050000 -0.422496
v 0.245720 0.050001 0.107834
v 0.068943 0.050000 -0.068943
v -0.107834 0.050000 -0.245720
v 0.284611 0.075001 0.422496
v -0.422496 0.075000 -0.284610
v 0.107834 0.075000 0.245720
v -0.068943 0.075000 0.068943
v -0.245720 0.075000 -0.107834
v -0.424264 0.072500 -0.282843
v 0.282843 0.072501 0.424264
v -0.247487 0.072500 -0.106066
v -0.070711 0.072500 0.070711
v 0.106066 0.072500 0.247487
v -0.284610 0.075000 -0.422496
v 0.422496 0.075001 0.284611
v -0.107834 0.075000 -0.245720
v 0.068943 0.075000 -0.068943
v 0.245720 0.075001 0.107834
v 0.424264 0.072501 0.282843
v -0.282843 0.072500 -0.424264
v 0.247487 0.072501 0.106066
v 0.070711 0.072500 -0.070711
v -0.106066 0.072500 -0.247487
v 0.282843 0.052501 0.424264
v -0.424264 0.052500 -0.282843
v 0.106066 0.052500 0.247487
v -0.070711 0.052500 0.070711
v -0.247487 0.052500 -0.106066
v 0.284611 0.050001 0.422496
v -0.422496 0.050000 -0.284610
v 0.107834 0.050000 0.245720
v -0.068943 0.050000 0.068943
v -0.245720 0.050000 -0.107834
v -0.358553 0.050000 -0.348553
v 0.348554 0.050001 0.358553
v -0.181777 0.050000 -0.171777
v -0.005000 0.050000 0.005000
v 0.171777 0.050001 0.181777
v -0.358553 0.075000 -0.348553
v 0.348554 0.075001 0.358553
v -0.181777 0.075000 -0.171777
v -0.005000 0.075000 0.005000
v 0.171777 0.075001 0.181777
v 0.358553 0.075001 0.348553
v -0.348553 0.075000 -0.358553
v 0.181777 0.075001 0.171777
v 0.005000 0.075000 -0.005000
v -0.171777 0.075000 -0.181777
v -0.348553 0.050000 -0.358553
v 0.358553 0.050001 0.348553
v -0.171777 0.050000 -0.181777
v 0.005000 0.050000 -0.005000
v 0.181777 0.050001 0.171777
v 0.547500 0.175736 0.282843
v 0.547500 0.882843 -0.424264
v 0.547500 0.352513 0.106066
v 0.547500 0.529289 -0.070711
v 0.547500 0.706066 -0.247487
v 0.550000 0.884610 -0.422496
v 0.550000 0.177504 0.284611
v 0.550000 0.707834 -0.245720
v 0.550000 0.531057 -0.068943
v 0.550000 0.354280 0.107834
v 0.525000 1.022496 -0.284611
v 0.525000 0.315390 0.422496
v 0.525000 0.845720 -0.107834
v 0.525000 0.668943 0.068943
v 0.525000 0.492166 0.245720
v 0.527500 0.317157 0.424264
v 0.527500 1.024264 -0.282843
v 0.527500 0.493934 0.247487
v 0.527500 0.670711 0.070711
v 0.527500 0.847487 -0.106066
v 0.525000 0.177504 0.284611
v 0.525000 0.884610 -0.422496
v 0.525000 0.354280 0.107834
v 0.525000 0.531057 -0.068943
v 0.525000 0.707834 -0.245720
v 0.527500 0.882843 -0.424264
v 0.527500 0.175736 0.282843
v 0.527500 0.706066 -0.247487
v 0.527500 0.529289 -0.070711
v 0.527500 0.352513 0.106066
v 0.547500 1.024264 -0.282843
v 0.547500 0.317157 0.424264
v 0.547500 0.847487 -0.106066
v 0.547500 0.670711 0.070711
v 0.547500 0.493934 0.247487
v 0.550000 1.022496 -0.284610
v 0.550000 0.315390 0.422496
v 0.550000 0.845720 -0.107834
v 0.550000 0.668943 0.068943
v 0.550000 0.492166 0.245720
v 0.550000 0.251447 0.358553
v 0.550000 0.958553 -0.348553
v 0.550000 0.428223 0.181777
v 0.550000 0.605000 0.005000
v 0.550000 0.781777 -0.171777
v 0.525000 0.251447 0.358553
v 0.525000 0.958553 -0.348553
v 0.525000 0.428223 0.181777
v 0.525000 0.605000 0.005000
v 0.525000 0.781777 -0.171777
v 0.525000 0.948553 -0.358553
v 0.525000 0.241447 0.348553
v 0.525000 0.771777 -0.181777
v 0.525000 0.595000 -0.005000
v 0.525000 0.418223 0.171777
v 0.550000 0.241447 0.348553
v 0.550000 0.948553 -0.358553
v 0.550000 0.418223 0.171777
v 0.550000 0.595000 -0.005000
v 0.550000 0.771777 -0.181777
vn -0.0000 -0.0000 -1.0000
vn -0.0000 1.0000 -0.0000
vn 1.0000 -0.0000 -0.0000
vn -0.0000 -1.0000 -0.0000
vn -0.0000 -0.0000 1.0000
vn -0.0000 -0.7071 -0.7071
vn -0.0000 -0.7071 0.7071
vn -0.0000 0.7071 0.7071
vn -0.0000 0.7071 -0.7071
vn -1.0000 -0.0000 -0.0000
vn 0.7071 0.5000 0.5000
vn -0.7071 0.5000 0.5000
vn 0.7071 0.5000 -0.5000
vn -0.7071 0.5000 -0.5000
vn -0.7071 -0.5000 -0.5000
vn 0.7071 -0.5000 -0.5000
vn 0.7071 -0.5000 0.5000
vn -0.7071 -0.5000 0.5000
vn -0.7071 0.7071 -0.0000
vn 0.7071 0.7071 -0.0000
vn -0.7071 -0.7071 -0.0000
vn -0.7071 -0.0000 0.7071
vn -0.7071 -0.0000 -0.7071
vn 0.7071 -0.0000 0.7071
vn 0.7071 -0.7071 -0.0000
vn 0.7071 -0.0000 -0.7071
vn -0.5000 0.5000 0.7071
vn -0.5000 0.5000 -0.7071
vn 0.5000 0.5000 0.7071
vn 0.5000 0.5000 -0.7071
vn 0.5000 -0.5000 -0.7071
vn 0.5000 -0.5000 0.7071
vn -0.5000 -0.5000 0.7071
vn -0.5000 -0.5000 -0.7071
vn 0.5000 -0.7071 -0.5000
vn -0.4515 0.4515 -0.7696
vn -0.4515 0.4515 0.7696
vn 0.4515 -0.4515 0.7696
vn -0.0000 -0.7601 0.6498
vn -0.0000 0.7601 -0.6498
vn 0.7601 -0.0000 -0.6498
vn 0.7601 -0.0000 0.6498
vn -0.7601 -0.0000 0.6498
vn -0.0000 0.7601 0.6498
vn -0.7601 -0.0000 -0.6498
vn -0.0000 -0.7601 -0.6498
vn 0.4515 -0.4515 -0.7696
vn 0.5000 0.7071 -0.5000
vn -0.5000 -0.7071 -0.5000
vn -0.5000 0.7071 -0.5000
vn -0.5000 0.7071 0.5000
vn -0.5000 -0.7071 0.5000
vn 0.5000 -0.7071 0.5000
vn 0.5000 0.7071 0.5000
vn 0.7696 0.4515 -0.4515
vn -0.7696 0.4515 -0.4515
vn -0.7696 -0.4515 0.4515
vn -0.6498 -0.7601 -0.0000
vn 0.6499 0.7600 -0.0000
vn 0.6498 -0.0000 0.7601
vn -0.6498 -0.0000 0.7601
vn -0.6498 -0.0000 -0.7601
vn -0.6499 0.7601 -0.0000
vn 0.6498 -0.0000 -0.7601
vn 0.6498 -0.7601 -0.0000
vn 0.7696 -0.4515 0.4515
vn 0.4515 0.4515 0.7696
vn 0.4515 0.4515 -0.7696
vn -0.4515 -0.4515 -0.7696
vn -0.0000 0.7601 -0.6499
vn -0.4515 -0.4515 0.7696
vn -0.7696 0.4515 0.4515
vn 0.7696 0.4515 0.4515
vn 0.7695 -0.4515 -0.4516
vn -0.6499 0.7600 -0.0000
vn -0.6499 -0.0000 -0.7601
vn 0.6499 -0.0000 -0.7601
vn -0.7696 -0.4515 -0.4515
vn -0.4515 0.7695 0.4516
vn -0.4515 -0.7696 0.4515
vn 0.4516 -0.7695 -0.4516
vn -0.0000 -0.6498 -0.7601
vn -0.0000 0.6498 0.7601
vn 0.7601 0.6498 -0.0000
vn 0.7601 -0.6498 -0.0000
vn -0.7601 -0.6498 -0.0000
vn -0.0000 -0.6498 0.7601
vn -0.7601 0.6498 -0.0000
vn -0.0000 0.6498 -0.7601
vn 0.4515 0.7696 -0.4515
vn 0.4516 -0.7695 0.4515
vn 0.4516 0.7695 0.4516
vn -0.4515 0.7696 -0.4515
vn -0.4515 -0.7696 -0.4515
vn -0.4077 -0.8170 0.4077
vn 0.4077 -0.8170 0.4077
vn 0.4078 0.8170 0.4077
vn -0.4078 0.8170 0.4077
vn -0.4077 -0.8170 -0.4077
vn -0.4078 0.8170 -0.4077
vn 0.4077 -0.8170 -0.4077
vn 0.4078 0.8170 -0.4077
vn -0.4078 0.8170 0.4078
vn 0.4078 0.8170 -0.4078
vn 0.4078 0.8170 0.4078
vt 0.058002 0.662967
vt 0.230572 0.662968
vt 0.230572 0.676342
vt 0.058002 0.676342
vt 0.058002 0.648373
vt 0.230572 0.648373
vt 0.230572 0.661747
vt 0.058002 0.661747
vt 0.944029 0.901343
vt 0.943320 0.900633
vt 0.943320 0.889633
vt 0.944029 0.888923
vt 0.058002 0.677562
vt 0.230572 0.677562
vt 0.230572 0.690936
vt 0.058002 0.690936
vt 0.058002 0.633778
vt 0.230572 0.633778
vt 0.230572 0.647153
vt 0.058002 0.647153
vt 0.058002 0.632558
vt 0.230572 0.632558
vt 0.970349 0.861061
vt 0.969639 0.861771
vt 0.958639 0.861771
vt 0.957930 0.861061
vt 0.969639 0.849352
vt 0.970349 0.850061
vt 0.957930 0.850061
vt 0.958639 0.849352
vt 0.955739 0.900633
vt 0.955029 0.901343
vt 0.955029 0.888923
vt 0.955739 0.889633
vt 0.814719 0.360465
vt 0.814719 0.326813
vt 0.815329 0.327423
vt 0.815329 0.359854
vt 0.439582 0.378499
vt 0.439839 0.410417
vt 0.436528 0.409779
vt 0.436159 0.379017
vt 0.249729 0.377071
vt 0.253863 0.377728
vt 0.253158 0.378991
vt 0.249816 0.378412
vt 0.435395 0.377825
vt 0.439625 0.377071
vt 0.814898 0.326203
vt 0.644053 0.326203
vt 0.644053 0.322752
vt 0.814898 0.322752
vt 0.814898 0.361075
vt 0.814898 0.364526
vt 0.644053 0.364526
vt 0.644053 0.361075
vt 0.434974 0.378520
vt 0.435561 0.379204
vt 0.435941 0.409621
vt 0.435359 0.410343
vt 0.250199 0.409941
vt 0.253581 0.409365
vt 0.254335 0.410541
vt 0.250185 0.411365
vt 0.435802 0.411038
vt 0.440511 0.410413
vt 0.440620 0.411440
vt 0.439917 0.411730
vt 0.440369 0.377394
vt 0.440233 0.378487
vt 0.249160 0.378426
vt 0.248978 0.377390
vt 0.254310 0.378429
vt 0.253741 0.379182
vt 0.254170 0.409142
vt 0.254750 0.409846
vt 0.249388 0.411038
vt 0.249563 0.409948
vt 0.644232 0.326813
vt 0.644232 0.360465
vt 0.643622 0.327423
vt 0.643622 0.359854
vt 0.989251 0.475067
vt 0.989251 0.441416
vt 0.989861 0.442026
vt 0.989861 0.474457
vt 0.640127 0.551258
vt 0.640377 0.582836
vt 0.637098 0.582206
vt 0.636751 0.551772
vt 0.450736 0.549746
vt 0.454891 0.550346
vt 0.454147 0.551632
vt 0.450822 0.551025
vt 0.635998 0.550601
vt 0.640168 0.549849
vt 0.989430 0.440806
vt 0.818585 0.440806
vt 0.818585 0.437355
vt 0.989430 0.437355
vt 0.989430 0.475678
vt 0.989430 0.479129
vt 0.818585 0.479129
vt 0.818585 0.475678
vt 0.635582 0.551279
vt 0.636161 0.551955
vt 0.636516 0.582050
vt 0.635939 0.582764
vt 0.450935 0.583001
vt 0.454394 0.582445
vt 0.455139 0.583629
vt 0.450904 0.584495
vt 0.636380 0.583455
vt 0.641042 0.582832
vt 0.641151 0.583848
vt 0.640455 0.584136
vt 0.640904 0.550166
vt 0.640770 0.551246
vt 0.450194 0.551030
vt 0.450064 0.550042
vt 0.455350 0.551060
vt 0.454760 0.551796
vt 0.454972 0.582227
vt 0.455552 0.582934
vt 0.450064 0.584155
vt 0.450244 0.583005
vt 0.818763 0.441416
vt 0.818763 0.475067
vt 0.818153 0.442026
vt 0.818153 0.474457
vt 0.814719 0.185523
vt 0.814719 0.151871
vt 0.815329 0.152482
vt 0.815329 0.184913
vt 0.833886 0.886992
vt 0.833946 0.918421
vt 0.830688 0.917780
vt 0.830497 0.887498
vt 0.644455 0.884921
vt 0.648598 0.885529
vt 0.647868 0.886806
vt 0.644539 0.886201
vt 0.829759 0.886326
vt 0.833921 0.885570
vt 0.814898 0.151261
vt 0.644053 0.151261
vt 0.644053 0.147810
vt 0.814898 0.147810
vt 0.814898 0.186133
vt 0.814898 0.189584
vt 0.644053 0.189584
vt 0.644053 0.186133
vt 0.829341 0.887007
vt 0.829910 0.887714
vt 0.830109 0.917621
vt 0.829532 0.918330
vt 0.644602 0.918341
vt 0.648062 0.917783
vt 0.648834 0.918983
vt 0.644559 0.919822
vt 0.829967 0.919020
vt 0.834607 0.918421
vt 0.834711 0.919432
vt 0.834017 0.919715
vt 0.834711 0.885908
vt 0.834521 0.886994
vt 0.643908 0.886205
vt 0.643781 0.885215
vt 0.649048 0.886241
vt 0.648459 0.886967
vt 0.648667 0.917597
vt 0.649256 0.918287
vt 0.643776 0.919497
vt 0.643900 0.918354
vt 0.644232 0.151872
vt 0.644232 0.185523
vt 0.643622 0.152482
vt 0.643622 0.184913
vt 0.989251 0.650009
vt 0.989251 0.616358
vt 0.989861 0.616968
vt 0.989861 0.649399
vt 0.640353 0.037925
vt 0.640764 0.069342
vt 0.637494 0.068739
vt 0.636995 0.038452
vt 0.450737 0.036411
vt 0.454898 0.037012
vt 0.454153 0.038300
vt 0.450823 0.037692
vt 0.636240 0.037289
vt 0.640387 0.036523
vt 0.989430 0.615748
vt 0.818585 0.615748
vt 0.818585 0.612296
vt 0.989430 0.612296
vt 0.989430 0.650619
vt 0.989430 0.654071
vt 0.818585 0.654071
vt 0.818585 0.650619
vt 0.635828 0.037966
vt 0.636408 0.038637
vt 0.636913 0.068548
vt 0.636349 0.069294
vt 0.450936 0.069715
vt 0.454401 0.069158
vt 0.455147 0.070344
vt 0.450905 0.071212
vt 0.636791 0.069990
vt 0.641425 0.069334
vt 0.641541 0.070345
vt 0.640850 0.070635
vt 0.641121 0.036836
vt 0.640993 0.037911
vt 0.450194 0.037697
vt 0.450064 0.036708
vt 0.455357 0.037727
vt 0.454767 0.038464
vt 0.454979 0.068940
vt 0.455560 0.069647
vt 0.450064 0.070871
vt 0.450245 0.069719
vt 0.818764 0.616358
vt 0.818764 0.650009
vt 0.818153 0.616968
vt 0.818153 0.649399
vt 0.989251 0.168919
vt 0.989251 0.135268
vt 0.989861 0.135878
vt 0.989861 0.168309
vt 0.439536 0.488895
vt 0.439852 0.520319
vt 0.436583 0.519706
vt 0.436175 0.489412
vt 0.249747 0.486788
vt 0.253987 0.487481
vt 0.253237 0.488780
vt 0.249829 0.488159
vt 0.435424 0.488246
vt 0.439574 0.487492
vt 0.989430 0.134658
vt 0.818585 0.134658
vt 0.818585 0.131206
vt 0.989430 0.131206
vt 0.989430 0.169529
vt 0.989430 0.172981
vt 0.818585 0.172981
vt 0.818585 0.169529
vt 0.435010 0.488922
vt 0.435588 0.489595
vt 0.436003 0.519513
vt 0.435436 0.520257
vt 0.250115 0.520175
vt 0.253530 0.519614
vt 0.254271 0.520792
vt 0.250095 0.521612
vt 0.435877 0.520954
vt 0.440513 0.520313
vt 0.440626 0.521324
vt 0.439934 0.521612
vt 0.440307 0.487807
vt 0.440176 0.488882
vt 0.249161 0.488171
vt 0.248978 0.487112
vt 0.254447 0.488200
vt 0.253854 0.488944
vt 0.254105 0.519396
vt 0.254684 0.520099
vt 0.249291 0.521280
vt 0.249470 0.520180
vt 0.818763 0.135268
vt 0.818763 0.168919
vt 0.818153 0.135878
vt 0.818153 0.168309
vt 0.644232 0.764168
vt 0.644232 0.797819
vt 0.643622 0.797209
vt 0.643622 0.764778
vt 0.640675 0.147984
vt 0.640680 0.179885
vt 0.637419 0.179238
vt 0.637212 0.148492
vt 0.450820 0.146507
vt 0.455010 0.147141
vt 0.454291 0.148428
vt 0.450917 0.147859
vt 0.636447 0.147293
vt 0.640730 0.146507
vt 0.644053 0.798430
vt 0.814898 0.798430
vt 0.814898 0.801881
vt 0.644053 0.801881
vt 0.644053 0.763558
vt 0.644053 0.760107
vt 0.814898 0.760107
vt 0.814898 0.763558
vt 0.636024 0.147990
vt 0.636611 0.148676
vt 0.636834 0.179079
vt 0.636254 0.179795
vt 0.451621 0.179498
vt 0.454967 0.178917
vt 0.455718 0.180074
vt 0.451605 0.180898
vt 0.636694 0.180486
vt 0.641304 0.179886
vt 0.641418 0.180863
vt 0.640750 0.181146
vt 0.641507 0.146838
vt 0.641373 0.147976
vt 0.450257 0.147880
vt 0.450064 0.146836
vt 0.455470 0.147847
vt 0.454901 0.148621
vt 0.455536 0.178731
vt 0.456121 0.179389
vt 0.450866 0.180596
vt 0.450978 0.179520
vt 0.814719 0.797819
vt 0.814719 0.764168
vt 0.815329 0.797209
vt 0.815329 0.764778
vt 0.818763 0.572623
vt 0.818763 0.606274
vt 0.818153 0.605664
vt 0.818153 0.573233
vt 0.250017 0.446923
vt 0.249760 0.415005
vt 0.253070 0.415643
vt 0.253439 0.446404
vt 0.439869 0.448350
vt 0.435736 0.447693
vt 0.436441 0.446431
vt 0.439783 0.447010
vt 0.254203 0.447597
vt 0.249974 0.448350
vt 0.818585 0.606884
vt 0.989430 0.606884
vt 0.989430 0.610335
vt 0.818585 0.610335
vt 0.818585 0.572012
vt 0.818585 0.568561
vt 0.989430 0.568561
vt 0.989430 0.572012
vt 0.254625 0.446901
vt 0.254038 0.446217
vt 0.253658 0.415800
vt 0.254240 0.415079
vt 0.439400 0.415481
vt 0.436018 0.416056
vt 0.435264 0.414881
vt 0.439413 0.414056
vt 0.253797 0.414384
vt 0.249088 0.415009
vt 0.248978 0.413982
vt 0.249682 0.413691
vt 0.249230 0.448027
vt 0.249366 0.446934
vt 0.440439 0.446995
vt 0.440621 0.448031
vt 0.435289 0.446993
vt 0.435858 0.446239
vt 0.435429 0.416280
vt 0.434849 0.415576
vt 0.440211 0.414384
vt 0.440036 0.415474
vt 0.989251 0.606274
vt 0.989251 0.572622
vt 0.989861 0.605664
vt 0.989861 0.573233
vt 0.814719 0.229258
vt 0.814719 0.195607
vt 0.815329 0.196217
vt 0.815329 0.228648
vt 0.640543 0.075238
vt 0.640714 0.106667
vt 0.637417 0.106018
vt 0.637179 0.075726
vt 0.450795 0.073173
vt 0.454975 0.073825
vt 0.454225 0.075114
vt 0.450866 0.074486
vt 0.636443 0.074553
vt 0.640592 0.073837
vt 0.814898 0.194997
vt 0.644053 0.194997
vt 0.644053 0.191545
vt 0.814898 0.191545
vt 0.814898 0.229868
vt 0.814898 0.233320
vt 0.644053 0.233320
vt 0.644053 0.229868
vt 0.636024 0.075234
vt 0.636593 0.075941
vt 0.636837 0.105860
vt 0.636258 0.106573
vt 0.450978 0.106504
vt 0.454441 0.105952
vt 0.455184 0.107138
vt 0.450946 0.107999
vt 0.636695 0.107264
vt 0.641367 0.106660
vt 0.641533 0.107694
vt 0.640780 0.107999
vt 0.641321 0.074157
vt 0.641183 0.075229
vt 0.450244 0.074496
vt 0.450064 0.073488
vt 0.455432 0.074542
vt 0.454840 0.075279
vt 0.455019 0.105735
vt 0.455599 0.106443
vt 0.450106 0.107658
vt 0.450287 0.106508
vt 0.644232 0.195607
vt 0.644232 0.229258
vt 0.643622 0.196217
vt 0.643622 0.228648
vt 0.814719 0.404200
vt 0.814719 0.370549
vt 0.815329 0.371159
vt 0.815329 0.403590
vt 0.640514 0.367800
vt 0.640558 0.399257
vt 0.637337 0.398622
vt 0.637106 0.368294
vt 0.450869 0.366349
vt 0.454992 0.366956
vt 0.454265 0.368227
vt 0.450951 0.367623
vt 0.636365 0.367115
vt 0.640570 0.366349
vt 0.814898 0.369939
vt 0.644053 0.369939
vt 0.644053 0.366487
vt 0.814898 0.366487
vt 0.814898 0.404810
vt 0.814898 0.408262
vt 0.644053 0.408262
vt 0.644053 0.404810
vt 0.635945 0.367799
vt 0.636518 0.368510
vt 0.636760 0.398464
vt 0.636184 0.399170
vt 0.450942 0.399636
vt 0.454422 0.399075
vt 0.455185 0.400276
vt 0.450908 0.401139
vt 0.636621 0.399858
vt 0.641174 0.399256
vt 0.641288 0.400221
vt 0.640629 0.400501
vt 0.641334 0.366674
vt 0.641202 0.367792
vt 0.450323 0.367626
vt 0.450198 0.366641
vt 0.455441 0.367665
vt 0.454853 0.368388
vt 0.455023 0.398853
vt 0.455607 0.399574
vt 0.450064 0.400794
vt 0.450250 0.399638
vt 0.644232 0.370549
vt 0.644232 0.404200
vt 0.643622 0.371159
vt 0.643622 0.403590
vt 0.814719 0.447936
vt 0.814719 0.414284
vt 0.815329 0.414894
vt 0.815329 0.447325
vt 0.640536 0.111621
vt 0.640753 0.143244
vt 0.637470 0.142609
vt 0.637154 0.112132
vt 0.450765 0.109960
vt 0.454919 0.110580
vt 0.454205 0.111859
vt 0.450859 0.111279
vt 0.636401 0.110959
vt 0.640579 0.110210
vt 0.814898 0.413674
vt 0.644053 0.413674
vt 0.644053 0.410223
vt 0.814898 0.410223
vt 0.814898 0.448546
vt 0.814898 0.451997
vt 0.644053 0.451997
vt 0.644053 0.448546
vt 0.635984 0.111637
vt 0.636563 0.112315
vt 0.636887 0.142452
vt 0.636309 0.143167
vt 0.451111 0.143108
vt 0.454525 0.142535
vt 0.455283 0.143720
vt 0.451094 0.144546
vt 0.636749 0.143859
vt 0.641419 0.143241
vt 0.641527 0.144259
vt 0.640830 0.144546
vt 0.641315 0.110529
vt 0.641180 0.111610
vt 0.450187 0.111287
vt 0.450064 0.110260
vt 0.455370 0.111297
vt 0.454793 0.112055
vt 0.455120 0.142311
vt 0.455702 0.143022
vt 0.450290 0.144213
vt 0.450469 0.143113
vt 0.644232 0.414284
vt 0.644232 0.447936
vt 0.643622 0.414894
vt 0.643622 0.447325
vt 0.989251 0.518803
vt 0.989251 0.485152
vt 0.989861 0.485762
vt 0.989861 0.518193
vt 0.640488 0.184739
vt 0.640687 0.216360
vt 0.637405 0.215724
vt 0.637106 0.185249
vt 0.450731 0.183107
vt 0.454874 0.183674
vt 0.454145 0.184963
vt 0.450825 0.184381
vt 0.636353 0.184075
vt 0.640531 0.183328
vt 0.989430 0.484541
vt 0.818585 0.484542
vt 0.818585 0.481090
vt 0.989430 0.481090
vt 0.989430 0.519413
vt 0.989430 0.522864
vt 0.818585 0.522864
vt 0.818585 0.519413
vt 0.635936 0.184753
vt 0.636515 0.185431
vt 0.636822 0.215567
vt 0.636243 0.216282
vt 0.451118 0.216205
vt 0.454532 0.215655
vt 0.455273 0.216832
vt 0.451081 0.217663
vt 0.636683 0.216974
vt 0.641353 0.216358
vt 0.641460 0.217376
vt 0.640763 0.217663
vt 0.641268 0.183648
vt 0.641132 0.184729
vt 0.450200 0.184390
vt 0.450064 0.183406
vt 0.455335 0.184394
vt 0.454756 0.185164
vt 0.455105 0.215437
vt 0.455685 0.216138
vt 0.450308 0.217347
vt 0.450425 0.216221
vt 0.818763 0.485152
vt 0.818763 0.518803
vt 0.818153 0.485762
vt 0.818153 0.518193
vt 0.989251 0.212655
vt 0.989251 0.179003
vt 0.989861 0.179614
vt 0.989861 0.212045
vt 0.439808 0.561458
vt 0.440232 0.593216
vt 0.436931 0.592605
vt 0.436404 0.561990
vt 0.249731 0.560037
vt 0.253870 0.560695
vt 0.253164 0.561959
vt 0.249818 0.561379
vt 0.435638 0.560806
vt 0.439845 0.560037
vt 0.989430 0.178393
vt 0.818585 0.178393
vt 0.818585 0.174942
vt 0.989430 0.174942
vt 0.989430 0.213265
vt 0.989430 0.216716
vt 0.818585 0.216716
vt 0.818585 0.213265
vt 0.435220 0.561501
vt 0.435809 0.562179
vt 0.436345 0.592412
vt 0.435775 0.593166
vt 0.250203 0.592955
vt 0.253590 0.592378
vt 0.254346 0.593555
vt 0.250189 0.594382
vt 0.436221 0.593866
vt 0.440901 0.593208
vt 0.441017 0.594228
vt 0.440319 0.594522
vt 0.440587 0.560355
vt 0.440456 0.561443
vt 0.249161 0.561394
vt 0.248978 0.560356
vt 0.254317 0.561396
vt 0.253747 0.562151
vt 0.254180 0.592154
vt 0.254761 0.592859
vt 0.249391 0.594054
vt 0.249566 0.592962
vt 0.818763 0.179003
vt 0.818763 0.212655
vt 0.818153 0.179614
vt 0.818153 0.212045
vt 0.644232 0.807904
vt 0.644232 0.841555
vt 0.643622 0.840945
vt 0.643622 0.808514
vt 0.249932 0.556605
vt 0.249720 0.524829
vt 0.252975 0.525448
vt 0.253382 0.556081
vt 0.440163 0.558076
vt 0.435986 0.557432
vt 0.436708 0.556149
vt 0.440070 0.556727
vt 0.254147 0.557275
vt 0.249885 0.558076
vt 0.644053 0.842165
vt 0.814898 0.842165
vt 0.814898 0.845616
vt 0.644053 0.845616
vt 0.644053 0.807294
vt 0.644053 0.803842
vt 0.814898 0.803842
vt 0.814898 0.807293
vt 0.254568 0.556578
vt 0.253980 0.555895
vt 0.253559 0.525643
vt 0.254129 0.524896
vt 0.439520 0.525157
vt 0.436151 0.525735
vt 0.435412 0.524574
vt 0.439529 0.523737
vt 0.253686 0.524198
vt 0.249098 0.524833
vt 0.248978 0.523860
vt 0.249641 0.523574
vt 0.249110 0.557751
vt 0.249237 0.556617
vt 0.440729 0.556709
vt 0.440917 0.557751
vt 0.435529 0.556725
vt 0.436100 0.555954
vt 0.435585 0.525955
vt 0.435006 0.525264
vt 0.440324 0.524060
vt 0.440156 0.525147
vt 0.814719 0.841555
vt 0.814719 0.807904
vt 0.815329 0.840945
vt 0.815329 0.808514
vt 0.818763 0.660093
vt 0.818763 0.693745
vt 0.818153 0.693134
vt 0.818153 0.660703
vt 0.833436 0.849818
vt 0.833916 0.881637
vt 0.830565 0.881050
vt 0.830068 0.850385
vt 0.644442 0.848399
vt 0.648531 0.849003
vt 0.647813 0.850258
vt 0.644525 0.849664
vt 0.829319 0.849220
vt 0.833460 0.848409
vt 0.818585 0.694355
vt 0.989430 0.694355
vt 0.989430 0.697806
vt 0.818585 0.697806
vt 0.818585 0.659483
vt 0.818585 0.656032
vt 0.989430 0.656032
vt 0.989430 0.659483
vt 0.828912 0.849905
vt 0.829496 0.850569
vt 0.829954 0.880893
vt 0.829373 0.881633
vt 0.644647 0.881493
vt 0.648077 0.880935
vt 0.648843 0.882125
vt 0.644607 0.882960
vt 0.829831 0.882333
vt 0.834588 0.881626
vt 0.834715 0.882657
vt 0.834012 0.882960
vt 0.834201 0.848717
vt 0.834083 0.849800
vt 0.643901 0.849668
vt 0.643776 0.848690
vt 0.648977 0.849695
vt 0.648397 0.850415
vt 0.648676 0.880749
vt 0.649262 0.881432
vt 0.643831 0.882639
vt 0.643952 0.881506
vt 0.989251 0.693745
vt 0.989251 0.660093
vt 0.989861 0.693134
vt 0.989861 0.660703
vt 0.015609 0.037713
vt 0.034000 0.037713
vt 0.034000 0.038323
vt 0.015517 0.038323
vt 0.232988 0.929649
vt 0.240021 0.943997
vt 0.214052 0.944151
vt 0.215097 0.927758
vt 0.225055 0.003451
vt 0.206571 0.003451
vt 0.206571 0.000000
vt 0.225055 0.000000
vt 0.013976 0.962736
vt 0.007250 0.946621
vt 0.009606 0.946541
vt 0.016800 0.961449
vt 0.034972 0.927787
vt 0.036016 0.944272
vt 0.010006 0.944981
vt 0.016956 0.929775
vt 0.242841 0.945583
vt 0.236400 0.962678
vt 0.233435 0.961337
vt 0.240549 0.945537
vt 0.236072 0.927834
vt 0.242827 0.943935
vt 0.240471 0.944019
vt 0.233250 0.929126
vt 0.215129 0.849924
vt 0.233243 0.851951
vt 0.232979 0.852474
vt 0.215094 0.850554
vt 0.007239 0.944973
vt 0.013711 0.927895
vt 0.016672 0.929241
vt 0.009531 0.945024
vt 0.000000 0.019667
vt 0.034000 0.019667
vt 0.034000 0.022107
vt 0.000000 0.022107
vt 0.240571 0.022107
vt 0.224963 0.037713
vt 0.206571 0.037713
vt 0.206571 0.022107
vt 0.034000 0.041774
vt 0.015517 0.041774
vt 0.224963 0.004062
vt 0.240571 0.019667
vt 0.206571 0.019667
vt 0.206571 0.004062
vt 0.215170 0.963453
vt 0.215133 0.962820
vt 0.233150 0.960803
vt 0.240073 0.945581
vt 0.243247 0.943698
vt 0.243323 0.945804
vt 0.006830 0.946857
vt 0.006757 0.944751
vt 0.013207 0.927911
vt 0.010056 0.946564
vt 0.017063 0.960927
vt 0.013494 0.962735
vt 0.236553 0.927834
vt 0.236904 0.962660
vt 0.214067 0.946340
vt 0.814719 0.272994
vt 0.814719 0.239342
vt 0.815329 0.239953
vt 0.815329 0.272384
vt 0.638817 0.845188
vt 0.639094 0.876872
vt 0.635807 0.876241
vt 0.635421 0.845705
vt 0.450392 0.843056
vt 0.454696 0.843845
vt 0.453934 0.845043
vt 0.450451 0.844542
vt 0.634664 0.844522
vt 0.638860 0.843772
vt 0.814898 0.238732
vt 0.644053 0.238732
vt 0.644053 0.235281
vt 0.814898 0.235281
vt 0.814898 0.273604
vt 0.814898 0.277055
vt 0.644053 0.277055
vt 0.644053 0.273604
vt 0.634244 0.845211
vt 0.634828 0.845890
vt 0.635223 0.876085
vt 0.634646 0.876803
vt 0.450659 0.876729
vt 0.454094 0.876159
vt 0.454839 0.877340
vt 0.450641 0.878176
vt 0.635087 0.877492
vt 0.639761 0.876868
vt 0.639870 0.877887
vt 0.639172 0.878176
vt 0.639598 0.844092
vt 0.639463 0.845177
vt 0.449747 0.844536
vt 0.449610 0.843390
vt 0.455121 0.844527
vt 0.454539 0.845222
vt 0.454674 0.875941
vt 0.455254 0.876648
vt 0.449831 0.877842
vt 0.450010 0.876735
vt 0.644232 0.239342
vt 0.644232 0.272994
vt 0.643622 0.239953
vt 0.643622 0.272384
vt 0.814719 0.491671
vt 0.814719 0.458020
vt 0.815329 0.458630
vt 0.815329 0.491061
vt 0.440112 0.706997
vt 0.440424 0.738742
vt 0.437092 0.738100
vt 0.436720 0.707515
vt 0.249701 0.705581
vt 0.253813 0.706214
vt 0.253074 0.707485
vt 0.249773 0.706872
vt 0.435962 0.706339
vt 0.440152 0.705581
vt 0.814898 0.457410
vt 0.644053 0.457410
vt 0.644053 0.453958
vt 0.814898 0.453958
vt 0.814898 0.492281
vt 0.814898 0.495733
vt 0.644053 0.495733
vt 0.644053 0.492281
vt 0.435545 0.707021
vt 0.436127 0.707700
vt 0.436505 0.737943
vt 0.435924 0.738663
vt 0.249799 0.738342
vt 0.253105 0.737701
vt 0.253824 0.738960
vt 0.249730 0.739676
vt 0.436366 0.739360
vt 0.441084 0.738733
vt 0.441255 0.739776
vt 0.440495 0.740088
vt 0.440892 0.705900
vt 0.440758 0.706985
vt 0.249161 0.706882
vt 0.248984 0.705892
vt 0.254264 0.706927
vt 0.253678 0.707650
vt 0.253686 0.737501
vt 0.254264 0.738246
vt 0.248978 0.739369
vt 0.249145 0.738335
vt 0.644232 0.458020
vt 0.644232 0.491671
vt 0.643622 0.458630
vt 0.643622 0.491061
vt 0.989251 0.387597
vt 0.989251 0.353945
vt 0.989861 0.354555
vt 0.989861 0.386986
vt 0.440187 0.743475
vt 0.440690 0.775368
vt 0.437372 0.774763
vt 0.436769 0.744019
vt 0.249633 0.742661
vt 0.253683 0.743241
vt 0.252957 0.744494
vt 0.249718 0.743909
vt 0.435998 0.742831
vt 0.440220 0.742049
vt 0.989430 0.353335
vt 0.818585 0.353335
vt 0.818585 0.349884
vt 0.989430 0.349884
vt 0.989430 0.388207
vt 0.989430 0.391658
vt 0.818585 0.391658
vt 0.818585 0.388207
vt 0.435580 0.743530
vt 0.436172 0.744210
vt 0.436783 0.774570
vt 0.436213 0.775328
vt 0.249791 0.775132
vt 0.253077 0.774488
vt 0.253794 0.775739
vt 0.249726 0.776457
vt 0.436662 0.776031
vt 0.441362 0.775359
vt 0.441481 0.776384
vt 0.440781 0.776680
vt 0.440966 0.742366
vt 0.440837 0.743459
vt 0.249105 0.743914
vt 0.248978 0.742950
vt 0.254130 0.743937
vt 0.253554 0.744655
vt 0.253654 0.774287
vt 0.254230 0.775027
vt 0.248978 0.776154
vt 0.249142 0.775127
vt 0.818764 0.353945
vt 0.818764 0.387596
vt 0.818153 0.354555
vt 0.818153 0.386986
vt 0.430220 0.820997
vt 0.430220 0.787345
vt 0.430830 0.787955
vt 0.430830 0.820386
vt 0.638797 0.807569
vt 0.638917 0.839628
vt 0.635486 0.839090
vt 0.635369 0.808089
vt 0.450278 0.806139
vt 0.454410 0.806734
vt 0.453671 0.808013
vt 0.450364 0.807411
vt 0.634609 0.806903
vt 0.638840 0.806139
vt 0.430399 0.786735
vt 0.259554 0.786735
vt 0.259554 0.783284
vt 0.430399 0.783284
vt 0.430399 0.821607
vt 0.430399 0.825058
vt 0.259554 0.825058
vt 0.259554 0.821607
vt 0.634187 0.807582
vt 0.634769 0.808271
vt 0.634907 0.838915
vt 0.634330 0.839590
vt 0.450483 0.839203
vt 0.453922 0.838650
vt 0.454661 0.839827
vt 0.450453 0.840688
vt 0.634742 0.840264
vt 0.639616 0.839638
vt 0.639739 0.840773
vt 0.638962 0.841095
vt 0.639587 0.806463
vt 0.639451 0.807559
vt 0.449739 0.807416
vt 0.449610 0.806434
vt 0.454866 0.807445
vt 0.454280 0.808177
vt 0.454496 0.838434
vt 0.455073 0.839137
vt 0.449618 0.840350
vt 0.449797 0.839207
vt 0.259732 0.787345
vt 0.259732 0.820997
vt 0.259122 0.787955
vt 0.259122 0.820386
vt 0.430220 0.995938
vt 0.430220 0.962287
vt 0.430830 0.962897
vt 0.430830 0.995328
vt 0.639034 0.918831
vt 0.639315 0.950745
vt 0.635853 0.950252
vt 0.635663 0.919382
vt 0.450503 0.917423
vt 0.454565 0.918080
vt 0.453836 0.919335
vt 0.450573 0.918685
vt 0.634929 0.918220
vt 0.639064 0.917423
vt 0.430399 0.961677
vt 0.259554 0.961677
vt 0.259554 0.958225
vt 0.430399 0.958225
vt 0.430399 0.996549
vt 0.430399 1.000000
vt 0.259554 1.000000
vt 0.259554 0.996548
vt 0.634519 0.918897
vt 0.635091 0.919596
vt 0.635252 0.950075
vt 0.634674 0.950766
vt 0.450495 0.950545
vt 0.453983 0.950035
vt 0.454737 0.951236
vt 0.450448 0.952046
vt 0.635098 0.951446
vt 0.640013 0.950749
vt 0.640152 0.951886
vt 0.639376 0.952220
vt 0.639804 0.917734
vt 0.639682 0.918816
vt 0.449949 0.918684
vt 0.449836 0.917706
vt 0.455006 0.918784
vt 0.454421 0.919497
vt 0.454582 0.949816
vt 0.455162 0.950538
vt 0.449610 0.951693
vt 0.449805 0.950542
vt 0.259732 0.962287
vt 0.259732 0.995938
vt 0.259122 0.962897
vt 0.259122 0.995328
vt 0.814719 0.098052
vt 0.814719 0.064401
vt 0.815329 0.065011
vt 0.815329 0.097442
vt 0.440221 0.634403
vt 0.440431 0.666040
vt 0.437160 0.665407
vt 0.436786 0.634910
vt 0.249733 0.632937
vt 0.253915 0.633579
vt 0.253195 0.634865
vt 0.249826 0.634287
vt 0.436034 0.633716
vt 0.440274 0.632940
vt 0.814898 0.063790
vt 0.644053 0.063790
vt 0.644053 0.060339
vt 0.814898 0.060339
vt 0.814898 0.098662
vt 0.814898 0.102113
vt 0.644053 0.102113
vt 0.644053 0.098662
vt 0.435611 0.634417
vt 0.436193 0.635132
vt 0.436577 0.665211
vt 0.436007 0.665956
vt 0.250348 0.665901
vt 0.253720 0.665322
vt 0.254462 0.666483
vt 0.250339 0.667323
vt 0.436447 0.666655
vt 0.441043 0.666031
vt 0.441214 0.667019
vt 0.440497 0.667323
vt 0.441043 0.633266
vt 0.440913 0.634392
vt 0.249167 0.634305
vt 0.248978 0.633262
vt 0.254373 0.634286
vt 0.253804 0.635060
vt 0.254287 0.665102
vt 0.254868 0.665791
vt 0.249542 0.667000
vt 0.249711 0.665911
vt 0.644232 0.064401
vt 0.644232 0.098052
vt 0.643622 0.065011
vt 0.643622 0.097442
vt 0.644232 0.283078
vt 0.644232 0.316729
vt 0.643622 0.316119
vt 0.643622 0.283688
vt 0.250194 0.373691
vt 0.249816 0.341884
vt 0.253167 0.342513
vt 0.253602 0.373177
vt 0.439841 0.375110
vt 0.435757 0.374464
vt 0.436473 0.373212
vt 0.439772 0.373822
vt 0.254355 0.374366
vt 0.250151 0.375110
vt 0.644053 0.317339
vt 0.814898 0.317339
vt 0.814898 0.320791
vt 0.644053 0.320791
vt 0.644053 0.282468
vt 0.644053 0.279016
vt 0.814898 0.279016
vt 0.814898 0.282468
vt 0.254779 0.373667
vt 0.254195 0.372954
vt 0.253757 0.342710
vt 0.254334 0.341953
vt 0.439729 0.342190
vt 0.436304 0.342757
vt 0.435541 0.341583
vt 0.439757 0.340705
vt 0.253887 0.341237
vt 0.249155 0.341897
vt 0.248978 0.340851
vt 0.249738 0.340535
vt 0.249411 0.374790
vt 0.249546 0.373703
vt 0.440385 0.373813
vt 0.440559 0.374803
vt 0.435314 0.373772
vt 0.435892 0.373055
vt 0.435710 0.342940
vt 0.435129 0.342262
vt 0.440592 0.341043
vt 0.440413 0.342186
vt 0.814719 0.316729
vt 0.814719 0.283078
vt 0.815329 0.316119
vt 0.815329 0.283688
vt 0.430220 0.952203
vt 0.430220 0.918552
vt 0.430830 0.919162
vt 0.430830 0.951593
vt 0.639766 0.697333
vt 0.640138 0.728786
vt 0.636831 0.728221
vt 0.636424 0.697889
vt 0.448858 0.695894
vt 0.453006 0.696574
vt 0.452282 0.697844
vt 0.448936 0.697239
vt 0.635676 0.696725
vt 0.639794 0.695936
vt 0.430399 0.917942
vt 0.259554 0.917942
vt 0.259554 0.914490
vt 0.430399 0.914490
vt 0.430399 0.952813
vt 0.430399 0.956264
vt 0.259554 0.956264
vt 0.259554 0.952813
vt 0.635263 0.697409
vt 0.635838 0.698110
vt 0.636250 0.728029
vt 0.635682 0.728780
vt 0.449014 0.728801
vt 0.452296 0.728147
vt 0.453033 0.729416
vt 0.448952 0.730088
vt 0.636130 0.729483
vt 0.640802 0.728776
vt 0.640926 0.729791
vt 0.640235 0.730088
vt 0.640527 0.696244
vt 0.640405 0.697317
vt 0.448278 0.697249
vt 0.448103 0.696209
vt 0.453451 0.697286
vt 0.452864 0.698003
vt 0.452900 0.727941
vt 0.453481 0.728697
vt 0.448233 0.729785
vt 0.448402 0.728794
vt 0.259732 0.918552
vt 0.259732 0.952203
vt 0.259122 0.919162
vt 0.259122 0.951593
vt 0.989251 0.781216
vt 0.989251 0.747564
vt 0.989861 0.748174
vt 0.989861 0.780605
vt 0.640108 0.478172
vt 0.640448 0.509751
vt 0.637125 0.509160
vt 0.636750 0.478744
vt 0.450773 0.476308
vt 0.454942 0.476970
vt 0.454211 0.478246
vt 0.450856 0.477634
vt 0.636009 0.477595
vt 0.640119 0.476753
vt 0.989430 0.746954
vt 0.818585 0.746954
vt 0.818585 0.743503
vt 0.989430 0.743503
vt 0.989430 0.781826
vt 0.989430 0.785277
vt 0.818585 0.785277
vt 0.818585 0.781826
vt 0.635606 0.478264
vt 0.636182 0.478924
vt 0.636518 0.509002
vt 0.635938 0.509735
vt 0.450897 0.509619
vt 0.454329 0.509064
vt 0.455085 0.510259
vt 0.450870 0.511065
vt 0.636393 0.510433
vt 0.641115 0.509743
vt 0.641238 0.510766
vt 0.640540 0.511065
vt 0.640915 0.477077
vt 0.640744 0.478164
vt 0.450181 0.477637
vt 0.450066 0.476604
vt 0.455391 0.477682
vt 0.454800 0.478407
vt 0.454928 0.508843
vt 0.455507 0.509560
vt 0.450064 0.510725
vt 0.450251 0.509621
vt 0.818764 0.747564
vt 0.818764 0.781216
vt 0.818153 0.748174
vt 0.818153 0.780605
vt 0.430220 0.908467
vt 0.430220 0.874816
vt 0.430830 0.875426
vt 0.430830 0.907857
vt 0.640162 0.514916
vt 0.640399 0.546478
vt 0.637089 0.545888
vt 0.636811 0.515470
vt 0.450771 0.513026
vt 0.454941 0.513684
vt 0.454211 0.514961
vt 0.450855 0.514351
vt 0.636057 0.514305
vt 0.640192 0.513513
vt 0.430399 0.874206
vt 0.259554 0.874206
vt 0.259554 0.870755
vt 0.430399 0.870755
vt 0.430399 0.909078
vt 0.430399 0.912529
vt 0.259554 0.912529
vt 0.259554 0.909078
vt 0.635644 0.514980
vt 0.636221 0.515653
vt 0.636508 0.545733
vt 0.635930 0.546452
vt 0.450921 0.546340
vt 0.454353 0.545782
vt 0.455109 0.546975
vt 0.450896 0.547785
vt 0.636374 0.547145
vt 0.641065 0.546472
vt 0.641183 0.547490
vt 0.640487 0.547785
vt 0.640928 0.513824
vt 0.640804 0.514901
vt 0.450180 0.514355
vt 0.450064 0.513322
vt 0.455390 0.514396
vt 0.454800 0.515122
vt 0.454952 0.545560
vt 0.455532 0.546277
vt 0.450089 0.547446
vt 0.450275 0.546341
vt 0.259732 0.874816
vt 0.259732 0.908467
vt 0.259122 0.875426
vt 0.259122 0.907857
vt 0.430220 0.864732
vt 0.430220 0.831081
vt 0.430830 0.831691
vt 0.430830 0.864122
vt 0.640367 0.221050
vt 0.640623 0.252961
vt 0.637313 0.252323
vt 0.636946 0.221569
vt 0.450723 0.219624
vt 0.454777 0.220202
vt 0.454075 0.221452
vt 0.450810 0.220877
vt 0.636182 0.220377
vt 0.640410 0.219624
vt 0.430399 0.830471
vt 0.259554 0.830471
vt 0.259554 0.827019
vt 0.430399 0.827019
vt 0.430399 0.865342
vt 0.430399 0.868793
vt 0.259554 0.868793
vt 0.259554 0.865342
vt 0.635760 0.221072
vt 0.636347 0.221756
vt 0.636726 0.252166
vt 0.636144 0.252887
vt 0.450976 0.252419
vt 0.454380 0.251873
vt 0.455132 0.253057
vt 0.450934 0.253872
vt 0.636587 0.253582
vt 0.641295 0.252957
vt 0.641405 0.253984
vt 0.640701 0.254274
vt 0.641154 0.219947
vt 0.641018 0.221039
vt 0.450191 0.220883
vt 0.450064 0.219914
vt 0.455223 0.220899
vt 0.454654 0.221645
vt 0.454972 0.251651
vt 0.455551 0.252361
vt 0.450166 0.253554
vt 0.450287 0.252432
vt 0.259732 0.831081
vt 0.259732 0.864732
vt 0.259122 0.831691
vt 0.259122 0.864122
vt 0.989251 0.343861
vt 0.989251 0.310210
vt 0.989861 0.310820
vt 0.989861 0.343251
vt 0.640250 0.331746
vt 0.640579 0.363134
vt 0.637312 0.362562
vt 0.636893 0.332301
vt 0.450834 0.329409
vt 0.455016 0.330160
vt 0.454275 0.331437
vt 0.450902 0.330772
vt 0.636155 0.331152
vt 0.640281 0.330309
vt 0.989430 0.309600
vt 0.818585 0.309600
vt 0.818585 0.306148
vt 0.989430 0.306148
vt 0.989430 0.344471
vt 0.989430 0.347923
vt 0.818585 0.347923
vt 0.818585 0.344471
vt 0.635753 0.331821
vt 0.636328 0.332480
vt 0.636711 0.362366
vt 0.636142 0.363125
vt 0.451038 0.362929
vt 0.454507 0.362399
vt 0.455275 0.363599
vt 0.451007 0.364388
vt 0.636596 0.363826
vt 0.641196 0.363125
vt 0.641329 0.364093
vt 0.640672 0.364388
vt 0.641044 0.330617
vt 0.640934 0.331728
vt 0.450233 0.330779
vt 0.450064 0.329721
vt 0.455461 0.330872
vt 0.454869 0.331599
vt 0.455111 0.362213
vt 0.455699 0.362903
vt 0.450196 0.364043
vt 0.450388 0.362930
vt 0.818763 0.310210
vt 0.818763 0.343861
vt 0.818153 0.310820
vt 0.818153 0.343251
vt 0.814719 0.666613
vt 0.814719 0.632962
vt 0.815329 0.633572
vt 0.815329 0.666003
vt 0.450908 0.472725
vt 0.451271 0.441022
vt 0.454533 0.441720
vt 0.454359 0.472273
vt 0.640548 0.474347
vt 0.636378 0.473669
vt 0.637125 0.472396
vt 0.640469 0.473023
vt 0.455097 0.473482
vt 0.450830 0.474190
vt 0.814898 0.632352
vt 0.644053 0.632352
vt 0.644053 0.628900
vt 0.814898 0.628900
vt 0.814898 0.667223
vt 0.814898 0.670675
vt 0.644053 0.670675
vt 0.644053 0.667223
vt 0.455526 0.472784
vt 0.454957 0.472061
vt 0.455113 0.441886
vt 0.455702 0.441179
vt 0.640428 0.441151
vt 0.637023 0.441699
vt 0.636280 0.440521
vt 0.640454 0.439716
vt 0.455271 0.440488
vt 0.450659 0.441020
vt 0.450506 0.440027
vt 0.451230 0.439737
vt 0.450064 0.473851
vt 0.450214 0.472723
vt 0.641142 0.473021
vt 0.641255 0.474053
vt 0.635925 0.472967
vt 0.636515 0.472231
vt 0.636446 0.441877
vt 0.635869 0.441207
vt 0.641255 0.440052
vt 0.641071 0.441149
vt 0.644232 0.632962
vt 0.644232 0.666613
vt 0.643622 0.633572
vt 0.643622 0.666003
vt 0.814719 0.579142
vt 0.814719 0.545491
vt 0.815329 0.546101
vt 0.815329 0.578532
vt 0.451048 0.289448
vt 0.450902 0.257597
vt 0.454282 0.258234
vt 0.454426 0.288918
vt 0.640221 0.290859
vt 0.636163 0.290195
vt 0.636894 0.288956
vt 0.640158 0.289599
vt 0.455165 0.290094
vt 0.451008 0.290859
vt 0.814898 0.544881
vt 0.644053 0.544881
vt 0.644053 0.541429
vt 0.814898 0.541429
vt 0.814898 0.579752
vt 0.814898 0.583203
vt 0.644053 0.583204
vt 0.644053 0.579752
vt 0.455577 0.289409
vt 0.455000 0.288740
vt 0.454894 0.258398
vt 0.455485 0.257660
vt 0.640569 0.257911
vt 0.637139 0.258403
vt 0.636399 0.257200
vt 0.640636 0.256450
vt 0.455032 0.256957
vt 0.450238 0.257606
vt 0.450064 0.256551
vt 0.450831 0.256235
vt 0.450270 0.290542
vt 0.450401 0.289460
vt 0.640779 0.289605
vt 0.640888 0.290580
vt 0.635726 0.289502
vt 0.636315 0.288792
vt 0.636541 0.258617
vt 0.635973 0.257897
vt 0.641403 0.256784
vt 0.641261 0.257910
vt 0.644232 0.545491
vt 0.644232 0.579142
vt 0.643622 0.546101
vt 0.643622 0.578532
vt 0.818763 0.791300
vt 0.818763 0.824951
vt 0.818153 0.824341
vt 0.818153 0.791910
vt 0.439460 0.451792
vt 0.439849 0.483523
vt 0.436554 0.482914
vt 0.436035 0.452346
vt 0.249737 0.450311
vt 0.253894 0.451002
vt 0.253173 0.452266
vt 0.249815 0.451661
vt 0.435267 0.451163
vt 0.439479 0.450351
vt 0.818585 0.825561
vt 0.989430 0.825561
vt 0.989430 0.829013
vt 0.818585 0.829013
vt 0.818585 0.790690
vt 0.818585 0.787238
vt 0.989430 0.787238
vt 0.989430 0.790690
vt 0.434851 0.451857
vt 0.435440 0.452535
vt 0.435968 0.482721
vt 0.435400 0.483473
vt 0.250056 0.483393
vt 0.253460 0.482828
vt 0.254216 0.484012
vt 0.250036 0.484827
vt 0.435845 0.484172
vt 0.440517 0.483515
vt 0.440632 0.484534
vt 0.439935 0.484827
vt 0.440282 0.450685
vt 0.440101 0.451786
vt 0.249155 0.451672
vt 0.248978 0.450628
vt 0.254339 0.451698
vt 0.253758 0.452422
vt 0.254054 0.482605
vt 0.254633 0.483315
vt 0.249235 0.484494
vt 0.249416 0.483398
vt 0.989251 0.824951
vt 0.989251 0.791300
vt 0.989861 0.824341
vt 0.989861 0.791910
vt 0.818763 0.222739
vt 0.818763 0.256390
vt 0.818153 0.255780
vt 0.818153 0.223349
vt 0.448977 0.801776
vt 0.448881 0.770055
vt 0.452178 0.770687
vt 0.452303 0.801144
vt 0.639936 0.803077
vt 0.635812 0.802427
vt 0.636515 0.801165
vt 0.639848 0.801741
vt 0.453050 0.802421
vt 0.448911 0.803077
vt 0.818585 0.257000
vt 0.989430 0.257000
vt 0.989430 0.260452
vt 0.818585 0.260452
vt 0.818585 0.222129
vt 0.818585 0.218677
vt 0.989430 0.218677
vt 0.989430 0.222129
vt 0.453503 0.801705
vt 0.452911 0.800976
vt 0.452763 0.770848
vt 0.453348 0.770132
vt 0.639461 0.770329
vt 0.636102 0.770903
vt 0.635352 0.769742
vt 0.639473 0.768912
vt 0.452906 0.769423
vt 0.448213 0.770058
vt 0.448103 0.769036
vt 0.448802 0.768747
vt 0.448186 0.802768
vt 0.448361 0.801768
vt 0.640502 0.801725
vt 0.640684 0.802758
vt 0.635365 0.801725
vt 0.635934 0.800974
vt 0.635516 0.771125
vt 0.634941 0.770425
vt 0.640266 0.769236
vt 0.640094 0.770321
vt 0.989251 0.256390
vt 0.989251 0.222739
vt 0.989861 0.255780
vt 0.989861 0.223349
vt 0.989251 0.037713
vt 0.989251 0.004062
vt 0.989861 0.004672
vt 0.989861 0.037103
vt 0.639825 0.661367
vt 0.640220 0.692610
vt 0.636937 0.692004
vt 0.636578 0.661993
vt 0.448801 0.659400
vt 0.452938 0.660022
vt 0.452228 0.661291
vt 0.448895 0.660714
vt 0.635838 0.660736
vt 0.639896 0.660115
vt 0.989430 0.003451
vt 0.818585 0.003451
vt 0.818585 -0.000000
vt 0.989430 0.000000
vt 0.989430 0.038323
vt 0.989430 0.041774
vt 0.818585 0.041774
vt 0.818585 0.038323
vt 0.635392 0.661447
vt 0.635981 0.662163
vt 0.636360 0.691811
vt 0.635794 0.692554
vt 0.449192 0.692496
vt 0.452604 0.691919
vt 0.453364 0.693105
vt 0.449176 0.693933
vt 0.636233 0.693253
vt 0.640869 0.692596
vt 0.641045 0.693621
vt 0.640300 0.693933
vt 0.640556 0.660398
vt 0.640439 0.661365
vt 0.448225 0.660723
vt 0.448103 0.659699
vt 0.453387 0.660728
vt 0.452814 0.661485
vt 0.453199 0.691694
vt 0.453782 0.692404
vt 0.448373 0.693601
vt 0.448551 0.692501
vt 0.818763 0.004062
vt 0.818763 0.037713
vt 0.818153 0.004672
vt 0.818153 0.037103
vt 0.644232 0.501755
vt 0.644232 0.535407
vt 0.643622 0.534796
vt 0.643622 0.502365
vt 0.640144 0.294254
vt 0.640562 0.326124
vt 0.637210 0.325533
vt 0.636746 0.294839
vt 0.450864 0.292820
vt 0.454953 0.293478
vt 0.454232 0.294728
vt 0.450930 0.294111
vt 0.635993 0.293671
vt 0.640153 0.292820
vt 0.644053 0.536017
vt 0.814898 0.536017
vt 0.814898 0.539468
vt 0.644053 0.539468
vt 0.644053 0.501145
vt 0.644053 0.497694
vt 0.814898 0.497694
vt 0.814898 0.501145
vt 0.635587 0.294357
vt 0.636172 0.295023
vt 0.636598 0.325375
vt 0.636016 0.326116
vt 0.450935 0.325810
vt 0.454382 0.325260
vt 0.455136 0.326452
vt 0.450899 0.327299
vt 0.636474 0.326817
vt 0.641236 0.326114
vt 0.641361 0.327146
vt 0.640657 0.327448
vt 0.640957 0.293146
vt 0.640786 0.294245
vt 0.450316 0.294119
vt 0.450144 0.293126
vt 0.455395 0.294171
vt 0.454813 0.294887
vt 0.454979 0.325039
vt 0.455557 0.325755
vt 0.450064 0.326956
vt 0.450249 0.325811
vt 0.814719 0.535407
vt 0.814719 0.501755
vt 0.815329 0.534796
vt 0.815329 0.502365
vt 0.818763 0.047797
vt 0.818763 0.081448
vt 0.818153 0.080838
vt 0.818153 0.048407
vt 0.250318 0.629557
vt 0.249815 0.597826
vt 0.253150 0.598443
vt 0.253717 0.629022
vt 0.440326 0.630975
vt 0.436214 0.630358
vt 0.436918 0.629097
vt 0.440232 0.629669
vt 0.254483 0.630204
vt 0.250284 0.630975
vt 0.818585 0.082058
vt 0.989430 0.082058
vt 0.989430 0.085510
vt 0.818585 0.085510
vt 0.818585 0.047187
vt 0.818585 0.043735
vt 0.989430 0.043735
vt 0.989430 0.047187
vt 0.254900 0.629510
vt 0.254312 0.628832
vt 0.253737 0.598635
vt 0.254307 0.597880
vt 0.439930 0.598070
vt 0.436538 0.598644
vt 0.435783 0.597465
vt 0.439946 0.596642
vt 0.253861 0.597179
vt 0.249156 0.597840
vt 0.248978 0.596799
vt 0.249734 0.596483
vt 0.249542 0.630659
vt 0.249671 0.629572
vt 0.440898 0.629661
vt 0.441020 0.630678
vt 0.435766 0.629658
vt 0.436336 0.628905
vt 0.435947 0.598868
vt 0.435367 0.598162
vt 0.440745 0.596971
vt 0.440568 0.598064
vt 0.989251 0.081448
vt 0.989251 0.047797
vt 0.989861 0.080838
vt 0.989861 0.048407
vt 0.644232 0.589226
vt 0.644232 0.622877
vt 0.643622 0.622267
vt 0.643622 0.589836
vt 0.640827 0.001462
vt 0.640470 0.033189
vt 0.637200 0.032551
vt 0.637395 0.001961
vt 0.451190 0.000000
vt 0.455255 0.000657
vt 0.454524 0.001899
vt 0.451255 0.001261
vt 0.636653 0.000758
vt 0.640892 0.000000
vt 0.644053 0.623488
vt 0.814898 0.623488
vt 0.814898 0.626939
vt 0.644053 0.626939
vt 0.644053 0.588616
vt 0.644053 0.585165
vt 0.814898 0.585165
vt 0.814898 0.588616
vt 0.636227 0.001455
vt 0.636797 0.002175
vt 0.636621 0.032387
vt 0.636032 0.033098
vt 0.450897 0.032988
vt 0.454329 0.032489
vt 0.455072 0.033692
vt 0.450833 0.034450
vt 0.636470 0.033793
vt 0.641092 0.033193
vt 0.641202 0.034170
vt 0.640535 0.034450
vt 0.641661 0.000332
vt 0.641521 0.001460
vt 0.450633 0.001257
vt 0.450522 0.000280
vt 0.455693 0.001352
vt 0.455104 0.002063
vt 0.454928 0.032275
vt 0.455498 0.032995
vt 0.450064 0.034118
vt 0.450204 0.032990
vt 0.814719 0.622877
vt 0.814719 0.589226
vt 0.815329 0.622267
vt 0.815329 0.589836
vt 0.818763 0.703829
vt 0.818763 0.737480
vt 0.818153 0.736870
vt 0.818153 0.704439
vt 0.450863 0.619641
vt 0.450973 0.587768
vt 0.454270 0.588440
vt 0.454287 0.619159
vt 0.640220 0.621066
vt 0.636108 0.620371
vt 0.636838 0.619122
vt 0.640149 0.619755
vt 0.455040 0.620359
vt 0.450804 0.621066
vt 0.818585 0.738090
vt 0.989430 0.738090
vt 0.989430 0.741542
vt 0.818585 0.741542
vt 0.818585 0.703219
vt 0.818585 0.699767
vt 0.989430 0.699767
vt 0.989430 0.703219
vt 0.455466 0.619666
vt 0.454887 0.618979
vt 0.454855 0.588603
vt 0.455444 0.587887
vt 0.640335 0.588072
vt 0.636950 0.588577
vt 0.636209 0.587383
vt 0.640389 0.586662
vt 0.455006 0.587192
vt 0.450302 0.587764
vt 0.450204 0.586738
vt 0.450909 0.586456
vt 0.450064 0.620735
vt 0.450213 0.619645
vt 0.640817 0.619758
vt 0.640922 0.620781
vt 0.635668 0.619676
vt 0.636257 0.618960
vt 0.636354 0.588792
vt 0.635785 0.588077
vt 0.641124 0.586987
vt 0.640980 0.588068
vt 0.989251 0.737480
vt 0.989251 0.703829
vt 0.989861 0.736870
vt 0.989861 0.704439
vt 0.818763 0.397681
vt 0.818763 0.431332
vt 0.818153 0.430722
vt 0.818153 0.398291
vt 0.250049 0.337074
vt 0.249766 0.305347
vt 0.253049 0.305972
vt 0.253488 0.336545
vt 0.439822 0.338574
vt 0.435665 0.337884
vt 0.436386 0.336620
vt 0.439743 0.337225
vt 0.254255 0.337734
vt 0.250004 0.338542
vt 0.818585 0.431942
vt 0.989430 0.431942
vt 0.989430 0.435394
vt 0.818585 0.435394
vt 0.818585 0.397071
vt 0.818585 0.393619
vt 0.989430 0.393619
vt 0.989430 0.397071
vt 0.254673 0.337038
vt 0.254084 0.336358
vt 0.253634 0.306166
vt 0.254201 0.305416
vt 0.439494 0.305495
vt 0.436091 0.306061
vt 0.435335 0.304877
vt 0.439514 0.304061
vt 0.253757 0.304719
vt 0.249153 0.305358
vt 0.248978 0.304368
vt 0.249696 0.304061
vt 0.249230 0.338219
vt 0.249355 0.337088
vt 0.440403 0.337213
vt 0.440580 0.338258
vt 0.435219 0.337188
vt 0.435800 0.336464
vt 0.435497 0.306284
vt 0.434917 0.305574
vt 0.440315 0.304394
vt 0.440135 0.305490
vt 0.989251 0.431332
vt 0.989251 0.397681
vt 0.989861 0.430722
vt 0.989861 0.398291
vt 0.814719 0.710348
vt 0.814719 0.676697
vt 0.815329 0.677307
vt 0.815329 0.709738
vt 0.451078 0.656207
vt 0.450844 0.624339
vt 0.454151 0.624974
vt 0.454494 0.655688
vt 0.640378 0.657632
vt 0.636305 0.657025
vt 0.637022 0.655774
vt 0.640297 0.656372
vt 0.455258 0.656877
vt 0.451035 0.657632
vt 0.814898 0.676087
vt 0.644053 0.676087
vt 0.644053 0.672636
vt 0.814898 0.672636
vt 0.814898 0.710959
vt 0.814898 0.714410
vt 0.644053 0.714410
vt 0.644053 0.710959
vt 0.455678 0.656183
vt 0.455091 0.655502
vt 0.454738 0.625131
vt 0.455318 0.624409
vt 0.640245 0.624678
vt 0.636825 0.625217
vt 0.636072 0.624026
vt 0.640291 0.623218
vt 0.454874 0.623716
vt 0.450174 0.624342
vt 0.450064 0.623317
vt 0.450766 0.623027
vt 0.450292 0.657309
vt 0.450428 0.656218
vt 0.640919 0.656369
vt 0.641042 0.657343
vt 0.635862 0.656333
vt 0.636441 0.655617
vt 0.636230 0.625437
vt 0.635651 0.624723
vt 0.641062 0.623540
vt 0.640937 0.624667
vt 0.644232 0.676697
vt 0.644232 0.710348
vt 0.643622 0.677307
vt 0.643622 0.709738
vt 0.644232 0.720433
vt 0.644232 0.754084
vt 0.643622 0.753474
vt 0.643622 0.721043
vt 0.638768 0.882664
vt 0.639252 0.914130
vt 0.635945 0.913518
vt 0.635398 0.883192
vt 0.450394 0.880137
vt 0.454682 0.880936
vt 0.453934 0.882124
vt 0.450449 0.881622
vt 0.634641 0.882020
vt 0.638804 0.881258
vt 0.644053 0.754694
vt 0.814898 0.754694
vt 0.814898 0.758145
vt 0.644053 0.758145
vt 0.644053 0.719822
vt 0.644053 0.716371
vt 0.814898 0.716371
vt 0.814898 0.719822
vt 0.634226 0.882706
vt 0.634809 0.883379
vt 0.635363 0.913327
vt 0.634798 0.914076
vt 0.450539 0.913998
vt 0.454009 0.913410
vt 0.454784 0.914610
vt 0.450521 0.915462
vt 0.635239 0.914771
vt 0.639905 0.914117
vt 0.640081 0.915149
vt 0.639332 0.915462
vt 0.639538 0.881572
vt 0.639410 0.882649
vt 0.449743 0.881615
vt 0.449610 0.880468
vt 0.455099 0.881615
vt 0.454517 0.882299
vt 0.454618 0.913223
vt 0.455208 0.913916
vt 0.449702 0.915123
vt 0.449885 0.914002
vt 0.814719 0.754084
vt 0.814719 0.720433
vt 0.815329 0.753474
vt 0.815329 0.721043
vt 0.818763 0.091532
vt 0.818763 0.125184
vt 0.818153 0.124574
vt 0.818153 0.092143
vt 0.249946 0.702210
vt 0.249753 0.670587
vt 0.253037 0.671223
vt 0.253331 0.701712
vt 0.440538 0.703620
vt 0.436422 0.702985
vt 0.437143 0.701720
vt 0.440451 0.702313
vt 0.254074 0.702890
vt 0.249899 0.703620
vt 0.818585 0.125794
vt 0.989430 0.125794
vt 0.989430 0.129245
vt 0.818585 0.129245
vt 0.818585 0.090922
vt 0.818585 0.087471
vt 0.989430 0.087471
vt 0.989430 0.090922
vt 0.254495 0.702204
vt 0.253920 0.701493
vt 0.253621 0.671381
vt 0.254200 0.670666
vt 0.440428 0.670788
vt 0.437148 0.671440
vt 0.436412 0.670173
vt 0.440491 0.669502
vt 0.253760 0.669971
vt 0.249086 0.670590
vt 0.248978 0.669571
vt 0.249676 0.669284
vt 0.249164 0.703299
vt 0.249302 0.702220
vt 0.441117 0.702309
vt 0.441233 0.703327
vt 0.435978 0.702275
vt 0.436563 0.701560
vt 0.436545 0.671646
vt 0.435964 0.670890
vt 0.441209 0.669805
vt 0.441039 0.670795
vt 0.989251 0.125184
vt 0.989251 0.091532
vt 0.989861 0.124574
vt 0.989861 0.092143
vt 0.818763 0.266474
vt 0.818763 0.300126
vt 0.818153 0.299515
vt 0.818153 0.267084
vt 0.451200 0.436486
vt 0.450950 0.404595
vt 0.454418 0.405086
vt 0.454478 0.435807
vt 0.640643 0.437755
vt 0.636518 0.437119
vt 0.637233 0.435858
vt 0.640553 0.436444
vt 0.455232 0.437074
vt 0.451137 0.437755
vt 0.818585 0.300736
vt 0.989430 0.300736
vt 0.989430 0.304187
vt 0.818585 0.304187
vt 0.818585 0.265864
vt 0.818585 0.262413
vt 0.989430 0.262413
vt 0.989430 0.265864
vt 0.455681 0.436363
vt 0.455088 0.435636
vt 0.454994 0.405259
vt 0.455569 0.404583
vt 0.640296 0.404752
vt 0.636897 0.405323
vt 0.636141 0.404142
vt 0.640313 0.403319
vt 0.455156 0.403907
vt 0.450261 0.404600
vt 0.450064 0.403453
vt 0.450899 0.403100
vt 0.450464 0.437474
vt 0.450574 0.436490
vt 0.641221 0.436437
vt 0.641341 0.437459
vt 0.636071 0.436425
vt 0.636650 0.435703
vt 0.636304 0.405546
vt 0.635724 0.404838
vt 0.641114 0.403651
vt 0.640936 0.404746
vt 0.989251 0.300126
vt 0.989251 0.266474
vt 0.989861 0.299515
vt 0.989861 0.267084
vt 0.644232 0.108136
vt 0.644232 0.141787
vt 0.643622 0.141177
vt 0.643622 0.108746
vt 0.239077 0.699466
vt 0.239364 0.730727
vt 0.236116 0.730109
vt 0.235765 0.700096
vt 0.047901 0.697455
vt 0.052065 0.698120
vt 0.051353 0.699392
vt 0.047987 0.698805
vt 0.235039 0.698842
vt 0.239141 0.698133
vt 0.644053 0.142397
vt 0.814898 0.142397
vt 0.814898 0.145849
vt 0.644053 0.145849
vt 0.644053 0.107526
vt 0.644053 0.104074
vt 0.814898 0.104075
vt 0.814898 0.107526
vt 0.234600 0.699551
vt 0.235188 0.700260
vt 0.235518 0.729911
vt 0.234950 0.730662
vt 0.048346 0.730565
vt 0.051753 0.729987
vt 0.052512 0.731172
vt 0.048330 0.732000
vt 0.235395 0.731364
vt 0.239969 0.730715
vt 0.240146 0.731694
vt 0.239436 0.732000
vt 0.239892 0.698438
vt 0.239728 0.699469
vt 0.047326 0.698819
vt 0.047144 0.697775
vt 0.052514 0.698827
vt 0.051940 0.699585
vt 0.052347 0.729762
vt 0.052930 0.730472
vt 0.047528 0.731669
vt 0.047705 0.730571
vt 0.814719 0.141787
vt 0.814719 0.108136
vt 0.815329 0.141177
vt 0.815329 0.108746
vt 0.818763 0.528887
vt 0.818763 0.562538
vt 0.818153 0.561928
vt 0.818153 0.529497
vt 0.639843 0.734447
vt 0.639902 0.765525
vt 0.636688 0.764899
vt 0.636562 0.735040
vt 0.448808 0.732049
vt 0.452967 0.732708
vt 0.452239 0.733977
vt 0.448893 0.733372
vt 0.635839 0.733772
vt 0.639928 0.733152
vt 0.818585 0.563148
vt 0.989430 0.563148
vt 0.989430 0.566600
vt 0.818585 0.566600
vt 0.818585 0.528277
vt 0.818585 0.524826
vt 0.989430 0.524826
vt 0.989430 0.528277
vt 0.635389 0.734489
vt 0.635966 0.735242
vt 0.636117 0.764704
vt 0.635550 0.765434
vt 0.449023 0.765341
vt 0.452455 0.764777
vt 0.453214 0.765972
vt 0.449000 0.766786
vt 0.635983 0.766129
vt 0.640503 0.765518
vt 0.640670 0.766488
vt 0.639965 0.766786
vt 0.640616 0.733443
vt 0.640499 0.734451
vt 0.448219 0.733376
vt 0.448103 0.732345
vt 0.453413 0.733410
vt 0.452827 0.734136
vt 0.453054 0.764554
vt 0.453636 0.765270
vt 0.448193 0.766448
vt 0.448378 0.765343
vt 0.989251 0.562538
vt 0.989251 0.528887
vt 0.989861 0.561928
vt 0.989861 0.529497
vt 0.016064 0.256873
vt 0.034455 0.256873
vt 0.034455 0.257483
vt 0.015972 0.257483
vt 0.017063 0.922328
vt 0.010007 0.907926
vt 0.036013 0.907878
vt 0.034951 0.924252
vt 0.225509 0.222611
vt 0.207026 0.222611
vt 0.207026 0.219159
vt 0.225509 0.219159
vt 0.236109 0.889250
vt 0.242824 0.905532
vt 0.240480 0.905590
vt 0.233253 0.890535
vt 0.215108 0.924222
vt 0.214045 0.907760
vt 0.240054 0.907146
vt 0.233103 0.922223
vt 0.007237 0.906426
vt 0.013674 0.889300
vt 0.016639 0.890637
vt 0.009539 0.906377
vt 0.013979 0.924145
vt 0.007221 0.908067
vt 0.009553 0.907896
vt 0.016800 0.922851
vt 0.242817 0.907179
vt 0.236315 0.924105
vt 0.233385 0.922756
vt 0.240514 0.907106
vt 0.000455 0.238827
vt 0.034455 0.238827
vt 0.034455 0.241267
vt 0.000455 0.241267
vt 0.241026 0.241267
vt 0.225417 0.256872
vt 0.207026 0.256872
vt 0.207026 0.241267
vt 0.034455 0.260934
vt 0.015972 0.260934
vt 0.225417 0.223221
vt 0.241026 0.238826
vt 0.207026 0.238826
vt 0.207026 0.223221
vt 0.034906 0.888557
vt 0.034943 0.889189
vt 0.016924 0.891172
vt 0.010012 0.906341
vt 0.006801 0.908299
vt 0.006757 0.906201
vt 0.243248 0.905298
vt 0.243295 0.907403
vt 0.236815 0.924090
vt 0.240014 0.905565
vt 0.232987 0.891059
vt 0.236595 0.889253
vt 0.013498 0.924145
vt 0.013170 0.889318
vt 0.035992 0.905690
vt 0.015609 0.168919
vt 0.034000 0.168919
vt 0.034000 0.169529
vt 0.015517 0.169529
vt 0.232943 0.813781
vt 0.239934 0.828230
vt 0.213857 0.828333
vt 0.214979 0.811798
vt 0.225055 0.134658
vt 0.206571 0.134658
vt 0.206571 0.131207
vt 0.225055 0.131207
vt 0.013952 0.846865
vt 0.007218 0.830785
vt 0.009549 0.830618
vt 0.016773 0.845575
vt 0.034939 0.811957
vt 0.035976 0.828448
vt 0.010009 0.829065
vt 0.016935 0.813918
vt 0.242754 0.829840
vt 0.236205 0.846959
vt 0.233238 0.845599
vt 0.240450 0.829779
vt 0.236051 0.811974
vt 0.242749 0.828185
vt 0.240385 0.828255
vt 0.233210 0.813257
vt 0.034896 0.809028
vt 0.016793 0.806999
vt 0.017056 0.806477
vt 0.034932 0.808399
vt 0.007237 0.829146
vt 0.013691 0.812043
vt 0.016652 0.813384
vt 0.009537 0.829100
vt 0.000000 0.150873
vt 0.034000 0.150873
vt 0.034000 0.153314
vt 0.000000 0.153314
vt 0.240571 0.153314
vt 0.224963 0.168919
vt 0.206571 0.168919
vt 0.206571 0.153314
vt 0.034000 0.172981
vt 0.015517 0.172981
vt 0.224962 0.135268
vt 0.240571 0.150873
vt 0.206571 0.150873
vt 0.206571 0.135268
vt 0.214951 0.847660
vt 0.214915 0.847027
vt 0.232954 0.845063
vt 0.239973 0.829821
vt 0.243172 0.827949
vt 0.243236 0.830064
vt 0.006797 0.831018
vt 0.006757 0.828920
vt 0.013187 0.812061
vt 0.010003 0.830648
vt 0.017037 0.845053
vt 0.013471 0.846865
vt 0.236534 0.811977
vt 0.236711 0.846943
vt 0.213872 0.830526
vt 0.015609 0.081448
vt 0.034000 0.081448
vt 0.034000 0.082058
vt 0.015517 0.082058
vt 0.010005 0.792085
vt 0.035992 0.792037
vt 0.225055 0.047187
vt 0.206571 0.047187
vt 0.206571 0.043736
vt 0.225055 0.043736
vt 0.236021 0.773444
vt 0.242760 0.789777
vt 0.240408 0.789835
vt 0.233156 0.774733
vt 0.214970 0.808573
vt 0.213874 0.791975
vt 0.239980 0.791398
vt 0.233010 0.806540
vt 0.007237 0.790586
vt 0.013669 0.773472
vt 0.016632 0.774808
vt 0.009537 0.790537
vt 0.013974 0.808293
vt 0.007220 0.792226
vt 0.009551 0.792055
vt 0.034972 0.770596
vt 0.016617 0.768445
vt 0.016903 0.767910
vt 0.035009 0.769963
vt 0.242753 0.791430
vt 0.236236 0.808426
vt 0.233293 0.807074
vt 0.240441 0.791357
vt 0.000000 0.063402
vt 0.034000 0.063402
vt 0.034000 0.065843
vt 0.000000 0.065843
vt 0.240571 0.065843
vt 0.224963 0.081448
vt 0.206571 0.081448
vt 0.206571 0.065843
vt 0.034000 0.085510
vt 0.015517 0.085510
vt 0.224963 0.047797
vt 0.240571 0.063403
vt 0.206571 0.063402
vt 0.206571 0.047797
vt 0.034886 0.772729
vt 0.034923 0.773361
vt 0.016916 0.775342
vt 0.010009 0.790501
vt 0.006800 0.792458
vt 0.006757 0.790361
vt 0.243185 0.789542
vt 0.243232 0.791654
vt 0.236738 0.808411
vt 0.239940 0.789811
vt 0.232889 0.775259
vt 0.236509 0.773447
vt 0.013494 0.808293
vt 0.013165 0.773490
vt 0.035971 0.789850
vt 0.224963 0.091533
vt 0.206571 0.091533
vt 0.206571 0.090922
vt 0.225055 0.090922
vt 0.010022 0.752737
vt 0.036166 0.753304
vt 0.015517 0.125794
vt 0.034000 0.125794
vt 0.034000 0.129245
vt 0.015517 0.129245
vt 0.235934 0.734929
vt 0.242615 0.751256
vt 0.240268 0.751305
vt 0.233069 0.736208
vt 0.214841 0.769965
vt 0.213775 0.753401
vt 0.239830 0.752864
vt 0.232831 0.767966
vt 0.007191 0.751092
vt 0.014042 0.734654
vt 0.016887 0.736001
vt 0.009539 0.751176
vt 0.013648 0.769732
vt 0.007234 0.752742
vt 0.009550 0.752704
vt 0.215132 0.927129
vt 0.242602 0.752906
vt 0.236046 0.769857
vt 0.233112 0.768499
vt 0.240291 0.752826
vt 0.240571 0.109578
vt 0.206571 0.109578
vt 0.206571 0.107138
vt 0.240571 0.107138
vt 0.000000 0.107138
vt 0.015609 0.091533
vt 0.034000 0.091533
vt 0.034000 0.107138
vt 0.206571 0.087471
vt 0.225055 0.087471
vt 0.015609 0.125184
vt 0.000000 0.109578
vt 0.034000 0.109578
vt 0.034000 0.125184
vt 0.035066 0.733961
vt 0.035101 0.734591
vt 0.017154 0.736528
vt 0.010000 0.751144
vt 0.006757 0.752971
vt 0.006761 0.750860
vt 0.243040 0.751023
vt 0.243079 0.753132
vt 0.236548 0.769844
vt 0.239801 0.751279
vt 0.232802 0.736733
vt 0.236420 0.734933
vt 0.013147 0.769714
vt 0.013551 0.734656
vt 0.036175 0.751107
vt 0.224962 0.179004
vt 0.206571 0.179004
vt 0.206571 0.178393
vt 0.225054 0.178393
vt 0.240037 0.866872
vt 0.214037 0.866926
vt 0.015517 0.213265
vt 0.034000 0.213265
vt 0.034000 0.216716
vt 0.015517 0.216716
vt 0.013957 0.885505
vt 0.007218 0.869411
vt 0.009552 0.869243
vt 0.016781 0.884214
vt 0.034964 0.850567
vt 0.036001 0.867073
vt 0.010012 0.867689
vt 0.016945 0.852529
vt 0.242807 0.868371
vt 0.236375 0.885495
vt 0.233410 0.884158
vt 0.240506 0.868421
vt 0.236063 0.850657
vt 0.242823 0.866731
vt 0.240491 0.866902
vt 0.034915 0.924882
vt 0.007237 0.867770
vt 0.013698 0.850652
vt 0.016661 0.851994
vt 0.009539 0.867724
vt 0.240571 0.197049
vt 0.206571 0.197049
vt 0.206571 0.194609
vt 0.240571 0.194609
vt 0.000000 0.194609
vt 0.015609 0.179004
vt 0.034000 0.179004
vt 0.034000 0.194609
vt 0.206571 0.174942
vt 0.225054 0.174942
vt 0.015609 0.212655
vt 0.000000 0.197049
vt 0.034000 0.197049
vt 0.034000 0.212655
vt 0.215150 0.886243
vt 0.215113 0.885612
vt 0.233126 0.883624
vt 0.240033 0.868457
vt 0.243243 0.866498
vt 0.243287 0.868596
vt 0.006797 0.869643
vt 0.006757 0.867544
vt 0.013193 0.850670
vt 0.010005 0.869274
vt 0.017045 0.883691
vt 0.013476 0.885504
vt 0.236544 0.850656
vt 0.236879 0.885477
vt 0.214058 0.869114
vt 0.230572 0.600188
vt 0.058002 0.600188
vt 0.058002 0.586814
vt 0.230572 0.586814
vt 0.230572 0.614782
vt 0.058002 0.614782
vt 0.058002 0.601408
vt 0.230572 0.601408
vt 0.945449 0.850061
vt 0.946158 0.849352
vt 0.957159 0.849352
vt 0.957868 0.850061
vt 0.230572 0.585593
vt 0.058002 0.585593
vt 0.058002 0.572219
vt 0.230572 0.572219
vt 0.230572 0.629377
vt 0.058002 0.629377
vt 0.058002 0.616003
vt 0.230572 0.616003
vt 0.230572 0.630597
vt 0.058002 0.630597
vt 0.971414 0.874607
vt 0.970704 0.875316
vt 0.959704 0.875316
vt 0.958994 0.874607
vt 0.970704 0.862897
vt 0.971414 0.863607
vt 0.958994 0.863607
vt 0.959704 0.862897
vt 0.946158 0.861771
vt 0.945449 0.861061
vt 0.957868 0.861061
vt 0.957159 0.861771
vt 0.447582 0.151558
vt 0.440973 0.168324
vt 0.440206 0.168307
vt 0.447104 0.150826
vt 0.440660 0.206188
vt 0.443635 0.223125
vt 0.442957 0.223538
vt 0.439918 0.206085
vt 0.249996 0.203752
vt 0.250947 0.186300
vt 0.251748 0.186164
vt 0.250698 0.203994
vt 0.243012 0.150826
vt 0.250616 0.167670
vt 0.440183 0.187311
vt 0.440665 0.205257
vt 0.439863 0.205455
vt 0.439407 0.187144
vt 0.249802 0.167699
vt 0.242533 0.151636
vt 0.918759 0.862836
vt 0.918358 0.862434
vt 0.918358 0.849753
vt 0.918759 0.849352
vt 0.245907 0.222097
vt 0.249836 0.204666
vt 0.250677 0.204625
vt 0.246537 0.222559
vt 0.250668 0.168311
vt 0.440115 0.168941
vt 0.439437 0.186526
vt 0.251724 0.185546
vt 0.440834 0.169184
vt 0.440193 0.186381
vt 0.251015 0.185387
vt 0.249953 0.168571
vt 0.246315 0.223270
vt 0.245469 0.222853
vt 0.443969 0.223846
vt 0.443186 0.224207
vt 0.945850 0.876381
vt 0.945449 0.875980
vt 0.945449 0.863298
vt 0.945850 0.862897
vt 0.958933 0.875980
vt 0.958531 0.876381
vt 0.958531 0.862897
vt 0.958933 0.863298
vt 0.931842 0.862434
vt 0.931441 0.862836
vt 0.931441 0.849352
vt 0.931842 0.849753
vt 0.230572 0.539849
vt 0.058002 0.539849
vt 0.058002 0.526475
vt 0.230572 0.526475
vt 0.230572 0.554443
vt 0.058002 0.554443
vt 0.058002 0.541069
vt 0.230572 0.541069
vt 0.944029 0.888862
vt 0.943320 0.888152
vt 0.943320 0.877152
vt 0.944029 0.876442
vt 0.230572 0.525254
vt 0.058002 0.525254
vt 0.058002 0.511880
vt 0.230572 0.511880
vt 0.230572 0.569038
vt 0.058002 0.569038
vt 0.058002 0.555664
vt 0.230572 0.555664
vt 0.230572 0.570258
vt 0.058002 0.570258
vt 0.983894 0.887088
vt 0.983185 0.887797
vt 0.972185 0.887797
vt 0.971475 0.887088
vt 0.983185 0.875378
vt 0.983894 0.876087
vt 0.971475 0.876087
vt 0.972185 0.875378
vt 0.955739 0.888152
vt 0.955029 0.888862
vt 0.955029 0.876442
vt 0.955739 0.877152
vt 0.447636 0.076183
vt 0.441010 0.092994
vt 0.440241 0.092976
vt 0.447157 0.075448
vt 0.440618 0.130955
vt 0.443560 0.147789
vt 0.442887 0.148199
vt 0.439879 0.130851
vt 0.250394 0.129058
vt 0.250381 0.111629
vt 0.251137 0.111458
vt 0.251142 0.129260
vt 0.243022 0.075449
vt 0.249760 0.091946
vt 0.440178 0.112086
vt 0.440625 0.130026
vt 0.439824 0.130223
vt 0.439401 0.111917
vt 0.248993 0.091946
vt 0.242533 0.076215
vt 0.945387 0.848889
vt 0.944986 0.849290
vt 0.932305 0.849290
vt 0.931903 0.848889
vt 0.247150 0.146708
vt 0.250318 0.129958
vt 0.251086 0.129886
vt 0.247770 0.147140
vt 0.249859 0.092592
vt 0.440148 0.093613
vt 0.439431 0.111297
vt 0.251153 0.110838
vt 0.440870 0.093858
vt 0.440191 0.111152
vt 0.250368 0.110695
vt 0.249082 0.092850
vt 0.247563 0.147840
vt 0.246737 0.147448
vt 0.443892 0.148506
vt 0.443114 0.148864
vt 0.931903 0.849753
vt 0.932305 0.849352
vt 0.944986 0.849352
vt 0.945387 0.849753
vt 0.932305 0.862836
vt 0.931903 0.862434
vt 0.945387 0.862434
vt 0.944986 0.862836
vt 0.944986 0.835806
vt 0.945387 0.836208
vt 0.931903 0.836208
vt 0.932305 0.835806
vt 0.446826 0.226900
vt 0.440230 0.243655
vt 0.439464 0.243638
vt 0.446348 0.226169
vt 0.439873 0.281645
vt 0.442826 0.298533
vt 0.442151 0.298944
vt 0.439131 0.281541
vt 0.249067 0.279678
vt 0.249473 0.261672
vt 0.250292 0.261522
vt 0.249829 0.279890
vt 0.243023 0.226169
vt 0.249551 0.242539
vt 0.439427 0.262716
vt 0.439880 0.280713
vt 0.439076 0.280911
vt 0.438649 0.262547
vt 0.248796 0.242532
vt 0.242533 0.226922
vt 0.931441 0.862897
vt 0.931842 0.863298
vt 0.931842 0.875980
vt 0.931441 0.876381
vt 0.246170 0.297465
vt 0.248998 0.280598
vt 0.249771 0.280518
vt 0.246802 0.297863
vt 0.249641 0.243181
vt 0.439372 0.244273
vt 0.438679 0.261927
vt 0.250266 0.260900
vt 0.440092 0.244517
vt 0.439439 0.261782
vt 0.249544 0.260731
vt 0.248875 0.243418
vt 0.246562 0.298564
vt 0.245801 0.298166
vt 0.443158 0.299252
vt 0.442378 0.299611
vt 0.958531 0.835806
vt 0.958933 0.836208
vt 0.958933 0.848889
vt 0.958531 0.849290
vt 0.945449 0.836208
vt 0.945850 0.835806
vt 0.945850 0.849290
vt 0.945449 0.848889
vt 0.918358 0.863298
vt 0.918759 0.862897
vt 0.918759 0.876381
vt 0.918358 0.875980
vt 0.448103 0.000785
vt 0.440544 0.018084
vt 0.439715 0.018035
vt 0.447631 0.000000
vt 0.440074 0.054936
vt 0.443768 0.072372
vt 0.443084 0.072814
vt 0.439272 0.054862
vt 0.249790 0.052956
vt 0.250251 0.036031
vt 0.250996 0.035876
vt 0.250483 0.053177
vt 0.243023 0.000000
vt 0.249725 0.016506
vt 0.439166 0.036661
vt 0.440001 0.054018
vt 0.439259 0.054234
vt 0.438408 0.036502
vt 0.248960 0.016504
vt 0.242533 0.000765
vt 0.931903 0.863298
vt 0.932305 0.862897
vt 0.944986 0.862897
vt 0.945387 0.863298
vt 0.246251 0.071228
vt 0.249644 0.053860
vt 0.250472 0.053802
vt 0.246892 0.071648
vt 0.249821 0.017150
vt 0.439660 0.018672
vt 0.438438 0.035887
vt 0.251017 0.035260
vt 0.440332 0.018943
vt 0.439183 0.035755
vt 0.250243 0.035113
vt 0.249048 0.017404
vt 0.246640 0.072356
vt 0.245867 0.071940
vt 0.444121 0.073105
vt 0.443326 0.073487
vt 0.931842 0.848889
vt 0.931441 0.849290
vt 0.918759 0.849290
vt 0.918358 0.848889
vt 0.931441 0.835806
vt 0.931842 0.836208
vt 0.918358 0.836208
vt 0.918759 0.835806
vt 0.932305 0.876381
vt 0.931903 0.875980
vt 0.945387 0.875980
vt 0.944986 0.876381
vt 0.643622 0.030409
vt 0.816192 0.030409
vt 0.816192 0.043783
vt 0.643622 0.043783
vt 0.643622 0.015815
vt 0.816192 0.015815
vt 0.816192 0.029189
vt 0.643622 0.029189
vt 0.942549 0.888923
vt 0.943258 0.889633
vt 0.943258 0.900633
vt 0.942549 0.901343
vt 0.643622 0.045004
vt 0.816192 0.045004
vt 0.816192 0.058378
vt 0.643622 0.058378
vt 0.643622 0.001220
vt 0.816192 0.001220
vt 0.816192 0.014595
vt 0.643622 0.014595
vt 0.643622 0.000000
vt 0.816192 0.000000
vt 0.971414 0.847516
vt 0.970704 0.848226
vt 0.959704 0.848226
vt 0.958994 0.847516
vt 0.970704 0.835806
vt 0.971414 0.836516
vt 0.958994 0.836516
vt 0.959704 0.835806
vt 0.930839 0.889633
vt 0.931549 0.888923
vt 0.931549 0.901343
vt 0.930839 0.900633
vt 0.058002 0.300933
vt 0.230572 0.300933
vt 0.230572 0.314307
vt 0.058002 0.314307
vt 0.058002 0.286339
vt 0.230572 0.286339
vt 0.230572 0.299713
vt 0.058002 0.299713
vt 0.943258 0.888152
vt 0.942549 0.888862
vt 0.931549 0.888862
vt 0.930839 0.888152
vt 0.058002 0.315528
vt 0.230572 0.315528
vt 0.230572 0.328902
vt 0.058002 0.328902
vt 0.058002 0.271744
vt 0.230572 0.271744
vt 0.230572 0.285118
vt 0.058002 0.285118
vt 0.058002 0.270524
vt 0.230572 0.270524
vt 0.983894 0.874607
vt 0.983185 0.875316
vt 0.972185 0.875316
vt 0.971475 0.874607
vt 0.983185 0.862897
vt 0.983894 0.863607
vt 0.971475 0.863607
vt 0.972185 0.862897
vt 0.942549 0.876442
vt 0.943258 0.877152
vt 0.930839 0.877152
vt 0.931549 0.876442
vt 0.058002 0.361272
vt 0.230572 0.361272
vt 0.230572 0.374646
vt 0.058002 0.374646
vt 0.058002 0.346678
vt 0.230572 0.346678
vt 0.230572 0.360052
vt 0.058002 0.360052
vt 0.958994 0.876087
vt 0.959704 0.875378
vt 0.970704 0.875378
vt 0.971414 0.876087
vt 0.058002 0.375867
vt 0.230572 0.375867
vt 0.230572 0.389241
vt 0.058002 0.389241
vt 0.058002 0.332083
vt 0.230572 0.332083
vt 0.230572 0.345457
vt 0.058002 0.345457
vt 0.058002 0.330863
vt 0.230572 0.330863
vt 0.918358 0.877152
vt 0.919068 0.876442
vt 0.930068 0.876442
vt 0.930777 0.877152
vt 0.919068 0.888862
vt 0.918358 0.888152
vt 0.930777 0.888152
vt 0.930068 0.888862
vt 0.959704 0.887797
vt 0.958994 0.887088
vt 0.971414 0.887088
vt 0.970704 0.887797
vt 0.058002 0.481950
vt 0.230572 0.481950
vt 0.230572 0.495324
vt 0.058002 0.495324
vt 0.058002 0.467356
vt 0.230572 0.467356
vt 0.230572 0.480730
vt 0.058002 0.480730
vt 0.971475 0.888568
vt 0.972185 0.887859
vt 0.983185 0.887859
vt 0.983894 0.888568
vt 0.058002 0.496545
vt 0.230572 0.496545
vt 0.230572 0.509919
vt 0.058002 0.509919
vt 0.058002 0.452761
vt 0.230572 0.452761
vt 0.230572 0.466135
vt 0.058002 0.466135
vt 0.058002 0.451541
vt 0.230572 0.451541
vt 0.971120 0.861771
vt 0.970410 0.861061
vt 0.970410 0.850061
vt 0.971120 0.849352
vt 0.982830 0.861061
vt 0.982120 0.861771
vt 0.982120 0.849352
vt 0.982830 0.850061
vt 0.972185 0.900278
vt 0.971475 0.899568
vt 0.983894 0.899568
vt 0.983185 0.900278
vt 0.230572 0.419171
vt 0.058002 0.419171
vt 0.058002 0.405796
vt 0.230572 0.405796
vt 0.230572 0.433765
vt 0.058002 0.433765
vt 0.058002 0.420391
vt 0.230572 0.420391
vt 0.972185 0.848226
vt 0.971475 0.847516
vt 0.971475 0.836516
vt 0.972185 0.835806
vt 0.230572 0.404576
vt 0.058002 0.404576
vt 0.058002 0.391202
vt 0.230572 0.391202
vt 0.230572 0.448360
vt 0.058002 0.448360
vt 0.058002 0.434985
vt 0.230572 0.434985
vt 0.230572 0.449580
vt 0.058002 0.449580
vt 0.959704 0.900278
vt 0.958994 0.899568
vt 0.958994 0.888568
vt 0.959704 0.887859
vt 0.971414 0.899568
vt 0.970704 0.900278
vt 0.970704 0.887859
vt 0.971414 0.888568
vt 0.983894 0.847516
vt 0.983185 0.848226
vt 0.983185 0.835806
vt 0.983894 0.836516
vt 0.034918 0.846993
vt 0.035988 0.830635
vt 0.034882 0.847623
vt 0.034000 0.135268
vt 0.015609 0.135268
vt 0.206571 0.169529
vt 0.225055 0.169529
vt 0.225055 0.172981
vt 0.206571 0.172981
vt 0.034000 0.134658
vt 0.015517 0.134658
vt 0.015517 0.131207
vt 0.034000 0.131207
vt 0.034903 0.811325
vt 0.214937 0.773348
vt 0.213869 0.789781
vt 0.214973 0.772718
vt 0.034000 0.047797
vt 0.015609 0.047797
vt 0.206571 0.082059
vt 0.225055 0.082059
vt 0.225055 0.085510
vt 0.206571 0.085510
vt 0.034000 0.047187
vt 0.015517 0.047187
vt 0.015517 0.043736
vt 0.034000 0.043736
vt 0.215006 0.809205
vt 0.214857 0.734796
vt 0.213762 0.751211
vt 0.214893 0.734165
vt 0.206571 0.125184
vt 0.224963 0.125184
vt 0.034000 0.090922
vt 0.015517 0.090922
vt 0.015517 0.087471
vt 0.034000 0.087471
vt 0.206571 0.125794
vt 0.225055 0.125794
vt 0.225055 0.129245
vt 0.206571 0.129245
vt 0.214877 0.770596
vt 0.034952 0.962848
vt 0.036020 0.946461
vt 0.034916 0.963477
vt 0.034000 0.004062
vt 0.015609 0.004062
vt 0.206571 0.038323
vt 0.225055 0.038323
vt 0.225055 0.041774
vt 0.206571 0.041774
vt 0.034000 0.003451
vt 0.015517 0.003451
vt 0.015517 0.000000
vt 0.034000 0.000000
vt 0.034935 0.927154
vt 0.034941 0.885634
vt 0.036013 0.869262
vt 0.034905 0.886264
vt 0.206571 0.212655
vt 0.224962 0.212655
vt 0.034000 0.178393
vt 0.015517 0.178393
vt 0.015517 0.174942
vt 0.034000 0.174942
vt 0.206571 0.213265
vt 0.225054 0.213265
vt 0.225054 0.216716
vt 0.206571 0.216716
vt 0.034928 0.849934
vt 0.215074 0.889158
vt 0.214035 0.905570
vt 0.215110 0.888528
vt 0.034455 0.223221
vt 0.016064 0.223221
vt 0.207026 0.257482
vt 0.225509 0.257482
vt 0.225509 0.260934
vt 0.207026 0.260934
vt 0.034455 0.222611
vt 0.015972 0.222611
vt 0.015972 0.219160
vt 0.034455 0.219160
vt 0.215145 0.924854
vt 0.079821 0.830735
vt 0.079857 0.847148
vt 0.124934 0.830768
vt 0.124928 0.847102
vt 0.170046 0.830766
vt 0.169989 0.847179
vt 0.079856 0.847784
vt 0.124928 0.847739
vt 0.169990 0.847815
vt 0.163428 0.169529
vt 0.163428 0.168919
vt 0.120286 0.169529
vt 0.120286 0.168919
vt 0.077143 0.169529
vt 0.077143 0.168919
vt 0.077143 0.134658
vt 0.077143 0.135268
vt 0.120286 0.134658
vt 0.120286 0.135268
vt 0.163428 0.134658
vt 0.163428 0.135268
vt 0.215014 0.811166
vt 0.170037 0.811824
vt 0.170037 0.811187
vt 0.124939 0.811878
vt 0.124939 0.811241
vt 0.079861 0.811803
vt 0.079860 0.811166
vt 0.077143 0.131207
vt 0.120286 0.131207
vt 0.163428 0.131207
vt 0.079820 0.828214
vt 0.124935 0.828216
vt 0.170045 0.828245
vt 0.163428 0.153314
vt 0.163428 0.150873
vt 0.120286 0.153314
vt 0.120286 0.150873
vt 0.077143 0.153314
vt 0.077143 0.150873
vt 0.163428 0.172981
vt 0.120286 0.172981
vt 0.077143 0.172981
vt 0.170044 0.789601
vt 0.170010 0.773194
vt 0.124937 0.789592
vt 0.124939 0.773256
vt 0.079820 0.789611
vt 0.079866 0.773194
vt 0.170011 0.772557
vt 0.124939 0.772618
vt 0.079865 0.772557
vt 0.163428 0.082058
vt 0.163428 0.081448
vt 0.120286 0.082058
vt 0.120286 0.081448
vt 0.077143 0.082058
vt 0.077143 0.081448
vt 0.077143 0.047187
vt 0.077143 0.047797
vt 0.120286 0.047187
vt 0.120286 0.047797
vt 0.163428 0.047187
vt 0.163428 0.047797
vt 0.079864 0.808543
vt 0.079864 0.809180
vt 0.124941 0.808480
vt 0.124941 0.809118
vt 0.170038 0.808545
vt 0.170038 0.809182
vt 0.077143 0.043736
vt 0.120286 0.043736
vt 0.163428 0.043736
vt 0.170043 0.792122
vt 0.124937 0.792144
vt 0.079822 0.792133
vt 0.163428 0.065843
vt 0.163428 0.063402
vt 0.120286 0.065843
vt 0.120286 0.063402
vt 0.077143 0.065843
vt 0.077143 0.063402
vt 0.163428 0.085510
vt 0.120286 0.085510
vt 0.077143 0.085510
vt 0.170000 0.751025
vt 0.169968 0.734635
vt 0.124957 0.751009
vt 0.124955 0.734697
vt 0.079919 0.751013
vt 0.079926 0.734627
vt 0.169969 0.733999
vt 0.124955 0.734060
vt 0.079927 0.733991
vt 0.077143 0.090922
vt 0.077143 0.091533
vt 0.120286 0.090922
vt 0.120286 0.091533
vt 0.163428 0.090922
vt 0.163428 0.091533
vt 0.163428 0.125794
vt 0.163428 0.125184
vt 0.120286 0.125794
vt 0.120286 0.125184
vt 0.077143 0.125794
vt 0.077143 0.125184
vt 0.079935 0.769936
vt 0.079936 0.770572
vt 0.124962 0.769870
vt 0.124962 0.770506
vt 0.169994 0.769936
vt 0.169993 0.770572
vt 0.163428 0.129245
vt 0.120286 0.129245
vt 0.077143 0.129245
vt 0.170000 0.753542
vt 0.124957 0.753557
vt 0.079917 0.753530
vt 0.077143 0.107138
vt 0.077143 0.109578
vt 0.120286 0.107138
vt 0.120286 0.109578
vt 0.163428 0.107138
vt 0.163428 0.109578
vt 0.077143 0.087471
vt 0.120286 0.087471
vt 0.163428 0.087471
vt 0.079891 0.946585
vt 0.079919 0.963006
vt 0.125039 0.946592
vt 0.125038 0.962944
vt 0.170188 0.946578
vt 0.170157 0.963006
vt 0.079919 0.963643
vt 0.125038 0.963582
vt 0.170157 0.963643
vt 0.163428 0.038323
vt 0.163428 0.037713
vt 0.120286 0.038323
vt 0.120286 0.037713
vt 0.077143 0.038323
vt 0.077143 0.037713
vt 0.077143 0.003451
vt 0.077143 0.004062
vt 0.120286 0.003451
vt 0.120286 0.004062
vt 0.163428 0.003451
vt 0.163428 0.004062
vt 0.170141 0.927633
vt 0.170142 0.926996
vt 0.125039 0.927693
vt 0.125039 0.927055
vt 0.079939 0.927633
vt 0.079938 0.926996
vt 0.077143 0.000000
vt 0.120286 0.000000
vt 0.163428 0.000000
vt 0.079890 0.944061
vt 0.125039 0.944038
vt 0.170186 0.944054
vt 0.163428 0.022107
vt 0.163428 0.019667
vt 0.120286 0.022107
vt 0.120286 0.019667
vt 0.077143 0.022107
vt 0.077143 0.019667
vt 0.163428 0.041774
vt 0.120286 0.041774
vt 0.077143 0.041774
vt 0.079879 0.869364
vt 0.079918 0.885788
vt 0.125027 0.869377
vt 0.125029 0.885727
vt 0.170176 0.869362
vt 0.170142 0.885788
vt 0.079917 0.886425
vt 0.125029 0.886365
vt 0.170143 0.886425
vt 0.077143 0.178393
vt 0.077143 0.179004
vt 0.120286 0.178393
vt 0.120286 0.179004
vt 0.163428 0.178393
vt 0.163428 0.179004
vt 0.163428 0.213265
vt 0.163428 0.212655
vt 0.120286 0.213265
vt 0.120286 0.212655
vt 0.077143 0.213265
vt 0.077143 0.212655
vt 0.170131 0.850417
vt 0.170132 0.849780
vt 0.125028 0.850476
vt 0.125028 0.849838
vt 0.079928 0.850413
vt 0.079927 0.849776
vt 0.163428 0.216716
vt 0.120286 0.216716
vt 0.077143 0.216716
vt 0.079877 0.866840
vt 0.125027 0.866822
vt 0.170175 0.866839
vt 0.077143 0.194609
vt 0.077143 0.197049
vt 0.120286 0.194609
vt 0.120286 0.197049
vt 0.163428 0.194609
vt 0.163428 0.197049
vt 0.077143 0.174942
vt 0.120286 0.174942
vt 0.163428 0.174942
vt 0.170166 0.905448
vt 0.170121 0.889027
vt 0.125020 0.905433
vt 0.125021 0.889086
vt 0.079871 0.905452
vt 0.079918 0.889024
vt 0.170121 0.888390
vt 0.125021 0.888448
vt 0.079917 0.888386
vt 0.163883 0.257482
vt 0.163883 0.256872
vt 0.120740 0.257482
vt 0.120740 0.256872
vt 0.077598 0.257483
vt 0.077598 0.256872
vt 0.077598 0.222611
vt 0.077598 0.223221
vt 0.120740 0.222611
vt 0.120740 0.223221
vt 0.163883 0.222611
vt 0.163883 0.223221
vt 0.079915 0.924397
vt 0.079915 0.925035
vt 0.125022 0.924336
vt 0.125022 0.924974
vt 0.170135 0.924397
vt 0.170136 0.925034
vt 0.077598 0.219160
vt 0.120740 0.219160
vt 0.163883 0.219159
vt 0.170167 0.907971
vt 0.125020 0.907987
vt 0.079873 0.907976
vt 0.163883 0.241267
vt 0.163883 0.238826
vt 0.120740 0.241267
vt 0.120740 0.238827
vt 0.077598 0.241267
vt 0.077598 0.238827
vt 0.163883 0.260934
vt 0.120741 0.260934
vt 0.077598 0.260934
s 0
usemtl WoodenCrate1
f 10/1/1 11/2/1 4/3/1 1/4/1
f 14/5/2 15/6/2 12/7/2 9/8/2
f 7/9/3 8/10/3 3/11/3 4/12/3
f 2/13/4 3/14/4 8/15/4 5/16/4
f 6/17/5 7/18/5 16/19/5 13/20/5
f 1/4/6 4/3/6 3/14/6 2/13/6
f 7/18/7 6/17/7 5/21/7 8/22/7
f 15/6/8 14/5/8 13/20/8 16/19/8
f 11/2/9 10/1/9 9/8/9 12/7/9
f 13/23/10 14/24/10 9/25/10 10/26/10
f 5/27/10 6/28/10 1/29/10 2/30/10
f 6/28/10 13/23/10 10/26/10 1/29/10
f 15/31/3 16/32/3 11/33/3 12/34/3
f 16/32/3 7/9/3 4/12/3 11/33/3
f 27/35/10 17/36/10 19/37/10 25/38/10
f 26/39/2 20/40/2 42/41/2 40/42/2
f 30/43/6 48/44/6 46/45/6 32/46/6
f 38/47/9 28/48/9 26/39/9 40/42/9
f 18/49/5 24/50/5 34/51/5 44/52/5
f 28/53/1 38/54/1 48/55/1 30/56/1
f 37/57/3 39/58/3 41/59/3 43/60/3
f 22/61/4 32/46/4 46/45/4 36/62/4
f 34/63/7 24/64/7 22/61/7 36/62/7
f 43/60/11 41/59/11 42/41/11 44/65/11
f 19/66/12 17/67/12 18/68/12 20/40/12
f 39/58/13 37/57/13 38/47/13 40/42/13
f 27/69/14 25/70/14 26/39/14 28/48/14
f 31/71/15 29/72/15 30/43/15 32/46/15
f 47/73/16 45/74/16 46/45/16 48/44/16
f 35/75/17 33/76/17 34/63/17 36/62/17
f 23/77/18 21/78/18 22/61/18 24/64/18
f 25/70/19 19/66/19 20/40/19 26/39/19
f 41/59/20 39/58/20 40/42/20 42/41/20
f 32/46/21 22/61/21 21/78/21 31/71/21
f 24/50/22 18/49/22 17/36/22 23/79/22
f 28/53/23 30/56/23 29/80/23 27/35/23
f 33/76/24 43/60/24 44/65/24 34/63/24
f 45/74/25 35/75/25 36/62/25 46/45/25
f 37/57/26 47/73/26 48/44/26 38/47/26
f 42/41/8 20/40/8 18/68/8 44/65/8
f 23/79/10 17/36/10 27/35/10 29/80/10
f 21/81/10 23/79/10 29/80/10 31/82/10
f 45/74/3 47/73/3 33/76/3 35/75/3
f 47/73/3 37/57/3 43/60/3 33/76/3
f 59/83/10 49/84/10 51/85/10 57/86/10
f 58/87/2 52/88/2 74/89/2 72/90/2
f 62/91/6 80/92/6 78/93/6 64/94/6
f 70/95/9 60/96/9 58/87/9 72/90/9
f 50/97/5 56/98/5 66/99/5 76/100/5
f 60/101/1 70/102/1 80/103/1 62/104/1
f 69/105/3 71/106/3 73/107/3 75/108/3
f 54/109/4 64/94/4 78/93/4 68/110/4
f 66/111/7 56/112/7 54/109/7 68/110/7
f 75/108/11 73/107/11 74/89/11 76/113/11
f 51/114/12 49/115/12 50/116/12 52/88/12
f 71/106/13 69/105/13 70/95/13 72/90/13
f 59/117/14 57/118/14 58/87/14 60/96/14
f 63/119/15 61/120/15 62/91/15 64/94/15
f 79/121/16 77/122/16 78/93/16 80/92/16
f 67/123/17 65/124/17 66/111/17 68/110/17
f 55/125/18 53/126/18 54/109/18 56/112/18
f 57/118/19 51/114/19 52/88/19 58/87/19
f 73/107/20 71/106/20 72/90/20 74/89/20
f 64/94/21 54/109/21 53/126/21 63/119/21
f 56/98/22 50/97/22 49/84/22 55/127/22
f 60/101/23 62/104/23 61/128/23 59/83/23
f 65/124/24 75/108/24 76/113/24 66/111/24
f 77/122/25 67/123/25 68/110/25 78/93/25
f 69/105/26 79/121/26 80/92/26 70/95/26
f 74/89/8 52/88/8 50/116/8 76/113/8
f 55/127/10 49/84/10 59/83/10 61/128/10
f 53/129/10 55/127/10 61/128/10 63/130/10
f 77/122/3 79/121/3 65/124/3 67/123/3
f 79/121/3 69/105/3 75/108/3 65/124/3
f 91/131/10 81/132/10 83/133/10 89/134/10
f 90/135/2 84/136/2 106/137/2 104/138/2
f 94/139/6 112/140/6 110/141/6 96/142/6
f 102/143/9 92/144/9 90/135/9 104/138/9
f 82/145/5 88/146/5 98/147/5 108/148/5
f 92/149/1 102/150/1 112/151/1 94/152/1
f 101/153/3 103/154/3 105/155/3 107/156/3
f 86/157/4 96/142/4 110/141/4 100/158/4
f 98/159/7 88/160/7 86/157/7 100/158/7
f 107/156/11 105/155/11 106/137/11 108/161/11
f 83/162/12 81/163/12 82/164/12 84/136/12
f 103/154/13 101/153/13 102/143/13 104/138/13
f 91/165/14 89/166/14 90/135/14 92/144/14
f 95/167/15 93/168/15 94/139/15 96/142/15
f 111/169/16 109/170/16 110/141/16 112/140/16
f 99/171/17 97/172/17 98/159/17 100/158/17
f 87/173/18 85/174/18 86/157/18 88/160/18
f 89/166/19 83/162/19 84/136/19 90/135/19
f 105/155/20 103/154/20 104/138/20 106/137/20
f 96/142/21 86/157/21 85/174/21 95/167/21
f 88/146/22 82/145/22 81/132/22 87/175/22
f 92/149/23 94/152/23 93/176/23 91/131/23
f 97/172/24 107/156/24 108/161/24 98/159/24
f 109/170/25 99/171/25 100/158/25 110/141/25
f 101/153/26 111/169/26 112/140/26 102/143/26
f 106/137/8 84/136/8 82/164/8 108/161/8
f 87/175/10 81/132/10 91/131/10 93/176/10
f 85/177/10 87/175/10 93/176/10 95/178/10
f 109/170/3 111/169/3 97/172/3 99/171/3
f 111/169/3 101/153/3 107/156/3 97/172/3
f 123/179/10 113/180/10 115/181/10 121/182/10
f 122/183/2 116/184/2 138/185/2 136/186/2
f 126/187/6 144/188/6 142/189/6 128/190/6
f 134/191/9 124/192/9 122/183/9 136/186/9
f 114/193/5 120/194/5 130/195/5 140/196/5
f 124/197/1 134/198/1 144/199/1 126/200/1
f 133/201/3 135/202/3 137/203/3 139/204/3
f 118/205/4 128/190/4 142/189/4 132/206/4
f 130/207/7 120/208/7 118/205/7 132/206/7
f 139/204/11 137/203/11 138/185/11 140/209/11
f 115/210/12 113/211/12 114/212/12 116/184/12
f 135/202/13 133/201/13 134/191/13 136/186/13
f 123/213/14 121/214/14 122/183/14 124/192/14
f 127/215/15 125/216/15 126/187/15 128/190/15
f 143/217/16 141/218/16 142/189/16 144/188/16
f 131/219/17 129/220/17 130/207/17 132/206/17
f 119/221/18 117/222/18 118/205/18 120/208/18
f 121/214/19 115/210/19 116/184/19 122/183/19
f 137/203/20 135/202/20 136/186/20 138/185/20
f 128/190/21 118/205/21 117/222/21 127/215/21
f 120/194/22 114/193/22 113/180/22 119/223/22
f 124/197/23 126/200/23 125/224/23 123/179/23
f 129/220/24 139/204/24 140/209/24 130/207/24
f 141/218/25 131/219/25 132/206/25 142/189/25
f 133/201/26 143/217/26 144/188/26 134/191/26
f 138/185/8 116/184/8 114/212/8 140/209/8
f 119/223/10 113/180/10 123/179/10 125/224/10
f 117/225/10 119/223/10 125/224/10 127/226/10
f 141/218/3 143/217/3 129/220/3 131/219/3
f 143/217/3 133/201/3 139/204/3 129/220/3
f 155/227/10 145/228/10 147/229/10 153/230/10
f 154/231/2 148/232/2 170/233/2 168/234/2
f 158/235/6 176/236/6 174/237/6 160/238/6
f 166/239/9 156/240/9 154/231/9 168/234/9
f 146/241/5 152/242/5 162/243/5 172/244/5
f 156/245/1 166/246/1 176/247/1 158/248/1
f 165/249/3 167/250/3 169/251/3 171/252/3
f 150/253/4 160/238/4 174/237/4 164/254/4
f 162/255/7 152/256/7 150/253/7 164/254/7
f 171/252/11 169/251/11 170/233/11 172/257/11
f 147/258/12 145/259/12 146/260/12 148/232/12
f 167/250/13 165/249/13 166/239/13 168/234/13
f 155/261/14 153/262/14 154/231/14 156/240/14
f 159/263/15 157/264/15 158/235/15 160/238/15
f 175/265/16 173/266/16 174/237/16 176/236/16
f 163/267/17 161/268/17 162/255/17 164/254/17
f 151/269/18 149/270/18 150/253/18 152/256/18
f 153/262/19 147/258/19 148/232/19 154/231/19
f 169/251/20 167/250/20 168/234/20 170/233/20
f 160/238/21 150/253/21 149/270/21 159/263/21
f 152/242/22 146/241/22 145/228/22 151/271/22
f 156/245/23 158/248/23 157/272/23 155/227/23
f 161/268/24 171/252/24 172/257/24 162/255/24
f 173/266/25 163/267/25 164/254/25 174/237/25
f 165/249/26 175/265/26 176/236/26 166/239/26
f 170/233/8 148/232/8 146/260/8 172/257/8
f 151/271/10 145/228/10 155/227/10 157/272/10
f 149/273/10 151/271/10 157/272/10 159/274/10
f 173/266/3 175/265/3 161/268/3 163/267/3
f 175/265/3 165/249/3 171/252/3 161/268/3
f 187/275/10 177/276/10 179/277/10 185/278/10
f 186/279/1 180/280/1 202/281/1 200/282/1
f 190/283/7 208/284/7 206/285/7 192/286/7
f 198/287/6 188/288/6 186/279/6 200/282/6
f 178/289/2 184/290/2 194/291/2 204/292/2
f 188/293/4 198/294/4 208/295/4 190/296/4
f 197/297/3 199/298/3 201/299/3 203/300/3
f 182/301/5 192/286/5 206/285/5 196/302/5
f 194/303/8 184/304/8 182/301/8 196/302/8
f 203/300/13 201/299/13 202/281/13 204/305/13
f 179/306/14 177/307/14 178/308/14 180/280/14
f 199/298/16 197/297/16 198/287/16 200/282/16
f 187/309/15 185/310/15 186/279/15 188/288/15
f 191/311/18 189/312/18 190/283/18 192/286/18
f 207/313/17 205/314/17 206/285/17 208/284/17
f 195/315/11 193/316/11 194/303/11 196/302/11
f 183/317/12 181/318/12 182/301/12 184/304/12
f 185/310/23 179/306/23 180/280/23 186/279/23
f 201/299/26 199/298/26 200/282/26 202/281/26
f 192/286/22 182/301/22 181/318/22 191/311/22
f 184/290/19 178/289/19 177/276/19 183/319/19
f 188/293/21 190/296/21 189/320/21 187/275/21
f 193/316/20 203/300/20 204/305/20 194/303/20
f 205/314/24 195/315/24 196/302/24 206/285/24
f 197/297/25 207/313/25 208/284/25 198/287/25
f 202/281/9 180/280/9 178/308/9 204/305/9
f 183/319/10 177/276/10 187/275/10 189/320/10
f 181/321/10 183/319/10 189/320/10 191/322/10
f 205/314/3 207/313/3 193/316/3 195/315/3
f 207/313/3 197/297/3 203/300/3 193/316/3
f 219/323/10 209/324/10 211/325/10 217/326/10
f 218/327/1 212/328/1 234/329/1 232/330/1
f 222/331/7 240/332/7 238/333/7 224/334/7
f 230/335/6 220/336/6 218/327/6 232/330/6
f 210/337/2 216/338/2 226/339/2 236/340/2
f 220/341/4 230/342/4 240/343/4 222/344/4
f 229/345/3 231/346/3 233/347/3 235/348/3
f 214/349/5 224/334/5 238/333/5 228/350/5
f 226/351/8 216/352/8 214/349/8 228/350/8
f 235/348/13 233/347/13 234/329/13 236/353/13
f 211/354/14 209/355/14 210/356/14 212/328/14
f 231/346/16 229/345/16 230/335/16 232/330/16
f 219/357/15 217/358/15 218/327/15 220/336/15
f 223/359/18 221/360/18 222/331/18 224/334/18
f 239/361/17 237/362/17 238/333/17 240/332/17
f 227/363/11 225/364/11 226/351/11 228/350/11
f 215/365/12 213/366/12 214/349/12 216/352/12
f 217/358/23 211/354/23 212/328/23 218/327/23
f 233/347/26 231/346/26 232/330/26 234/329/26
f 224/334/22 214/349/22 213/366/22 223/359/22
f 216/338/19 210/337/19 209/324/19 215/367/19
f 220/341/21 222/344/21 221/368/21 219/323/21
f 225/364/20 235/348/20 236/353/20 226/351/20
f 237/362/24 227/363/24 228/350/24 238/333/24
f 229/345/25 239/361/25 240/332/25 230/335/25
f 234/329/9 212/328/9 210/356/9 236/353/9
f 215/367/10 209/324/10 219/323/10 221/368/10
f 213/369/10 215/367/10 221/368/10 223/370/10
f 237/362/3 239/361/3 225/364/3 227/363/3
f 239/361/3 229/345/3 235/348/3 225/364/3
f 251/371/1 241/372/1 243/373/1 249/374/1
f 250/375/2 244/376/2 266/377/2 264/378/2
f 254/379/25 272/380/25 270/381/25 256/382/25
f 262/383/20 252/384/20 250/375/20 264/378/20
f 242/385/10 248/386/10 258/387/10 268/388/10
f 252/389/3 262/390/3 272/391/3 254/392/3
f 261/393/5 263/394/5 265/395/5 267/396/5
f 246/397/4 256/382/4 270/381/4 260/398/4
f 258/399/21 248/400/21 246/397/21 260/398/21
f 267/396/27 265/395/27 266/377/27 268/401/27
f 243/402/28 241/403/28 242/404/28 244/376/28
f 263/394/29 261/393/29 262/383/29 264/378/29
f 251/405/30 249/406/30 250/375/30 252/384/30
f 255/407/31 253/408/31 254/379/31 256/382/31
f 271/409/32 269/410/32 270/381/32 272/380/32
f 259/411/33 257/412/33 258/399/33 260/398/33
f 247/413/34 245/414/34 246/397/34 248/400/34
f 249/406/9 243/402/9 244/376/9 250/375/9
f 265/395/8 263/394/8 264/378/8 266/377/8
f 256/382/6 246/397/6 245/414/6 255/407/6
f 248/386/23 242/385/23 241/372/23 247/415/23
f 252/389/26 254/392/26 253/416/26 251/371/26
f 257/412/22 267/396/22 268/401/22 258/399/22
f 269/410/7 259/411/7 260/398/7 270/381/7
f 261/393/24 271/409/24 272/380/24 262/383/24
f 266/377/19 244/376/19 242/404/19 268/401/19
f 247/415/1 241/372/1 251/371/1 253/416/1
f 245/417/1 247/415/1 253/416/1 255/418/1
f 269/410/5 271/409/5 257/412/5 259/411/5
f 271/409/5 261/393/5 267/396/5 257/412/5
f 283/419/1 273/420/1 275/421/1 281/422/1
f 282/423/2 276/424/2 298/425/2 296/426/2
f 286/427/25 304/428/25 302/429/25 288/430/25
f 294/431/20 284/432/20 282/423/20 296/426/20
f 274/433/10 280/434/10 290/435/10 300/436/10
f 284/437/3 294/438/3 304/439/3 286/440/3
f 293/441/5 295/442/5 297/443/5 299/444/5
f 278/445/4 288/430/4 302/429/4 292/446/4
f 290/447/21 280/448/21 278/445/21 292/446/21
f 299/444/27 297/443/27 298/425/27 300/449/27
f 275/450/28 273/451/28 274/452/28 276/424/28
f 295/442/29 293/441/29 294/431/29 296/426/29
f 283/453/30 281/454/30 282/423/30 284/432/30
f 287/455/31 285/456/31 286/427/31 288/430/31
f 303/457/32 301/458/32 302/429/32 304/428/32
f 291/459/33 289/460/33 290/447/33 292/446/33
f 279/461/34 277/462/34 278/445/34 280/448/34
f 281/454/9 275/450/9 276/424/9 282/423/9
f 297/443/8 295/442/8 296/426/8 298/425/8
f 288/430/6 278/445/6 277/462/6 287/455/6
f 280/434/23 274/433/23 273/420/23 279/463/23
f 284/437/26 286/440/26 285/464/26 283/419/26
f 289/460/22 299/444/22 300/449/22 290/447/22
f 301/458/7 291/459/7 292/446/7 302/429/7
f 293/441/24 303/457/24 304/428/24 294/431/24
f 298/425/19 276/424/19 274/452/19 300/449/19
f 279/463/1 273/420/1 283/419/1 285/464/1
f 277/465/1 279/463/1 285/464/1 287/466/1
f 301/458/5 303/457/5 289/460/5 291/459/5
f 303/457/5 293/441/5 299/444/5 289/460/5
f 315/467/1 305/468/1 307/469/1 313/470/1
f 314/471/2 308/472/2 330/473/2 328/474/2
f 318/475/25 336/476/25 334/477/25 320/478/25
f 326/479/20 316/480/20 314/471/20 328/474/20
f 306/481/10 312/482/10 322/483/10 332/484/10
f 316/485/3 326/486/3 336/487/3 318/488/3
f 325/489/5 327/490/5 329/491/5 331/492/5
f 310/493/4 320/478/4 334/477/4 324/494/4
f 322/495/21 312/496/21 310/493/21 324/494/21
f 331/492/27 329/491/27 330/473/27 332/497/27
f 307/498/28 305/499/28 306/500/28 308/472/28
f 327/490/29 325/489/29 326/479/29 328/474/29
f 315/501/30 313/502/30 314/471/30 316/480/30
f 319/503/31 317/504/31 318/475/31 320/478/31
f 335/505/32 333/506/32 334/477/32 336/476/32
f 323/507/33 321/508/33 322/495/33 324/494/33
f 311/509/34 309/510/34 310/493/34 312/496/34
f 313/502/9 307/498/9 308/472/9 314/471/9
f 329/491/8 327/490/8 328/474/8 330/473/8
f 320/478/6 310/493/6 309/510/6 319/503/6
f 312/482/23 306/481/23 305/468/23 311/511/23
f 316/485/26 318/488/26 317/512/26 315/467/26
f 321/508/22 331/492/22 332/497/22 322/495/22
f 333/506/7 323/507/7 324/494/7 334/477/7
f 325/489/24 335/505/24 336/476/24 326/479/24
f 330/473/19 308/472/19 306/500/19 332/497/19
f 311/511/1 305/468/1 315/467/1 317/512/1
f 309/513/1 311/511/1 317/512/1 319/514/1
f 333/506/5 335/505/5 321/508/5 323/507/5
f 335/505/5 325/489/5 331/492/5 321/508/5
f 347/515/1 337/516/1 339/517/1 345/518/1
f 346/519/2 340/520/2 362/521/2 360/522/2
f 350/523/25 368/524/25 366/525/25 352/526/25
f 358/527/20 348/528/20 346/519/20 360/522/20
f 338/529/10 344/530/10 354/531/10 364/532/10
f 348/533/3 358/534/3 368/535/3 350/536/3
f 357/537/5 359/538/5 361/539/5 363/540/5
f 342/541/4 352/526/4 366/525/4 356/542/4
f 354/543/21 344/544/21 342/541/21 356/542/21
f 363/540/27 361/539/27 362/521/27 364/545/27
f 339/546/28 337/547/28 338/548/28 340/520/28
f 359/538/29 357/537/29 358/527/29 360/522/29
f 347/549/30 345/550/30 346/519/30 348/528/30
f 351/551/31 349/552/31 350/523/31 352/526/31
f 367/553/32 365/554/32 366/525/32 368/524/32
f 355/555/33 353/556/33 354/543/33 356/542/33
f 343/557/34 341/558/34 342/541/34 344/544/34
f 345/550/9 339/546/9 340/520/9 346/519/9
f 361/539/8 359/538/8 360/522/8 362/521/8
f 352/526/6 342/541/6 341/558/6 351/551/6
f 344/530/23 338/529/23 337/516/23 343/559/23
f 348/533/26 350/536/26 349/560/26 347/515/26
f 353/556/22 363/540/22 364/545/22 354/543/22
f 365/554/7 355/555/7 356/542/7 366/525/7
f 357/537/24 367/553/24 368/524/24 358/527/24
f 362/521/19 340/520/19 338/548/19 364/545/19
f 343/559/1 337/516/1 347/515/1 349/560/1
f 341/561/1 343/559/1 349/560/1 351/562/1
f 365/554/5 367/553/5 353/556/5 355/555/5
f 367/553/5 357/537/5 363/540/5 353/556/5
f 379/563/1 369/564/1 371/565/1 377/566/1
f 378/567/2 372/568/2 394/569/2 392/570/2
f 382/571/25 400/572/25 398/573/25 384/574/25
f 390/575/20 380/576/20 378/567/20 392/570/20
f 370/577/10 376/578/10 386/579/10 396/580/10
f 380/581/3 390/582/3 400/583/3 382/584/3
f 389/585/5 391/586/5 393/587/5 395/588/5
f 374/589/4 384/574/4 398/573/4 388/590/4
f 386/591/21 376/592/21 374/589/21 388/590/21
f 395/588/27 393/587/27 394/569/27 396/593/27
f 371/594/28 369/595/28 370/596/28 372/568/28
f 391/586/29 389/585/29 390/575/29 392/570/29
f 379/597/30 377/598/30 378/567/30 380/576/30
f 383/599/31 381/600/31 382/571/31 384/574/31
f 399/601/32 397/602/32 398/573/32 400/572/32
f 387/603/33 385/604/33 386/591/33 388/590/33
f 375/605/34 373/606/34 374/589/34 376/592/34
f 377/598/9 371/594/9 372/568/9 378/567/9
f 393/587/8 391/586/8 392/570/8 394/569/8
f 384/574/6 374/589/6 373/606/6 383/599/6
f 376/578/23 370/577/23 369/564/23 375/607/23
f 380/581/26 382/584/26 381/608/26 379/563/26
f 385/604/22 395/588/22 396/593/22 386/591/22
f 397/602/7 387/603/7 388/590/7 398/573/7
f 389/585/24 399/601/24 400/572/24 390/575/24
f 394/569/19 372/568/19 370/596/19 396/593/19
f 375/607/1 369/564/1 379/563/1 381/608/1
f 373/609/1 375/607/1 381/608/1 383/610/1
f 397/602/5 399/601/5 385/604/5 387/603/5
f 399/601/5 389/585/5 395/588/5 385/604/5
f 411/611/1 401/612/1 403/613/1 409/614/1
f 410/615/3 404/616/3 426/617/3 424/618/3
f 414/619/21 432/620/21 430/621/21 416/622/21
f 422/623/25 412/624/25 410/615/25 424/618/25
f 402/625/2 408/626/2 418/627/2 428/628/2
f 412/629/4 422/630/4 432/631/4 414/632/4
f 421/633/5 423/634/5 425/635/5 427/636/5
f 406/637/10 416/622/10 430/621/10 420/638/10
f 418/639/19 408/640/19 406/637/19 420/638/19
f 427/636/29 425/635/29 426/617/29 428/641/29
f 403/642/30 401/643/30 402/644/30 404/616/30
f 423/634/32 421/633/32 422/623/32 424/618/32
f 411/645/31 409/646/31 410/615/31 412/624/31
f 415/647/34 413/648/34 414/619/34 416/622/34
f 431/649/33 429/650/33 430/621/33 432/620/33
f 419/651/27 417/652/27 418/639/27 420/638/27
f 407/653/28 405/654/28 406/637/28 408/640/28
f 409/646/26 403/642/26 404/616/26 410/615/26
f 425/635/24 423/634/24 424/618/24 426/617/24
f 416/622/23 406/637/23 405/654/23 415/647/23
f 408/626/9 402/625/9 401/612/9 407/655/9
f 412/629/6 414/632/6 413/656/6 411/611/6
f 417/652/8 427/636/8 428/641/8 418/639/8
f 429/650/22 419/651/22 420/638/22 430/621/22
f 421/633/7 431/649/7 432/620/7 422/623/7
f 426/617/20 404/616/20 402/644/20 428/641/20
f 407/655/1 401/612/1 411/611/1 413/656/1
f 405/657/1 407/655/1 413/656/1 415/658/1
f 429/650/5 431/649/5 417/652/5 419/651/5
f 431/649/5 421/633/5 427/636/5 417/652/5
f 443/659/1 433/660/1 435/661/1 441/662/1
f 442/663/3 436/664/3 458/665/3 456/666/3
f 446/667/21 464/668/21 462/669/21 448/670/21
f 454/671/25 444/672/25 442/663/25 456/666/25
f 434/673/2 440/674/2 450/675/2 460/676/2
f 444/677/4 454/678/4 464/679/4 446/680/4
f 453/681/5 455/682/5 457/683/5 459/684/5
f 438/685/10 448/670/10 462/669/10 452/686/10
f 450/687/19 440/688/19 438/685/19 452/686/19
f 459/684/29 457/683/29 458/665/29 460/689/29
f 435/690/30 433/691/30 434/692/30 436/664/30
f 455/682/32 453/681/32 454/671/32 456/666/32
f 443/693/31 441/694/31 442/663/31 444/672/31
f 447/695/34 445/696/34 446/667/34 448/670/34
f 463/697/33 461/698/33 462/669/33 464/668/33
f 451/699/27 449/700/27 450/687/27 452/686/27
f 439/701/28 437/702/28 438/685/28 440/688/28
f 441/694/26 435/690/26 436/664/26 442/663/26
f 457/683/24 455/682/24 456/666/24 458/665/24
f 448/670/23 438/685/23 437/702/23 447/695/23
f 440/674/9 434/673/9 433/660/9 439/703/9
f 444/677/6 446/680/6 445/704/6 443/659/6
f 449/700/8 459/684/8 460/689/8 450/687/8
f 461/698/22 451/699/22 452/686/22 462/669/22
f 453/681/7 463/697/7 464/668/7 454/671/7
f 458/665/20 436/664/20 434/692/20 460/689/20
f 439/703/1 433/660/1 443/659/1 445/704/1
f 437/705/1 439/703/1 445/704/1 447/706/1
f 461/698/5 463/697/5 449/700/5 451/699/5
f 463/697/5 453/681/5 459/684/5 449/700/5
f 476/707/33 1993/708/33 1999/709/33 475/710/33
f 481/711/1 485/712/1 2029/713/1 1978/714/1
f 470/715/20 1989/716/20 2003/717/20 466/718/20
f 478/719/3 495/720/3 483/721/3 468/722/3
f 1979/723/1 2028/724/1 473/725/1 479/726/1
f 490/727/2 470/728/2 466/729/2 487/730/2
f 472/731/10 491/732/10 486/733/10 482/734/10
f 490/727/19 487/730/19 486/733/19 491/732/19
f 2034/735/35 1538/736/35 1537/737/35 2038/738/35
f 494/739/4 475/740/4 480/741/4 474/742/4
f 496/743/5 2018/744/5 2024/745/5 493/746/5
f 492/747/5 471/748/5 1994/749/5 2023/750/5
f 494/739/25 474/742/25 483/721/25 495/720/25
f 475/710/21 1999/709/21 1973/751/21 480/752/21
f 469/753/5 489/754/5 2019/755/5 1983/756/5
f 2024/745/5 1993/708/5 476/707/5 493/746/5
f 466/729/30 2003/757/30 2008/758/30 465/759/30
f 486/733/36 487/730/36 488/760/36 485/712/36
f 490/727/37 491/732/37 492/761/37 489/762/37
f 494/739/38 495/720/38 496/763/38 493/764/38
f 493/764/39 476/765/39 475/740/39 494/739/39
f 487/730/40 466/729/40 465/759/40 488/760/40
f 468/722/41 483/721/41 484/766/41 467/767/41
f 477/768/42 496/763/42 495/720/42 478/719/42
f 471/769/43 492/761/43 491/732/43 472/731/43
f 489/762/44 469/770/44 470/728/44 490/727/44
f 482/734/45 486/733/45 485/712/45 481/711/45
f 479/726/46 473/725/46 474/742/46 480/741/46
f 483/721/47 474/742/47 473/725/47 484/766/47
f 485/712/1 488/760/1 2014/771/1 2029/713/1
f 507/772/3 497/773/3 499/774/3 505/775/3
f 506/776/2 500/777/2 522/778/2 520/779/2
f 510/780/7 528/781/7 526/782/7 512/783/7
f 518/784/8 508/785/8 506/776/8 520/779/8
f 498/786/1 504/787/1 514/788/1 524/789/1
f 508/790/5 518/791/5 528/792/5 510/793/5
f 517/794/10 519/795/10 521/796/10 523/797/10
f 502/798/4 512/783/4 526/782/4 516/799/4
f 514/800/6 504/801/6 502/798/6 516/799/6
f 523/797/14 521/796/14 522/778/14 524/802/14
f 499/803/13 497/804/13 498/805/13 500/777/13
f 519/795/12 517/794/12 518/784/12 520/779/12
f 507/806/11 505/807/11 506/776/11 508/785/11
f 511/808/17 509/809/17 510/780/17 512/783/17
f 527/810/18 525/811/18 526/782/18 528/781/18
f 515/812/15 513/813/15 514/800/15 516/799/15
f 503/814/16 501/815/16 502/798/16 504/801/16
f 505/807/20 499/803/20 500/777/20 506/776/20
f 521/796/19 519/795/19 520/779/19 522/778/19
f 512/783/25 502/798/25 501/815/25 511/808/25
f 504/787/26 498/786/26 497/773/26 503/816/26
f 508/790/24 510/793/24 509/817/24 507/772/24
f 513/813/23 523/797/23 524/802/23 514/800/23
f 525/811/21 515/812/21 516/799/21 526/782/21
f 517/794/22 527/810/22 528/781/22 518/784/22
f 522/778/9 500/777/9 498/805/9 524/802/9
f 503/816/3 497/773/3 507/772/3 509/817/3
f 501/818/3 503/816/3 509/817/3 511/819/3
f 525/811/10 527/810/10 513/813/10 515/812/10
f 527/810/10 517/794/10 523/797/10 513/813/10
f 539/820/3 529/821/3 531/822/3 537/823/3
f 538/824/2 532/825/2 554/826/2 552/827/2
f 542/828/7 560/829/7 558/830/7 544/831/7
f 550/832/8 540/833/8 538/824/8 552/827/8
f 530/834/1 536/835/1 546/836/1 556/837/1
f 540/838/5 550/839/5 560/840/5 542/841/5
f 549/842/10 551/843/10 553/844/10 555/845/10
f 534/846/4 544/831/4 558/830/4 548/847/4
f 546/848/6 536/849/6 534/846/6 548/847/6
f 555/845/14 553/844/14 554/826/14 556/850/14
f 531/851/13 529/852/13 530/853/13 532/825/13
f 551/843/12 549/842/12 550/832/12 552/827/12
f 539/854/11 537/855/11 538/824/11 540/833/11
f 543/856/17 541/857/17 542/828/17 544/831/17
f 559/858/18 557/859/18 558/830/18 560/829/18
f 547/860/15 545/861/15 546/848/15 548/847/15
f 535/862/16 533/863/16 534/846/16 536/849/16
f 537/855/20 531/851/20 532/825/20 538/824/20
f 553/844/19 551/843/19 552/827/19 554/826/19
f 544/831/25 534/846/25 533/863/25 543/856/25
f 536/835/26 530/834/26 529/821/26 535/864/26
f 540/838/24 542/841/24 541/865/24 539/820/24
f 545/861/23 555/845/23 556/850/23 546/848/23
f 557/859/21 547/860/21 548/847/21 558/830/21
f 549/842/22 559/858/22 560/829/22 550/832/22
f 554/826/9 532/825/9 530/853/9 556/850/9
f 535/864/3 529/821/3 539/820/3 541/865/3
f 533/866/3 535/864/3 541/865/3 543/867/3
f 557/859/10 559/858/10 545/861/10 547/860/10
f 559/858/10 549/842/10 555/845/10 545/861/10
f 571/868/3 561/869/3 563/870/3 569/871/3
f 570/872/2 564/873/2 586/874/2 584/875/2
f 574/876/7 592/877/7 590/878/7 576/879/7
f 582/880/8 572/881/8 570/872/8 584/875/8
f 562/882/1 568/883/1 578/884/1 588/885/1
f 572/886/5 582/887/5 592/888/5 574/889/5
f 581/890/10 583/891/10 585/892/10 587/893/10
f 566/894/4 576/879/4 590/878/4 580/895/4
f 578/896/6 568/897/6 566/894/6 580/895/6
f 587/893/14 585/892/14 586/874/14 588/898/14
f 563/899/13 561/900/13 562/901/13 564/873/13
f 583/891/12 581/890/12 582/880/12 584/875/12
f 571/902/11 569/903/11 570/872/11 572/881/11
f 575/904/17 573/905/17 574/876/17 576/879/17
f 591/906/18 589/907/18 590/878/18 592/877/18
f 579/908/15 577/909/15 578/896/15 580/895/15
f 567/910/16 565/911/16 566/894/16 568/897/16
f 569/903/20 563/899/20 564/873/20 570/872/20
f 585/892/19 583/891/19 584/875/19 586/874/19
f 576/879/25 566/894/25 565/911/25 575/904/25
f 568/883/26 562/882/26 561/869/26 567/912/26
f 572/886/24 574/889/24 573/913/24 571/868/24
f 577/909/23 587/893/23 588/898/23 578/896/23
f 589/907/21 579/908/21 580/895/21 590/878/21
f 581/890/22 591/906/22 592/877/22 582/880/22
f 586/874/9 564/873/9 562/901/9 588/898/9
f 567/912/3 561/869/3 571/868/3 573/913/3
f 565/914/3 567/912/3 573/913/3 575/915/3
f 589/907/10 591/906/10 577/909/10 579/908/10
f 591/906/10 581/890/10 587/893/10 577/909/10
f 603/916/3 593/917/3 595/918/3 601/919/3
f 602/920/2 596/921/2 618/922/2 616/923/2
f 606/924/7 624/925/7 622/926/7 608/927/7
f 614/928/8 604/929/8 602/920/8 616/923/8
f 594/930/1 600/931/1 610/932/1 620/933/1
f 604/934/5 614/935/5 624/936/5 606/937/5
f 613/938/10 615/939/10 617/940/10 619/941/10
f 598/942/4 608/927/4 622/926/4 612/943/4
f 610/944/6 600/945/6 598/942/6 612/943/6
f 619/941/14 617/940/14 618/922/14 620/946/14
f 595/947/13 593/948/13 594/949/13 596/921/13
f 615/939/12 613/938/12 614/928/12 616/923/12
f 603/950/11 601/951/11 602/920/11 604/929/11
f 607/952/17 605/953/17 606/924/17 608/927/17
f 623/954/18 621/955/18 622/926/18 624/925/18
f 611/956/15 609/957/15 610/944/15 612/943/15
f 599/958/16 597/959/16 598/942/16 600/945/16
f 601/951/20 595/947/20 596/921/20 602/920/20
f 617/940/19 615/939/19 616/923/19 618/922/19
f 608/927/25 598/942/25 597/959/25 607/952/25
f 600/931/26 594/930/26 593/917/26 599/960/26
f 604/934/24 606/937/24 605/961/24 603/916/24
f 609/957/23 619/941/23 620/946/23 610/944/23
f 621/955/21 611/956/21 612/943/21 622/926/21
f 613/938/22 623/954/22 624/925/22 614/928/22
f 618/922/9 596/921/9 594/949/9 620/946/9
f 599/960/3 593/917/3 603/916/3 605/961/3
f 597/962/3 599/960/3 605/961/3 607/963/3
f 621/955/10 623/954/10 609/957/10 611/956/10
f 623/954/10 613/938/10 619/941/10 609/957/10
f 635/964/3 625/965/3 627/966/3 633/967/3
f 634/968/2 628/969/2 650/970/2 648/971/2
f 638/972/7 656/973/7 654/974/7 640/975/7
f 646/976/8 636/977/8 634/968/8 648/971/8
f 626/978/1 632/979/1 642/980/1 652/981/1
f 636/982/5 646/983/5 656/984/5 638/985/5
f 645/986/10 647/987/10 649/988/10 651/989/10
f 630/990/4 640/975/4 654/974/4 644/991/4
f 642/992/6 632/993/6 630/990/6 644/991/6
f 651/989/14 649/988/14 650/970/14 652/994/14
f 627/995/13 625/996/13 626/997/13 628/969/13
f 647/987/12 645/986/12 646/976/12 648/971/12
f 635/998/11 633/999/11 634/968/11 636/977/11
f 639/1000/17 637/1001/17 638/972/17 640/975/17
f 655/1002/18 653/1003/18 654/974/18 656/973/18
f 643/1004/15 641/1005/15 642/992/15 644/991/15
f 631/1006/16 629/1007/16 630/990/16 632/993/16
f 633/999/20 627/995/20 628/969/20 634/968/20
f 649/988/19 647/987/19 648/971/19 650/970/19
f 640/975/25 630/990/25 629/1007/25 639/1000/25
f 632/979/26 626/978/26 625/965/26 631/1008/26
f 636/982/24 638/985/24 637/1009/24 635/964/24
f 641/1005/23 651/989/23 652/994/23 642/992/23
f 653/1003/21 643/1004/21 644/991/21 654/974/21
f 645/986/22 655/1002/22 656/973/22 646/976/22
f 650/970/9 628/969/9 626/997/9 652/994/9
f 631/1008/3 625/965/3 635/964/3 637/1009/3
f 629/1010/3 631/1008/3 637/1009/3 639/1011/3
f 653/1003/10 655/1002/10 641/1005/10 643/1004/10
f 655/1002/10 645/986/10 651/989/10 641/1005/10
f 667/1012/3 657/1013/3 659/1014/3 665/1015/3
f 666/1016/5 660/1017/5 682/1018/5 680/1019/5
f 670/1020/6 688/1021/6 686/1022/6 672/1023/6
f 678/1024/7 668/1025/7 666/1016/7 680/1019/7
f 658/1026/2 664/1027/2 674/1028/2 684/1029/2
f 668/1030/4 678/1031/4 688/1032/4 670/1033/4
f 677/1034/10 679/1035/10 681/1036/10 683/1037/10
f 662/1038/1 672/1023/1 686/1022/1 676/1039/1
f 674/1040/9 664/1041/9 662/1038/9 676/1039/9
f 683/1037/12 681/1036/12 682/1018/12 684/1042/12
f 659/1043/11 657/1044/11 658/1045/11 660/1017/11
f 679/1035/18 677/1034/18 678/1024/18 680/1019/18
f 667/1046/17 665/1047/17 666/1016/17 668/1025/17
f 671/1048/16 669/1049/16 670/1020/16 672/1023/16
f 687/1050/15 685/1051/15 686/1022/15 688/1021/15
f 675/1052/14 673/1053/14 674/1040/14 676/1039/14
f 663/1054/13 661/1055/13 662/1038/13 664/1041/13
f 665/1047/24 659/1043/24 660/1017/24 666/1016/24
f 681/1036/22 679/1035/22 680/1019/22 682/1018/22
f 672/1023/26 662/1038/26 661/1055/26 671/1048/26
f 664/1027/20 658/1026/20 657/1013/20 663/1056/20
f 668/1030/25 670/1033/25 669/1057/25 667/1012/25
f 673/1053/19 683/1037/19 684/1042/19 674/1040/19
f 685/1051/23 675/1052/23 676/1039/23 686/1022/23
f 677/1034/21 687/1050/21 688/1021/21 678/1024/21
f 682/1018/8 660/1017/8 658/1045/8 684/1042/8
f 663/1056/3 657/1013/3 667/1012/3 669/1057/3
f 661/1058/3 663/1056/3 669/1057/3 671/1059/3
f 685/1051/10 687/1050/10 673/1053/10 675/1052/10
f 687/1050/10 677/1034/10 683/1037/10 673/1053/10
f 699/1060/3 689/1061/3 691/1062/3 697/1063/3
f 698/1064/5 692/1065/5 714/1066/5 712/1067/5
f 702/1068/6 720/1069/6 718/1070/6 704/1071/6
f 710/1072/7 700/1073/7 698/1064/7 712/1067/7
f 690/1074/2 696/1075/2 706/1076/2 716/1077/2
f 700/1078/4 710/1079/4 720/1080/4 702/1081/4
f 709/1082/10 711/1083/10 713/1084/10 715/1085/10
f 694/1086/1 704/1071/1 718/1070/1 708/1087/1
f 706/1088/9 696/1089/9 694/1086/9 708/1087/9
f 715/1085/12 713/1084/12 714/1066/12 716/1090/12
f 691/1091/11 689/1092/11 690/1093/11 692/1065/11
f 711/1083/18 709/1082/18 710/1072/18 712/1067/18
f 699/1094/17 697/1095/17 698/1064/17 700/1073/17
f 703/1096/16 701/1097/16 702/1068/16 704/1071/16
f 719/1098/15 717/1099/15 718/1070/15 720/1069/15
f 707/1100/14 705/1101/14 706/1088/14 708/1087/14
f 695/1102/13 693/1103/13 694/1086/13 696/1089/13
f 697/1095/24 691/1091/24 692/1065/24 698/1064/24
f 713/1084/22 711/1083/22 712/1067/22 714/1066/22
f 704/1071/26 694/1086/26 693/1103/26 703/1096/26
f 696/1075/20 690/1074/20 689/1061/20 695/1104/20
f 700/1078/25 702/1081/25 701/1105/25 699/1060/25
f 705/1101/19 715/1085/19 716/1090/19 706/1088/19
f 717/1099/23 707/1100/23 708/1087/23 718/1070/23
f 709/1082/21 719/1098/21 720/1069/21 710/1072/21
f 714/1066/8 692/1065/8 690/1093/8 716/1090/8
f 695/1104/3 689/1061/3 699/1060/3 701/1105/3
f 693/1106/3 695/1104/3 701/1105/3 703/1107/3
f 717/1099/10 719/1098/10 705/1101/10 707/1100/10
f 719/1098/10 709/1082/10 715/1085/10 705/1101/10
f 731/1108/5 721/1109/5 723/1110/5 729/1111/5
f 730/1112/2 724/1113/2 746/1114/2 744/1115/2
f 734/1116/21 752/1117/21 750/1118/21 736/1119/21
f 742/1120/19 732/1121/19 730/1112/19 744/1115/19
f 722/1122/3 728/1123/3 738/1124/3 748/1125/3
f 732/1126/10 742/1127/10 752/1128/10 734/1129/10
f 741/1130/1 743/1131/1 745/1132/1 747/1133/1
f 726/1134/4 736/1119/4 750/1118/4 740/1135/4
f 738/1136/25 728/1137/25 726/1134/25 740/1135/25
f 747/1133/30 745/1132/30 746/1114/30 748/1138/30
f 723/1139/29 721/1140/29 722/1141/29 724/1113/29
f 743/1131/28 741/1130/28 742/1120/28 744/1115/28
f 731/1142/27 729/1143/27 730/1112/27 732/1121/27
f 735/1144/33 733/1145/33 734/1116/33 736/1119/33
f 751/1146/34 749/1147/34 750/1118/34 752/1117/34
f 739/1148/31 737/1149/31 738/1136/31 740/1135/31
f 727/1150/32 725/1151/32 726/1134/32 728/1137/32
f 729/1143/8 723/1139/8 724/1113/8 730/1112/8
f 745/1132/9 743/1131/9 744/1115/9 746/1114/9
f 736/1119/7 726/1134/7 725/1151/7 735/1144/7
f 728/1123/24 722/1122/24 721/1109/24 727/1152/24
f 732/1126/22 734/1129/22 733/1153/22 731/1108/22
f 737/1149/26 747/1133/26 748/1138/26 738/1136/26
f 749/1147/6 739/1148/6 740/1135/6 750/1118/6
f 741/1130/23 751/1146/23 752/1117/23 742/1120/23
f 746/1114/20 724/1113/20 722/1141/20 748/1138/20
f 727/1152/5 721/1109/5 731/1108/5 733/1153/5
f 725/1154/5 727/1152/5 733/1153/5 735/1155/5
f 749/1147/1 751/1146/1 737/1149/1 739/1148/1
f 751/1146/1 741/1130/1 747/1133/1 737/1149/1
f 763/1156/5 753/1157/5 755/1158/5 761/1159/5
f 762/1160/2 756/1161/2 778/1162/2 776/1163/2
f 766/1164/21 784/1165/21 782/1166/21 768/1167/21
f 774/1168/19 764/1169/19 762/1160/19 776/1163/19
f 754/1170/3 760/1171/3 770/1172/3 780/1173/3
f 764/1174/10 774/1175/10 784/1176/10 766/1177/10
f 773/1178/1 775/1179/1 777/1180/1 779/1181/1
f 758/1182/4 768/1167/4 782/1166/4 772/1183/4
f 770/1184/25 760/1185/25 758/1182/25 772/1183/25
f 779/1181/30 777/1180/30 778/1162/30 780/1186/30
f 755/1187/29 753/1188/29 754/1189/29 756/1161/29
f 775/1179/28 773/1178/28 774/1168/28 776/1163/28
f 763/1190/27 761/1191/27 762/1160/27 764/1169/27
f 767/1192/33 765/1193/33 766/1164/33 768/1167/33
f 783/1194/34 781/1195/34 782/1166/34 784/1165/34
f 771/1196/31 769/1197/31 770/1184/31 772/1183/31
f 759/1198/32 757/1199/32 758/1182/32 760/1185/32
f 761/1191/8 755/1187/8 756/1161/8 762/1160/8
f 777/1180/9 775/1179/9 776/1163/9 778/1162/9
f 768/1167/7 758/1182/7 757/1199/7 767/1192/7
f 760/1171/24 754/1170/24 753/1157/24 759/1200/24
f 764/1174/22 766/1177/22 765/1201/22 763/1156/22
f 769/1197/26 779/1181/26 780/1186/26 770/1184/26
f 781/1195/6 771/1196/6 772/1183/6 782/1166/6
f 773/1178/23 783/1194/23 784/1165/23 774/1168/23
f 778/1162/20 756/1161/20 754/1189/20 780/1186/20
f 759/1200/5 753/1157/5 763/1156/5 765/1201/5
f 757/1202/5 759/1200/5 765/1201/5 767/1203/5
f 781/1195/1 783/1194/1 769/1197/1 771/1196/1
f 783/1194/1 773/1178/1 779/1181/1 769/1197/1
f 795/1204/5 785/1205/5 787/1206/5 793/1207/5
f 794/1208/2 788/1209/2 810/1210/2 808/1211/2
f 798/1212/21 816/1213/21 814/1214/21 800/1215/21
f 806/1216/19 796/1217/19 794/1208/19 808/1211/19
f 786/1218/3 792/1219/3 802/1220/3 812/1221/3
f 796/1222/10 806/1223/10 816/1224/10 798/1225/10
f 805/1226/1 807/1227/1 809/1228/1 811/1229/1
f 790/1230/4 800/1215/4 814/1214/4 804/1231/4
f 802/1232/25 792/1233/25 790/1230/25 804/1231/25
f 811/1229/30 809/1228/30 810/1210/30 812/1234/30
f 787/1235/29 785/1236/29 786/1237/29 788/1209/29
f 807/1227/28 805/1226/28 806/1216/28 808/1211/28
f 795/1238/27 793/1239/27 794/1208/27 796/1217/27
f 799/1240/33 797/1241/33 798/1212/33 800/1215/33
f 815/1242/34 813/1243/34 814/1214/34 816/1213/34
f 803/1244/31 801/1245/31 802/1232/31 804/1231/31
f 791/1246/32 789/1247/32 790/1230/32 792/1233/32
f 793/1239/8 787/1235/8 788/1209/8 794/1208/8
f 809/1228/9 807/1227/9 808/1211/9 810/1210/9
f 800/1215/7 790/1230/7 789/1247/7 799/1240/7
f 792/1219/24 786/1218/24 785/1205/24 791/1248/24
f 796/1222/22 798/1225/22 797/1249/22 795/1204/22
f 801/1245/26 811/1229/26 812/1234/26 802/1232/26
f 813/1243/6 803/1244/6 804/1231/6 814/1214/6
f 805/1226/23 815/1242/23 816/1213/23 806/1216/23
f 810/1210/20 788/1209/20 786/1237/20 812/1234/20
f 791/1248/5 785/1205/5 795/1204/5 797/1249/5
f 789/1250/5 791/1248/5 797/1249/5 799/1251/5
f 813/1243/1 815/1242/1 801/1245/1 803/1244/1
f 815/1242/1 805/1226/1 811/1229/1 801/1245/1
f 827/1252/5 817/1253/5 819/1254/5 825/1255/5
f 826/1256/2 820/1257/2 842/1258/2 840/1259/2
f 830/1260/21 848/1261/21 846/1262/21 832/1263/21
f 838/1264/19 828/1265/19 826/1256/19 840/1259/19
f 818/1266/3 824/1267/3 834/1268/3 844/1269/3
f 828/1270/10 838/1271/10 848/1272/10 830/1273/10
f 837/1274/1 839/1275/1 841/1276/1 843/1277/1
f 822/1278/4 832/1263/4 846/1262/4 836/1279/4
f 834/1280/25 824/1281/25 822/1278/25 836/1279/25
f 843/1277/30 841/1276/30 842/1258/30 844/1282/30
f 819/1283/29 817/1284/29 818/1285/29 820/1257/29
f 839/1275/28 837/1274/28 838/1264/28 840/1259/28
f 827/1286/27 825/1287/27 826/1256/27 828/1265/27
f 831/1288/33 829/1289/33 830/1260/33 832/1263/33
f 847/1290/34 845/1291/34 846/1262/34 848/1261/34
f 835/1292/31 833/1293/31 834/1280/31 836/1279/31
f 823/1294/32 821/1295/32 822/1278/32 824/1281/32
f 825/1287/8 819/1283/8 820/1257/8 826/1256/8
f 841/1276/9 839/1275/9 840/1259/9 842/1258/9
f 832/1263/7 822/1278/7 821/1295/7 831/1288/7
f 824/1267/24 818/1266/24 817/1253/24 823/1296/24
f 828/1270/22 830/1273/22 829/1297/22 827/1252/22
f 833/1293/26 843/1277/26 844/1282/26 834/1280/26
f 845/1291/6 835/1292/6 836/1279/6 846/1262/6
f 837/1274/23 847/1290/23 848/1261/23 838/1264/23
f 842/1258/20 820/1257/20 818/1285/20 844/1282/20
f 823/1296/5 817/1253/5 827/1252/5 829/1297/5
f 821/1298/5 823/1296/5 829/1297/5 831/1299/5
f 845/1291/1 847/1290/1 833/1293/1 835/1292/1
f 847/1290/1 837/1274/1 843/1277/1 833/1293/1
f 859/1300/5 849/1301/5 851/1302/5 857/1303/5
f 858/1304/2 852/1305/2 874/1306/2 872/1307/2
f 862/1308/21 880/1309/21 878/1310/21 864/1311/21
f 870/1312/19 860/1313/19 858/1304/19 872/1307/19
f 850/1314/3 856/1315/3 866/1316/3 876/1317/3
f 860/1318/10 870/1319/10 880/1320/10 862/1321/10
f 869/1322/1 871/1323/1 873/1324/1 875/1325/1
f 854/1326/4 864/1311/4 878/1310/4 868/1327/4
f 866/1328/25 856/1329/25 854/1326/25 868/1327/25
f 875/1325/30 873/1324/30 874/1306/30 876/1330/30
f 851/1331/29 849/1332/29 850/1333/29 852/1305/29
f 871/1323/28 869/1322/28 870/1312/28 872/1307/28
f 859/1334/27 857/1335/27 858/1304/27 860/1313/27
f 863/1336/33 861/1337/33 862/1308/33 864/1311/33
f 879/1338/34 877/1339/34 878/1310/34 880/1309/34
f 867/1340/31 865/1341/31 866/1328/31 868/1327/31
f 855/1342/32 853/1343/32 854/1326/32 856/1329/32
f 857/1335/8 851/1331/8 852/1305/8 858/1304/8
f 873/1324/9 871/1323/9 872/1307/9 874/1306/9
f 864/1311/7 854/1326/7 853/1343/7 863/1336/7
f 856/1315/24 850/1314/24 849/1301/24 855/1344/24
f 860/1318/22 862/1321/22 861/1345/22 859/1300/22
f 865/1341/26 875/1325/26 876/1330/26 866/1328/26
f 877/1339/6 867/1340/6 868/1327/6 878/1310/6
f 869/1322/23 879/1338/23 880/1309/23 870/1312/23
f 874/1306/20 852/1305/20 850/1333/20 876/1330/20
f 855/1344/5 849/1301/5 859/1300/5 861/1345/5
f 853/1346/5 855/1344/5 861/1345/5 863/1347/5
f 877/1339/1 879/1338/1 865/1341/1 867/1340/1
f 879/1338/1 869/1322/1 875/1325/1 865/1341/1
f 891/1348/5 881/1349/5 883/1350/5 889/1351/5
f 890/1352/10 884/1353/10 906/1354/10 904/1355/10
f 894/1356/25 912/1357/25 910/1358/25 896/1359/25
f 902/1360/21 892/1361/21 890/1352/21 904/1355/21
f 882/1362/2 888/1363/2 898/1364/2 908/1365/2
f 892/1366/4 902/1367/4 912/1368/4 894/1369/4
f 901/1370/1 903/1371/1 905/1372/1 907/1373/1
f 886/1374/3 896/1359/3 910/1358/3 900/1375/3
f 898/1376/20 888/1377/20 886/1374/20 900/1375/20
f 907/1373/28 905/1372/28 906/1354/28 908/1378/28
f 883/1379/27 881/1380/27 882/1381/27 884/1353/27
f 903/1371/34 901/1370/34 902/1360/34 904/1355/34
f 891/1382/33 889/1383/33 890/1352/33 892/1361/33
f 895/1384/32 893/1385/32 894/1356/32 896/1359/32
f 911/1386/31 909/1387/31 910/1358/31 912/1357/31
f 899/1388/30 897/1389/30 898/1376/30 900/1375/30
f 887/1390/29 885/1391/29 886/1374/29 888/1377/29
f 889/1383/22 883/1379/22 884/1353/22 890/1352/22
f 905/1372/23 903/1371/23 904/1355/23 906/1354/23
f 896/1359/24 886/1374/24 885/1391/24 895/1384/24
f 888/1363/8 882/1362/8 881/1349/8 887/1392/8
f 892/1366/7 894/1369/7 893/1393/7 891/1348/7
f 897/1389/9 907/1373/9 908/1378/9 898/1376/9
f 909/1387/26 899/1388/26 900/1375/26 910/1358/26
f 901/1370/6 911/1386/6 912/1357/6 902/1360/6
f 906/1354/19 884/1353/19 882/1381/19 908/1378/19
f 887/1392/5 881/1349/5 891/1348/5 893/1393/5
f 885/1394/5 887/1392/5 893/1393/5 895/1395/5
f 909/1387/1 911/1386/1 897/1389/1 899/1388/1
f 911/1386/1 901/1370/1 907/1373/1 897/1389/1
f 923/1396/5 913/1397/5 915/1398/5 921/1399/5
f 922/1400/10 916/1401/10 938/1402/10 936/1403/10
f 926/1404/25 944/1405/25 942/1406/25 928/1407/25
f 934/1408/21 924/1409/21 922/1400/21 936/1403/21
f 914/1410/2 920/1411/2 930/1412/2 940/1413/2
f 924/1414/4 934/1415/4 944/1416/4 926/1417/4
f 933/1418/1 935/1419/1 937/1420/1 939/1421/1
f 918/1422/3 928/1407/3 942/1406/3 932/1423/3
f 930/1424/20 920/1425/20 918/1422/20 932/1423/20
f 939/1421/28 937/1420/28 938/1402/28 940/1426/28
f 915/1427/27 913/1428/27 914/1429/27 916/1401/27
f 935/1419/34 933/1418/34 934/1408/34 936/1403/34
f 923/1430/33 921/1431/33 922/1400/33 924/1409/33
f 927/1432/32 925/1433/32 926/1404/32 928/1407/32
f 943/1434/31 941/1435/31 942/1406/31 944/1405/31
f 931/1436/30 929/1437/30 930/1424/30 932/1423/30
f 919/1438/29 917/1439/29 918/1422/29 920/1425/29
f 921/1431/22 915/1427/22 916/1401/22 922/1400/22
f 937/1420/23 935/1419/23 936/1403/23 938/1402/23
f 928/1407/24 918/1422/24 917/1439/24 927/1432/24
f 920/1411/8 914/1410/8 913/1397/8 919/1440/8
f 924/1414/7 926/1417/7 925/1441/7 923/1396/7
f 929/1437/9 939/1421/9 940/1426/9 930/1424/9
f 941/1435/26 931/1436/26 932/1423/26 942/1406/26
f 933/1418/6 943/1434/6 944/1405/6 934/1408/6
f 938/1402/19 916/1401/19 914/1429/19 940/1426/19
f 919/1440/5 913/1397/5 923/1396/5 925/1441/5
f 917/1442/5 919/1440/5 925/1441/5 927/1443/5
f 941/1435/1 943/1434/1 929/1437/1 931/1436/1
f 943/1434/1 933/1418/1 939/1421/1 929/1437/1
f 955/1444/2 945/1445/2 947/1446/2 953/1447/2
f 954/1448/1 948/1449/1 970/1450/1 968/1451/1
f 958/1452/22 976/1453/22 974/1454/22 960/1455/22
f 966/1456/23 956/1457/23 954/1448/23 968/1451/23
f 946/1458/3 952/1459/3 962/1460/3 972/1461/3
f 956/1462/10 966/1463/10 976/1464/10 958/1465/10
f 965/1466/4 967/1467/4 969/1468/4 971/1469/4
f 950/1470/5 960/1455/5 974/1454/5 964/1471/5
f 962/1472/24 952/1473/24 950/1470/24 964/1471/24
f 971/1469/35 969/1468/35 970/1450/35 972/1474/35
f 947/1475/48 945/1476/48 946/1477/48 948/1449/48
f 967/1467/49 965/1466/49 966/1456/49 968/1451/49
f 955/1478/50 953/1479/50 954/1448/50 956/1457/50
f 959/1480/51 957/1481/51 958/1452/51 960/1455/51
f 975/1482/52 973/1483/52 974/1454/52 976/1453/52
f 963/1484/53 961/1485/53 962/1472/53 964/1471/53
f 951/1486/54 949/1487/54 950/1470/54 952/1473/54
f 953/1479/9 947/1475/9 948/1449/9 954/1448/9
f 969/1468/6 967/1467/6 968/1451/6 970/1450/6
f 960/1455/8 950/1470/8 949/1487/8 959/1480/8
f 952/1459/20 946/1458/20 945/1445/20 951/1488/20
f 956/1462/19 958/1465/19 957/1489/19 955/1444/19
f 961/1485/25 971/1469/25 972/1474/25 962/1472/25
f 973/1483/7 963/1484/7 964/1471/7 974/1454/7
f 965/1466/21 975/1482/21 976/1453/21 966/1456/21
f 970/1450/26 948/1449/26 946/1477/26 972/1474/26
f 951/1488/2 945/1445/2 955/1444/2 957/1489/2
f 949/1490/2 951/1488/2 957/1489/2 959/1491/2
f 973/1483/4 975/1482/4 961/1485/4 963/1484/4
f 975/1482/4 965/1466/4 971/1469/4 961/1485/4
f 987/1492/2 977/1493/2 979/1494/2 985/1495/2
f 986/1496/1 980/1497/1 1002/1498/1 1000/1499/1
f 990/1500/22 1008/1501/22 1006/1502/22 992/1503/22
f 998/1504/23 988/1505/23 986/1496/23 1000/1499/23
f 978/1506/3 984/1507/3 994/1508/3 1004/1509/3
f 988/1510/10 998/1511/10 1008/1512/10 990/1513/10
f 997/1514/4 999/1515/4 1001/1516/4 1003/1517/4
f 982/1518/5 992/1503/5 1006/1502/5 996/1519/5
f 994/1520/24 984/1521/24 982/1518/24 996/1519/24
f 1003/1517/35 1001/1516/35 1002/1498/35 1004/1522/35
f 979/1523/48 977/1524/48 978/1525/48 980/1497/48
f 999/1515/49 997/1514/49 998/1504/49 1000/1499/49
f 987/1526/50 985/1527/50 986/1496/50 988/1505/50
f 991/1528/51 989/1529/51 990/1500/51 992/1503/51
f 1007/1530/52 1005/1531/52 1006/1502/52 1008/1501/52
f 995/1532/53 993/1533/53 994/1520/53 996/1519/53
f 983/1534/54 981/1535/54 982/1518/54 984/1521/54
f 985/1527/9 979/1523/9 980/1497/9 986/1496/9
f 1001/1516/6 999/1515/6 1000/1499/6 1002/1498/6
f 992/1503/8 982/1518/8 981/1535/8 991/1528/8
f 984/1507/20 978/1506/20 977/1493/20 983/1536/20
f 988/1510/19 990/1513/19 989/1537/19 987/1492/19
f 993/1533/25 1003/1517/25 1004/1522/25 994/1520/25
f 1005/1531/7 995/1532/7 996/1519/7 1006/1502/7
f 997/1514/21 1007/1530/21 1008/1501/21 998/1504/21
f 1002/1498/26 980/1497/26 978/1525/26 1004/1522/26
f 983/1536/2 977/1493/2 987/1492/2 989/1537/2
f 981/1538/2 983/1536/2 989/1537/2 991/1539/2
f 1005/1531/4 1007/1530/4 993/1533/4 995/1532/4
f 1007/1530/4 997/1514/4 1003/1517/4 993/1533/4
f 1019/1540/2 1009/1541/2 1011/1542/2 1017/1543/2
f 1018/1544/1 1012/1545/1 1034/1546/1 1032/1547/1
f 1022/1548/22 1040/1549/22 1038/1550/22 1024/1551/22
f 1030/1552/23 1020/1553/23 1018/1544/23 1032/1547/23
f 1010/1554/3 1016/1555/3 1026/1556/3 1036/1557/3
f 1020/1558/10 1030/1559/10 1040/1560/10 1022/1561/10
f 1029/1562/4 1031/1563/4 1033/1564/4 1035/1565/4
f 1014/1566/5 1024/1551/5 1038/1550/5 1028/1567/5
f 1026/1568/24 1016/1569/24 1014/1566/24 1028/1567/24
f 1035/1565/35 1033/1564/35 1034/1546/35 1036/1570/35
f 1011/1571/48 1009/1572/48 1010/1573/48 1012/1545/48
f 1031/1563/49 1029/1562/49 1030/1552/49 1032/1547/49
f 1019/1574/50 1017/1575/50 1018/1544/50 1020/1553/50
f 1023/1576/51 1021/1577/51 1022/1548/51 1024/1551/51
f 1039/1578/52 1037/1579/52 1038/1550/52 1040/1549/52
f 1027/1580/53 1025/1581/53 1026/1568/53 1028/1567/53
f 1015/1582/54 1013/1583/54 1014/1566/54 1016/1569/54
f 1017/1575/9 1011/1571/9 1012/1545/9 1018/1544/9
f 1033/1564/6 1031/1563/6 1032/1547/6 1034/1546/6
f 1024/1551/8 1014/1566/8 1013/1583/8 1023/1576/8
f 1016/1555/20 1010/1554/20 1009/1541/20 1015/1584/20
f 1020/1558/19 1022/1561/19 1021/1585/19 1019/1540/19
f 1025/1581/25 1035/1565/25 1036/1570/25 1026/1568/25
f 1037/1579/7 1027/1580/7 1028/1567/7 1038/1550/7
f 1029/1562/21 1039/1578/21 1040/1549/21 1030/1552/21
f 1034/1546/26 1012/1545/26 1010/1573/26 1036/1570/26
f 1015/1584/2 1009/1541/2 1019/1540/2 1021/1585/2
f 1013/1586/2 1015/1584/2 1021/1585/2 1023/1587/2
f 1037/1579/4 1039/1578/4 1025/1581/4 1027/1580/4
f 1039/1578/4 1029/1562/4 1035/1565/4 1025/1581/4
f 1051/1588/2 1041/1589/2 1043/1590/2 1049/1591/2
f 1050/1592/1 1044/1593/1 1066/1594/1 1064/1595/1
f 1054/1596/22 1072/1597/22 1070/1598/22 1056/1599/22
f 1062/1600/23 1052/1601/23 1050/1592/23 1064/1595/23
f 1042/1602/3 1048/1603/3 1058/1604/3 1068/1605/3
f 1052/1606/10 1062/1607/10 1072/1608/10 1054/1609/10
f 1061/1610/4 1063/1611/4 1065/1612/4 1067/1613/4
f 1046/1614/5 1056/1599/5 1070/1598/5 1060/1615/5
f 1058/1616/24 1048/1617/24 1046/1614/24 1060/1615/24
f 1067/1613/35 1065/1612/35 1066/1594/35 1068/1618/35
f 1043/1619/48 1041/1620/48 1042/1621/48 1044/1593/48
f 1063/1611/49 1061/1610/49 1062/1600/49 1064/1595/49
f 1051/1622/50 1049/1623/50 1050/1592/50 1052/1601/50
f 1055/1624/51 1053/1625/51 1054/1596/51 1056/1599/51
f 1071/1626/52 1069/1627/52 1070/1598/52 1072/1597/52
f 1059/1628/53 1057/1629/53 1058/1616/53 1060/1615/53
f 1047/1630/54 1045/1631/54 1046/1614/54 1048/1617/54
f 1049/1623/9 1043/1619/9 1044/1593/9 1050/1592/9
f 1065/1612/6 1063/1611/6 1064/1595/6 1066/1594/6
f 1056/1599/8 1046/1614/8 1045/1631/8 1055/1624/8
f 1048/1603/20 1042/1602/20 1041/1589/20 1047/1632/20
f 1052/1606/19 1054/1609/19 1053/1633/19 1051/1588/19
f 1057/1629/25 1067/1613/25 1068/1618/25 1058/1616/25
f 1069/1627/7 1059/1628/7 1060/1615/7 1070/1598/7
f 1061/1610/21 1071/1626/21 1072/1597/21 1062/1600/21
f 1066/1594/26 1044/1593/26 1042/1621/26 1068/1618/26
f 1047/1632/2 1041/1589/2 1051/1588/2 1053/1633/2
f 1045/1634/2 1047/1632/2 1053/1633/2 1055/1635/2
f 1069/1627/4 1071/1626/4 1057/1629/4 1059/1628/4
f 1071/1626/4 1061/1610/4 1067/1613/4 1057/1629/4
f 1083/1636/2 1073/1637/2 1075/1638/2 1081/1639/2
f 1082/1640/1 1076/1641/1 1098/1642/1 1096/1643/1
f 1086/1644/22 1104/1645/22 1102/1646/22 1088/1647/22
f 1094/1648/23 1084/1649/23 1082/1640/23 1096/1643/23
f 1074/1650/3 1080/1651/3 1090/1652/3 1100/1653/3
f 1084/1654/10 1094/1655/10 1104/1656/10 1086/1657/10
f 1093/1658/4 1095/1659/4 1097/1660/4 1099/1661/4
f 1078/1662/5 1088/1647/5 1102/1646/5 1092/1663/5
f 1090/1664/24 1080/1665/24 1078/1662/24 1092/1663/24
f 1099/1661/35 1097/1660/35 1098/1642/35 1100/1666/35
f 1075/1667/48 1073/1668/48 1074/1669/48 1076/1641/48
f 1095/1659/49 1093/1658/49 1094/1648/49 1096/1643/49
f 1083/1670/50 1081/1671/50 1082/1640/50 1084/1649/50
f 1087/1672/51 1085/1673/51 1086/1644/51 1088/1647/51
f 1103/1674/52 1101/1675/52 1102/1646/52 1104/1645/52
f 1091/1676/53 1089/1677/53 1090/1664/53 1092/1663/53
f 1079/1678/54 1077/1679/54 1078/1662/54 1080/1665/54
f 1081/1671/9 1075/1667/9 1076/1641/9 1082/1640/9
f 1097/1660/6 1095/1659/6 1096/1643/6 1098/1642/6
f 1088/1647/8 1078/1662/8 1077/1679/8 1087/1672/8
f 1080/1651/20 1074/1650/20 1073/1637/20 1079/1680/20
f 1084/1654/19 1086/1657/19 1085/1681/19 1083/1636/19
f 1089/1677/25 1099/1661/25 1100/1666/25 1090/1664/25
f 1101/1675/7 1091/1676/7 1092/1663/7 1102/1646/7
f 1093/1658/21 1103/1674/21 1104/1645/21 1094/1648/21
f 1098/1642/26 1076/1641/26 1074/1669/26 1100/1666/26
f 1079/1680/2 1073/1637/2 1083/1636/2 1085/1681/2
f 1077/1682/2 1079/1680/2 1085/1681/2 1087/1683/2
f 1101/1675/4 1103/1674/4 1089/1677/4 1091/1676/4
f 1103/1674/4 1093/1658/4 1099/1661/4 1089/1677/4
f 1115/1684/2 1105/1685/2 1107/1686/2 1113/1687/2
f 1114/1688/10 1108/1689/10 1130/1690/10 1128/1691/10
f 1118/1692/24 1136/1693/24 1134/1694/24 1120/1695/24
f 1126/1696/22 1116/1697/22 1114/1688/22 1128/1691/22
f 1106/1698/1 1112/1699/1 1122/1700/1 1132/1701/1
f 1116/1702/5 1126/1703/5 1136/1704/5 1118/1705/5
f 1125/1706/4 1127/1707/4 1129/1708/4 1131/1709/4
f 1110/1710/3 1120/1695/3 1134/1694/3 1124/1711/3
f 1122/1712/26 1112/1713/26 1110/1710/26 1124/1711/26
f 1131/1709/49 1129/1708/49 1130/1690/49 1132/1714/49
f 1107/1715/50 1105/1716/50 1106/1717/50 1108/1689/50
f 1127/1707/52 1125/1706/52 1126/1696/52 1128/1691/52
f 1115/1718/51 1113/1719/51 1114/1688/51 1116/1697/51
f 1119/1720/54 1117/1721/54 1118/1692/54 1120/1695/54
f 1135/1722/53 1133/1723/53 1134/1694/53 1136/1693/53
f 1123/1724/35 1121/1725/35 1122/1712/35 1124/1711/35
f 1111/1726/48 1109/1727/48 1110/1710/48 1112/1713/48
f 1113/1719/19 1107/1715/19 1108/1689/19 1114/1688/19
f 1129/1708/21 1127/1707/21 1128/1691/21 1130/1690/21
f 1120/1695/20 1110/1710/20 1109/1727/20 1119/1720/20
f 1112/1699/9 1106/1698/9 1105/1685/9 1111/1728/9
f 1116/1702/8 1118/1705/8 1117/1729/8 1115/1684/8
f 1121/1725/6 1131/1709/6 1132/1714/6 1122/1712/6
f 1133/1723/25 1123/1724/25 1124/1711/25 1134/1694/25
f 1125/1706/7 1135/1722/7 1136/1693/7 1126/1696/7
f 1130/1690/23 1108/1689/23 1106/1717/23 1132/1714/23
f 1111/1728/2 1105/1685/2 1115/1684/2 1117/1729/2
f 1109/1730/2 1111/1728/2 1117/1729/2 1119/1731/2
f 1133/1723/4 1135/1722/4 1121/1725/4 1123/1724/4
f 1135/1722/4 1125/1706/4 1131/1709/4 1121/1725/4
f 1147/1732/2 1137/1733/2 1139/1734/2 1145/1735/2
f 1146/1736/10 1140/1737/10 1162/1738/10 1160/1739/10
f 1150/1740/24 1168/1741/24 1166/1742/24 1152/1743/24
f 1158/1744/22 1148/1745/22 1146/1736/22 1160/1739/22
f 1138/1746/1 1144/1747/1 1154/1748/1 1164/1749/1
f 1148/1750/5 1158/1751/5 1168/1752/5 1150/1753/5
f 1157/1754/4 1159/1755/4 1161/1756/4 1163/1757/4
f 1142/1758/3 1152/1743/3 1166/1742/3 1156/1759/3
f 1154/1760/26 1144/1761/26 1142/1758/26 1156/1759/26
f 1163/1757/49 1161/1756/49 1162/1738/49 1164/1762/49
f 1139/1763/50 1137/1764/50 1138/1765/50 1140/1737/50
f 1159/1755/52 1157/1754/52 1158/1744/52 1160/1739/52
f 1147/1766/51 1145/1767/51 1146/1736/51 1148/1745/51
f 1151/1768/54 1149/1769/54 1150/1740/54 1152/1743/54
f 1167/1770/53 1165/1771/53 1166/1742/53 1168/1741/53
f 1155/1772/35 1153/1773/35 1154/1760/35 1156/1759/35
f 1143/1774/48 1141/1775/48 1142/1758/48 1144/1761/48
f 1145/1767/19 1139/1763/19 1140/1737/19 1146/1736/19
f 1161/1756/21 1159/1755/21 1160/1739/21 1162/1738/21
f 1152/1743/20 1142/1758/20 1141/1775/20 1151/1768/20
f 1144/1747/9 1138/1746/9 1137/1733/9 1143/1776/9
f 1148/1750/8 1150/1753/8 1149/1777/8 1147/1732/8
f 1153/1773/6 1163/1757/6 1164/1762/6 1154/1760/6
f 1165/1771/25 1155/1772/25 1156/1759/25 1166/1742/25
f 1157/1754/7 1167/1770/7 1168/1741/7 1158/1744/7
f 1162/1738/23 1140/1737/23 1138/1765/23 1164/1762/23
f 1143/1776/2 1137/1733/2 1147/1732/2 1149/1777/2
f 1141/1778/2 1143/1776/2 1149/1777/2 1151/1779/2
f 1165/1771/4 1167/1770/4 1153/1773/4 1155/1772/4
f 1167/1770/4 1157/1754/4 1163/1757/4 1153/1773/4
f 1179/1780/4 1169/1781/4 1171/1782/4 1177/1783/4
f 1178/1784/5 1172/1785/5 1194/1786/5 1192/1787/5
f 1182/1788/23 1200/1789/23 1198/1790/23 1184/1791/23
f 1190/1792/22 1180/1793/22 1178/1784/22 1192/1787/22
f 1170/1794/3 1176/1795/3 1186/1796/3 1196/1797/3
f 1180/1798/10 1190/1799/10 1200/1800/10 1182/1801/10
f 1189/1802/2 1191/1803/2 1193/1804/2 1195/1805/2
f 1174/1806/1 1184/1791/1 1198/1790/1 1188/1807/1
f 1186/1808/26 1176/1809/26 1174/1806/26 1188/1807/26
f 1195/1805/54 1193/1804/54 1194/1786/54 1196/1810/54
f 1171/1811/53 1169/1812/53 1170/1813/53 1172/1785/53
f 1191/1803/51 1189/1802/51 1190/1792/51 1192/1787/51
f 1179/1814/52 1177/1815/52 1178/1784/52 1180/1793/52
f 1183/1816/49 1181/1817/49 1182/1788/49 1184/1791/49
f 1199/1818/50 1197/1819/50 1198/1790/50 1200/1789/50
f 1187/1820/48 1185/1821/48 1186/1808/48 1188/1807/48
f 1175/1822/35 1173/1823/35 1174/1806/35 1176/1809/35
f 1177/1815/7 1171/1811/7 1172/1785/7 1178/1784/7
f 1193/1804/8 1191/1803/8 1192/1787/8 1194/1786/8
f 1184/1791/6 1174/1806/6 1173/1823/6 1183/1816/6
f 1176/1795/25 1170/1794/25 1169/1781/25 1175/1824/25
f 1180/1798/21 1182/1801/21 1181/1825/21 1179/1780/21
f 1185/1821/20 1195/1805/20 1196/1810/20 1186/1808/20
f 1197/1819/9 1187/1820/9 1188/1807/9 1198/1790/9
f 1189/1802/19 1199/1818/19 1200/1789/19 1190/1792/19
f 1194/1786/24 1172/1785/24 1170/1813/24 1196/1810/24
f 1175/1824/4 1169/1781/4 1179/1780/4 1181/1825/4
f 1173/1826/4 1175/1824/4 1181/1825/4 1183/1827/4
f 1197/1819/2 1199/1818/2 1185/1821/2 1187/1820/2
f 1199/1818/2 1189/1802/2 1195/1805/2 1185/1821/2
f 1211/1828/4 1201/1829/4 1203/1830/4 1209/1831/4
f 1210/1832/5 1204/1833/5 1226/1834/5 1224/1835/5
f 1214/1836/23 1232/1837/23 1230/1838/23 1216/1839/23
f 1222/1840/22 1212/1841/22 1210/1832/22 1224/1835/22
f 1202/1842/3 1208/1843/3 1218/1844/3 1228/1845/3
f 1212/1846/10 1222/1847/10 1232/1848/10 1214/1849/10
f 1221/1850/2 1223/1851/2 1225/1852/2 1227/1853/2
f 1206/1854/1 1216/1839/1 1230/1838/1 1220/1855/1
f 1218/1856/26 1208/1857/26 1206/1854/26 1220/1855/26
f 1227/1853/54 1225/1852/54 1226/1834/54 1228/1858/54
f 1203/1859/53 1201/1860/53 1202/1861/53 1204/1833/53
f 1223/1851/51 1221/1850/51 1222/1840/51 1224/1835/51
f 1211/1862/52 1209/1863/52 1210/1832/52 1212/1841/52
f 1215/1864/49 1213/1865/49 1214/1836/49 1216/1839/49
f 1231/1866/50 1229/1867/50 1230/1838/50 1232/1837/50
f 1219/1868/48 1217/1869/48 1218/1856/48 1220/1855/48
f 1207/1870/35 1205/1871/35 1206/1854/35 1208/1857/35
f 1209/1863/7 1203/1859/7 1204/1833/7 1210/1832/7
f 1225/1852/8 1223/1851/8 1224/1835/8 1226/1834/8
f 1216/1839/6 1206/1854/6 1205/1871/6 1215/1864/6
f 1208/1843/25 1202/1842/25 1201/1829/25 1207/1872/25
f 1212/1846/21 1214/1849/21 1213/1873/21 1211/1828/21
f 1217/1869/20 1227/1853/20 1228/1858/20 1218/1856/20
f 1229/1867/9 1219/1868/9 1220/1855/9 1230/1838/9
f 1221/1850/19 1231/1866/19 1232/1837/19 1222/1840/19
f 1226/1834/24 1204/1833/24 1202/1861/24 1228/1858/24
f 1207/1872/4 1201/1829/4 1211/1828/4 1213/1873/4
f 1205/1874/4 1207/1872/4 1213/1873/4 1215/1875/4
f 1229/1867/2 1231/1866/2 1217/1869/2 1219/1868/2
f 1231/1866/2 1221/1850/2 1227/1853/2 1217/1869/2
f 1243/1876/4 1233/1877/4 1235/1878/4 1241/1879/4
f 1242/1880/5 1236/1881/5 1258/1882/5 1256/1883/5
f 1246/1884/23 1264/1885/23 1262/1886/23 1248/1887/23
f 1254/1888/22 1244/1889/22 1242/1880/22 1256/1883/22
f 1234/1890/3 1240/1891/3 1250/1892/3 1260/1893/3
f 1244/1894/10 1254/1895/10 1264/1896/10 1246/1897/10
f 1253/1898/2 1255/1899/2 1257/1900/2 1259/1901/2
f 1238/1902/1 1248/1887/1 1262/1886/1 1252/1903/1
f 1250/1904/26 1240/1905/26 1238/1902/26 1252/1903/26
f 1259/1901/54 1257/1900/54 1258/1882/54 1260/1906/54
f 1235/1907/53 1233/1908/53 1234/1909/53 1236/1881/53
f 1255/1899/51 1253/1898/51 1254/1888/51 1256/1883/51
f 1243/1910/52 1241/1911/52 1242/1880/52 1244/1889/52
f 1247/1912/49 1245/1913/49 1246/1884/49 1248/1887/49
f 1263/1914/50 1261/1915/50 1262/1886/50 1264/1885/50
f 1251/1916/48 1249/1917/48 1250/1904/48 1252/1903/48
f 1239/1918/35 1237/1919/35 1238/1902/35 1240/1905/35
f 1241/1911/7 1235/1907/7 1236/1881/7 1242/1880/7
f 1257/1900/8 1255/1899/8 1256/1883/8 1258/1882/8
f 1248/1887/6 1238/1902/6 1237/1919/6 1247/1912/6
f 1240/1891/25 1234/1890/25 1233/1877/25 1239/1920/25
f 1244/1894/21 1246/1897/21 1245/1921/21 1243/1876/21
f 1249/1917/20 1259/1901/20 1260/1906/20 1250/1904/20
f 1261/1915/9 1251/1916/9 1252/1903/9 1262/1886/9
f 1253/1898/19 1263/1914/19 1264/1885/19 1254/1888/19
f 1258/1882/24 1236/1881/24 1234/1909/24 1260/1906/24
f 1239/1920/4 1233/1877/4 1243/1876/4 1245/1921/4
f 1237/1922/4 1239/1920/4 1245/1921/4 1247/1923/4
f 1261/1915/2 1263/1914/2 1249/1917/2 1251/1916/2
f 1263/1914/2 1253/1898/2 1259/1901/2 1249/1917/2
f 1275/1924/4 1265/1925/4 1267/1926/4 1273/1927/4
f 1274/1928/5 1268/1929/5 1290/1930/5 1288/1931/5
f 1278/1932/23 1296/1933/23 1294/1934/23 1280/1935/23
f 1286/1936/22 1276/1937/22 1274/1928/22 1288/1931/22
f 1266/1938/3 1272/1939/3 1282/1940/3 1292/1941/3
f 1276/1942/10 1286/1943/10 1296/1944/10 1278/1945/10
f 1285/1946/2 1287/1947/2 1289/1948/2 1291/1949/2
f 1270/1950/1 1280/1935/1 1294/1934/1 1284/1951/1
f 1282/1952/26 1272/1953/26 1270/1950/26 1284/1951/26
f 1291/1949/54 1289/1948/54 1290/1930/54 1292/1954/54
f 1267/1955/53 1265/1956/53 1266/1957/53 1268/1929/53
f 1287/1947/51 1285/1946/51 1286/1936/51 1288/1931/51
f 1275/1958/52 1273/1959/52 1274/1928/52 1276/1937/52
f 1279/1960/49 1277/1961/49 1278/1932/49 1280/1935/49
f 1295/1962/50 1293/1963/50 1294/1934/50 1296/1933/50
f 1283/1964/48 1281/1965/48 1282/1952/48 1284/1951/48
f 1271/1966/35 1269/1967/35 1270/1950/35 1272/1953/35
f 1273/1959/7 1267/1955/7 1268/1929/7 1274/1928/7
f 1289/1948/8 1287/1947/8 1288/1931/8 1290/1930/8
f 1280/1935/6 1270/1950/6 1269/1967/6 1279/1960/6
f 1272/1939/25 1266/1938/25 1265/1925/25 1271/1968/25
f 1276/1942/21 1278/1945/21 1277/1969/21 1275/1924/21
f 1281/1965/20 1291/1949/20 1292/1954/20 1282/1952/20
f 1293/1963/9 1283/1964/9 1284/1951/9 1294/1934/9
f 1285/1946/19 1295/1962/19 1296/1933/19 1286/1936/19
f 1290/1930/24 1268/1929/24 1266/1957/24 1292/1954/24
f 1271/1968/4 1265/1925/4 1275/1924/4 1277/1969/4
f 1269/1970/4 1271/1968/4 1277/1969/4 1279/1971/4
f 1293/1963/2 1295/1962/2 1281/1965/2 1283/1964/2
f 1295/1962/2 1285/1946/2 1291/1949/2 1281/1965/2
f 1307/1972/4 1297/1973/4 1299/1974/4 1305/1975/4
f 1306/1976/5 1300/1977/5 1322/1978/5 1320/1979/5
f 1310/1980/23 1328/1981/23 1326/1982/23 1312/1983/23
f 1318/1984/22 1308/1985/22 1306/1976/22 1320/1979/22
f 1298/1986/3 1304/1987/3 1314/1988/3 1324/1989/3
f 1308/1990/10 1318/1991/10 1328/1992/10 1310/1993/10
f 1317/1994/2 1319/1995/2 1321/1996/2 1323/1997/2
f 1302/1998/1 1312/1983/1 1326/1982/1 1316/1999/1
f 1314/2000/26 1304/2001/26 1302/1998/26 1316/1999/26
f 1323/1997/54 1321/1996/54 1322/1978/54 1324/2002/54
f 1299/2003/53 1297/2004/53 1298/2005/53 1300/1977/53
f 1319/1995/51 1317/1994/51 1318/1984/51 1320/1979/51
f 1307/2006/52 1305/2007/52 1306/1976/52 1308/1985/52
f 1311/2008/49 1309/2009/49 1310/1980/49 1312/1983/49
f 1327/2010/50 1325/2011/50 1326/1982/50 1328/1981/50
f 1315/2012/48 1313/2013/48 1314/2000/48 1316/1999/48
f 1303/2014/35 1301/2015/35 1302/1998/35 1304/2001/35
f 1305/2007/7 1299/2003/7 1300/1977/7 1306/1976/7
f 1321/1996/8 1319/1995/8 1320/1979/8 1322/1978/8
f 1312/1983/6 1302/1998/6 1301/2015/6 1311/2008/6
f 1304/1987/25 1298/1986/25 1297/1973/25 1303/2016/25
f 1308/1990/21 1310/1993/21 1309/2017/21 1307/1972/21
f 1313/2013/20 1323/1997/20 1324/2002/20 1314/2000/20
f 1325/2011/9 1315/2012/9 1316/1999/9 1326/1982/9
f 1317/1994/19 1327/2010/19 1328/1981/19 1318/1984/19
f 1322/1978/24 1300/1977/24 1298/2005/24 1324/2002/24
f 1303/2016/4 1297/1973/4 1307/1972/4 1309/2017/4
f 1301/2018/4 1303/2016/4 1309/2017/4 1311/2019/4
f 1325/2011/2 1327/2010/2 1313/2013/2 1315/2012/2
f 1327/2010/2 1317/1994/2 1323/1997/2 1313/2013/2
f 1339/2020/4 1329/2021/4 1331/2022/4 1337/2023/4
f 1338/2024/10 1332/2025/10 1354/2026/10 1352/2027/10
f 1342/2028/26 1360/2029/26 1358/2030/26 1344/2031/26
f 1350/2032/23 1340/2033/23 1338/2024/23 1352/2027/23
f 1330/2034/5 1336/2035/5 1346/2036/5 1356/2037/5
f 1340/2038/1 1350/2039/1 1360/2040/1 1342/2041/1
f 1349/2042/2 1351/2043/2 1353/2044/2 1355/2045/2
f 1334/2046/3 1344/2031/3 1358/2030/3 1348/2047/3
f 1346/2048/24 1336/2049/24 1334/2046/24 1348/2047/24
f 1355/2045/51 1353/2044/51 1354/2026/51 1356/2050/51
f 1331/2051/52 1329/2052/52 1330/2053/52 1332/2025/52
f 1351/2043/50 1349/2042/50 1350/2032/50 1352/2027/50
f 1339/2054/49 1337/2055/49 1338/2024/49 1340/2033/49
f 1343/2056/35 1341/2057/35 1342/2028/35 1344/2031/35
f 1359/2058/48 1357/2059/48 1358/2030/48 1360/2029/48
f 1347/2060/54 1345/2061/54 1346/2048/54 1348/2047/54
f 1335/2062/53 1333/2063/53 1334/2046/53 1336/2049/53
f 1337/2055/21 1331/2051/21 1332/2025/21 1338/2024/21
f 1353/2044/19 1351/2043/19 1352/2027/19 1354/2026/19
f 1344/2031/25 1334/2046/25 1333/2063/25 1343/2056/25
f 1336/2035/7 1330/2034/7 1329/2021/7 1335/2064/7
f 1340/2038/6 1342/2041/6 1341/2065/6 1339/2020/6
f 1345/2061/8 1355/2045/8 1356/2050/8 1346/2048/8
f 1357/2059/20 1347/2060/20 1348/2047/20 1358/2030/20
f 1349/2042/9 1359/2058/9 1360/2029/9 1350/2032/9
f 1354/2026/22 1332/2025/22 1330/2053/22 1356/2050/22
f 1335/2064/4 1329/2021/4 1339/2020/4 1341/2065/4
f 1333/2066/4 1335/2064/4 1341/2065/4 1343/2067/4
f 1357/2059/2 1359/2058/2 1345/2061/2 1347/2060/2
f 1359/2058/2 1349/2042/2 1355/2045/2 1345/2061/2
f 1371/2068/4 1361/2069/4 1363/2070/4 1369/2071/4
f 1370/2072/10 1364/2073/10 1386/2074/10 1384/2075/10
f 1374/2076/26 1392/2077/26 1390/2078/26 1376/2079/26
f 1382/2080/23 1372/2081/23 1370/2072/23 1384/2075/23
f 1362/2082/5 1368/2083/5 1378/2084/5 1388/2085/5
f 1372/2086/1 1382/2087/1 1392/2088/1 1374/2089/1
f 1381/2090/2 1383/2091/2 1385/2092/2 1387/2093/2
f 1366/2094/3 1376/2079/3 1390/2078/3 1380/2095/3
f 1378/2096/24 1368/2097/24 1366/2094/24 1380/2095/24
f 1387/2093/51 1385/2092/51 1386/2074/51 1388/2098/51
f 1363/2099/52 1361/2100/52 1362/2101/52 1364/2073/52
f 1383/2091/50 1381/2090/50 1382/2080/50 1384/2075/50
f 1371/2102/49 1369/2103/49 1370/2072/49 1372/2081/49
f 1375/2104/35 1373/2105/35 1374/2076/35 1376/2079/35
f 1391/2106/48 1389/2107/48 1390/2078/48 1392/2077/48
f 1379/2108/54 1377/2109/54 1378/2096/54 1380/2095/54
f 1367/2110/53 1365/2111/53 1366/2094/53 1368/2097/53
f 1369/2103/21 1363/2099/21 1364/2073/21 1370/2072/21
f 1385/2092/19 1383/2091/19 1384/2075/19 1386/2074/19
f 1376/2079/25 1366/2094/25 1365/2111/25 1375/2104/25
f 1368/2083/7 1362/2082/7 1361/2069/7 1367/2112/7
f 1372/2086/6 1374/2089/6 1373/2113/6 1371/2068/6
f 1377/2109/8 1387/2093/8 1388/2098/8 1378/2096/8
f 1389/2107/20 1379/2108/20 1380/2095/20 1390/2078/20
f 1381/2090/9 1391/2106/9 1392/2077/9 1382/2080/9
f 1386/2074/22 1364/2073/22 1362/2101/22 1388/2098/22
f 1367/2112/4 1361/2069/4 1371/2068/4 1373/2113/4
f 1365/2114/4 1367/2112/4 1373/2113/4 1375/2115/4
f 1389/2107/2 1391/2106/2 1377/2109/2 1379/2108/2
f 1391/2106/2 1381/2090/2 1387/2093/2 1377/2109/2
f 1404/2116/15 2113/2117/15 2119/2118/15 1403/2119/15
f 1409/2120/3 1413/2121/3 2149/2122/3 2098/2123/3
f 1398/2124/8 2109/2125/8 2123/2126/8 1394/2127/8
f 1406/2128/5 1423/2129/5 1411/2130/5 1396/2131/5
f 2099/2132/3 2148/2133/3 1401/2134/3 1407/2135/3
f 1418/2136/2 1398/2137/2 1394/2138/2 1415/2139/2
f 1400/2140/1 1419/2141/1 1414/2142/1 1410/2143/1
f 1418/2136/9 1415/2139/9 1414/2142/9 1419/2141/9
f 1422/2144/4 1403/2145/4 1408/2146/4 1402/2147/4
f 1424/2148/10 2138/2149/10 2144/2150/10 1421/2151/10
f 1420/2152/10 1399/2153/10 2114/2154/10 2143/2155/10
f 1422/2144/7 1402/2147/7 1411/2130/7 1423/2129/7
f 1403/2119/6 2119/2118/6 2093/2156/6 1408/2157/6
f 1397/2158/10 1417/2159/10 2139/2160/10 2103/2161/10
f 2144/2150/10 2113/2117/10 1404/2116/10 1421/2151/10
f 1394/2138/11 2123/2162/11 2128/2163/11 1393/2164/11
f 1414/2142/55 1415/2139/55 1416/2165/55 1413/2121/55
f 1418/2136/56 1419/2141/56 1420/2166/56 1417/2167/56
f 1422/2144/57 1423/2129/57 1424/2168/57 1421/2169/57
f 1421/2169/58 1404/2170/58 1403/2145/58 1422/2144/58
f 1415/2139/59 1394/2138/59 1393/2164/59 1416/2165/59
f 1396/2131/60 1411/2130/60 1412/2171/60 1395/2172/60
f 1405/2173/61 1424/2168/61 1423/2129/61 1406/2128/61
f 1399/2174/62 1420/2166/62 1419/2141/62 1400/2140/62
f 1417/2167/63 1397/2175/63 1398/2137/63 1418/2136/63
f 1410/2143/64 1414/2142/64 1413/2121/64 1409/2120/64
f 1407/2135/65 1401/2134/65 1402/2147/65 1408/2146/65
f 1411/2130/66 1402/2147/66 1401/2134/66 1412/2171/66
f 1413/2121/3 1416/2165/3 2134/2176/3 2149/2122/3
f 1436/2177/31 1813/2178/31 1819/2179/31 1435/2180/31
f 1441/2181/5 1445/2182/5 1849/2183/5 1798/2184/5
f 1430/2185/19 1809/2186/19 1823/2187/19 1426/2188/19
f 1438/2189/10 1455/2190/10 1443/2191/10 1428/2192/10
f 1799/2193/5 1848/2194/5 1433/2195/5 1439/2196/5
f 1450/2197/2 1430/2198/2 1426/2199/2 1447/2200/2
f 1432/2201/3 1451/2202/3 1446/2203/3 1442/2204/3
f 1450/2197/20 1447/2200/20 1446/2203/20 1451/2202/20
f 1854/2205/18 1474/2206/18 1473/2207/18 1858/2208/18
f 1454/2209/4 1435/2210/4 1440/2211/4 1434/2212/4
f 1456/2213/1 1838/2214/1 1844/2215/1 1453/2216/1
f 1452/2217/1 1431/2218/1 1814/2219/1 1843/2220/1
f 1454/2209/21 1434/2212/21 1443/2191/21 1455/2190/21
f 1435/2180/25 1819/2179/25 1793/2221/25 1440/2222/25
f 1429/2223/1 1449/2224/1 1839/2225/1 1803/2226/1
f 1844/2215/1 1813/2178/1 1436/2177/1 1453/2216/1
f 1426/2199/27 1823/2227/27 1828/2228/27 1425/2229/27
f 1446/2203/67 1447/2200/67 1448/2230/67 1445/2182/67
f 1450/2197/68 1451/2202/68 1452/2231/68 1449/2232/68
f 1454/2209/69 1455/2190/69 1456/2233/69 1453/2234/69
f 1453/2234/46 1436/2235/46 1435/2210/46 1454/2209/46
f 1447/2200/44 1426/2199/44 1425/2229/44 1448/2230/44
f 1428/2192/43 1443/2191/43 1444/2236/43 1427/2237/43
f 1437/2238/45 1456/2233/45 1455/2190/45 1438/2189/45
f 1431/2239/41 1452/2231/41 1451/2202/41 1432/2201/41
f 1449/2232/70 1429/2240/70 1430/2198/70 1450/2197/70
f 1442/2204/42 1446/2203/42 1445/2182/42 1441/2181/42
f 1439/2196/39 1433/2195/39 1434/2212/39 1440/2211/39
f 1443/2191/71 1434/2212/71 1433/2195/71 1444/2236/71
f 1445/2182/5 1448/2230/5 1834/2241/5 1849/2183/5
f 1468/2242/17 1873/2243/17 1879/2244/17 1467/2245/17
f 1473/2207/10 1477/2246/10 1909/2247/10 1858/2208/10
f 1462/2248/9 1869/2249/9 1883/2250/9 1458/2251/9
f 1470/2252/1 1487/2253/1 1475/2254/1 1460/2255/1
f 1859/2256/10 1908/2257/10 1465/2258/10 1471/2259/10
f 1482/2260/2 1462/2261/2 1458/2262/2 1479/2263/2
f 1464/2264/5 1483/2265/5 1478/2266/5 1474/2206/5
f 1482/2260/8 1479/2263/8 1478/2266/8 1483/2265/8
f 1914/2267/50 1506/2268/50 1505/2269/50 1918/2270/50
f 1486/2271/4 1467/2272/4 1472/2273/4 1466/2274/4
f 1488/2275/3 1898/2276/3 1904/2277/3 1485/2278/3
f 1484/2279/3 1463/2280/3 1874/2281/3 1903/2282/3
f 1486/2271/6 1466/2274/6 1475/2254/6 1487/2253/6
f 1467/2245/7 1879/2244/7 1853/2283/7 1472/2284/7
f 1461/2285/3 1481/2286/3 1899/2287/3 1863/2288/3
f 1904/2277/3 1873/2243/3 1468/2242/3 1485/2278/3
f 1458/2262/14 1883/2289/14 1888/2290/14 1457/2291/14
f 1478/2266/72 1479/2263/72 1480/2292/72 1477/2246/72
f 1482/2260/73 1483/2265/73 1484/2293/73 1481/2294/73
f 1486/2271/74 1487/2253/74 1488/2295/74 1485/2296/74
f 1485/2296/65 1468/2297/65 1467/2272/65 1486/2271/65
f 1479/2263/75 1458/2262/75 1457/2291/75 1480/2292/75
f 1460/2255/76 1475/2254/76 1476/2298/76 1459/2299/76
f 1469/2300/77 1488/2295/77 1487/2253/77 1470/2252/77
f 1463/2301/60 1484/2293/60 1483/2265/60 1464/2264/60
f 1481/2294/59 1461/2302/59 1462/2261/59 1482/2260/59
f 1474/2206/61 1478/2266/61 1477/2246/61 1473/2207/61
f 1471/2259/58 1465/2258/58 1466/2274/58 1472/2273/58
f 1475/2254/78 1466/2274/78 1465/2258/78 1476/2298/78
f 1477/2246/10 1480/2292/10 1894/2303/10 1909/2247/10
f 1500/2304/49 1933/2305/49 1939/2306/49 1499/2307/49
f 1505/2269/2 1509/2308/2 1969/2309/2 1918/2270/2
f 1494/2310/24 1929/2311/24 1943/2312/24 1490/2313/24
f 1502/2314/3 1519/2315/3 1507/2316/3 1492/2317/3
f 1919/2318/2 1968/2319/2 1497/2320/2 1503/2321/2
f 1514/2322/5 1494/2323/5 1490/2324/5 1511/2325/5
f 1496/2326/10 1515/2327/10 1510/2328/10 1506/2268/10
f 1514/2322/22 1511/2325/22 1510/2328/22 1515/2327/22
f 1974/2329/34 482/734/34 481/711/34 1978/714/34
f 1518/2330/1 1499/2331/1 1504/2332/1 1498/2333/1
f 1520/2334/4 1958/2335/4 1964/2336/4 1517/2337/4
f 1516/2338/4 1495/2339/4 1934/2340/4 1963/2341/4
f 1518/2330/26 1498/2333/26 1507/2316/26 1519/2315/26
f 1499/2307/23 1939/2306/23 1913/2342/23 1504/2343/23
f 1493/2344/4 1513/2345/4 1959/2346/4 1923/2347/4
f 1964/2336/4 1933/2305/4 1500/2304/4 1517/2337/4
f 1490/2324/54 1943/2348/54 1948/2349/54 1489/2350/54
f 1510/2328/79 1511/2325/79 1512/2351/79 1509/2308/79
f 1514/2322/80 1515/2327/80 1516/2352/80 1513/2353/80
f 1518/2330/81 1519/2315/81 1520/2354/81 1517/2355/81
f 1517/2355/82 1500/2356/82 1499/2331/82 1518/2330/82
f 1511/2325/83 1490/2324/83 1489/2350/83 1512/2351/83
f 1492/2317/84 1507/2316/84 1508/2357/84 1491/2358/84
f 1501/2359/85 1520/2354/85 1519/2315/85 1502/2314/85
f 1495/2360/86 1516/2352/86 1515/2327/86 1496/2326/86
f 1513/2353/87 1493/2361/87 1494/2323/87 1514/2322/87
f 1506/2268/88 1510/2328/88 1509/2308/88 1505/2269/88
f 1503/2321/89 1497/2320/89 1498/2333/89 1504/2332/89
f 1507/2316/90 1498/2333/90 1497/2320/90 1508/2357/90
f 1509/2308/2 1512/2351/2 1954/2362/2 1969/2309/2
f 1532/2363/48 2053/2364/48 2059/2365/48 1531/2366/48
f 1537/737/4 1541/2367/4 2089/2368/4 2038/738/4
f 1526/2369/22 2049/2370/22 2063/2371/22 1522/2372/22
f 1534/2373/10 1551/2374/10 1539/2375/10 1524/2376/10
f 2039/2377/4 2088/2378/4 1529/2379/4 1535/2380/4
f 1546/2381/5 1526/2382/5 1522/2383/5 1543/2384/5
f 1528/2385/3 1547/2386/3 1542/2387/3 1538/736/3
f 1546/2381/24 1543/2384/24 1542/2387/24 1547/2386/24
f 2094/2388/16 1410/2143/16 1409/2120/16 2098/2123/16
f 1550/2389/1 1531/2390/1 1536/2391/1 1530/2392/1
f 1552/2393/2 2078/2394/2 2084/2395/2 1549/2396/2
f 1548/2397/2 1527/2398/2 2054/2399/2 2083/2400/2
f 1550/2389/23 1530/2392/23 1539/2375/23 1551/2374/23
f 1531/2366/26 2059/2365/26 2033/2401/26 1536/2402/26
f 1525/2403/2 1545/2404/2 2079/2405/2 2043/2406/2
f 2084/2395/2 2053/2364/2 1532/2363/2 1549/2396/2
f 1522/2383/52 2063/2407/52 2068/2408/52 1521/2409/52
f 1542/2387/91 1543/2384/91 1544/2410/91 1541/2367/91
f 1546/2381/92 1547/2386/92 1548/2411/92 1545/2412/92
f 1550/2389/93 1551/2374/93 1552/2413/93 1549/2414/93
f 1549/2414/89 1532/2415/89 1531/2390/89 1550/2389/89
f 1543/2384/87 1522/2383/87 1521/2409/87 1544/2410/87
f 1524/2376/86 1539/2375/86 1540/2416/86 1523/2417/86
f 1533/2418/88 1552/2413/88 1551/2374/88 1534/2373/88
f 1527/2419/84 1548/2411/84 1547/2386/84 1528/2385/84
f 1545/2412/83 1525/2420/83 1526/2382/83 1546/2381/83
f 1538/736/85 1542/2387/85 1541/2367/85 1537/737/85
f 1535/2380/82 1529/2379/82 1530/2392/82 1536/2391/82
f 1539/2375/94 1530/2392/94 1529/2379/94 1540/2416/94
f 1541/2367/4 1544/2410/4 2074/2421/4 2089/2368/4
f 1562/2422/10 1563/2423/10 1556/2424/10 1553/2425/10
f 1566/2426/2 1567/2427/2 1564/2428/2 1561/2429/2
f 1559/2430/1 1560/2431/1 1555/2432/1 1556/2433/1
f 1554/2434/4 1555/2435/4 1560/2436/4 1557/2437/4
f 1558/2438/3 1559/2439/3 1568/2440/3 1565/2441/3
f 1553/2425/21 1556/2424/21 1555/2435/21 1554/2434/21
f 1559/2439/25 1558/2438/25 1557/2442/25 1560/2443/25
f 1567/2427/20 1566/2426/20 1565/2441/20 1568/2440/20
f 1563/2423/19 1562/2422/19 1561/2429/19 1564/2428/19
f 1565/2444/5 1566/2445/5 1561/2446/5 1562/2447/5
f 1557/2448/5 1558/2449/5 1553/2450/5 1554/2451/5
f 1558/2449/5 1565/2444/5 1562/2447/5 1553/2450/5
f 1567/2452/1 1568/2453/1 1563/2454/1 1564/2455/1
f 1568/2453/1 1559/2430/1 1556/2433/1 1563/2454/1
f 1589/2456/20 1574/2457/20 1576/2458/20 1591/2459/20
f 1597/2460/9 1590/2461/9 1592/2462/9 1599/2463/9
f 1593/2464/21 1578/2465/21 1580/2466/21 1595/2467/21
f 1588/2468/3 1591/2459/3 1576/2458/3 1571/2469/3
f 1581/2470/19 1598/2471/19 1600/2472/19 1583/2473/19
f 1569/2474/25 1586/2475/25 1588/2468/25 1571/2469/25
f 1581/2476/2 1582/2477/2 1573/2478/2 1574/2479/2
f 1580/2466/10 1583/2473/10 1600/2472/10 1595/2467/10
f 1585/2480/6 1594/2481/6 1596/2482/6 1587/2483/6
f 1596/2482/1 1599/2463/1 1592/2462/1 1587/2483/1
f 1572/2484/5 1575/2485/5 1584/2486/5 1579/2487/5
f 1573/2488/8 1582/2489/8 1584/2486/8 1575/2485/8
f 1577/2490/7 1570/2491/7 1572/2484/7 1579/2487/7
f 1580/2466/95 1578/2465/95 1577/2490/95 1579/2487/95
f 1569/2474/96 1571/2469/96 1572/2484/96 1570/2491/96
f 1576/2458/97 1574/2457/97 1573/2488/97 1575/2485/97
f 1581/2470/98 1583/2473/98 1584/2486/98 1582/2489/98
f 1596/2482/99 1594/2481/99 1593/2464/99 1595/2467/99
f 1597/2460/100 1599/2463/100 1600/2472/100 1598/2471/100
f 1588/2492/101 1586/2493/101 1585/2480/101 1587/2483/101
f 1589/2494/102 1591/2495/102 1592/2462/102 1590/2461/102
f 1571/2469/24 1576/2458/24 1575/2485/24 1572/2484/24
f 1583/2473/22 1580/2466/22 1579/2487/22 1584/2486/22
f 1587/2483/26 1592/2462/26 1591/2495/26 1588/2492/26
f 1599/2463/23 1596/2482/23 1595/2467/23 1600/2472/23
f 1593/2496/4 1594/2497/4 1585/2498/4 1586/2499/4
f 1577/2500/4 1578/2501/4 1569/2502/4 1570/2503/4
f 1578/2501/4 1593/2496/4 1586/2499/4 1569/2502/4
f 1597/2504/2 1598/2505/2 1589/2506/2 1590/2507/2
f 1598/2505/2 1581/2476/2 1574/2479/2 1589/2506/2
f 1610/2508/10 1611/2509/10 1604/2510/10 1601/2511/10
f 1614/2512/2 1615/2513/2 1612/2514/2 1609/2515/2
f 1607/2516/1 1608/2517/1 1603/2518/1 1604/2519/1
f 1602/2520/4 1603/2521/4 1608/2522/4 1605/2523/4
f 1606/2524/3 1607/2525/3 1616/2526/3 1613/2527/3
f 1601/2511/21 1604/2510/21 1603/2521/21 1602/2520/21
f 1607/2525/25 1606/2524/25 1605/2528/25 1608/2529/25
f 1615/2513/20 1614/2512/20 1613/2527/20 1616/2526/20
f 1611/2509/19 1610/2508/19 1609/2515/19 1612/2514/19
f 1613/2530/5 1614/2531/5 1609/2532/5 1610/2533/5
f 1605/2534/5 1606/2535/5 1601/2536/5 1602/2537/5
f 1606/2535/5 1613/2530/5 1610/2533/5 1601/2536/5
f 1615/2538/1 1616/2539/1 1611/2540/1 1612/2541/1
f 1616/2539/1 1607/2516/1 1604/2519/1 1611/2540/1
f 1637/2542/8 1622/2543/8 1624/2544/8 1639/2545/8
f 1645/2546/20 1638/2547/20 1640/2548/20 1647/2549/20
f 1641/2550/6 1626/2551/6 1628/2552/6 1643/2553/6
f 1636/2554/5 1639/2545/5 1624/2544/5 1619/2555/5
f 1629/2556/9 1646/2557/9 1648/2558/9 1631/2559/9
f 1617/2560/7 1634/2561/7 1636/2554/7 1619/2555/7
f 1629/2562/2 1630/2563/2 1621/2564/2 1622/2565/2
f 1628/2552/1 1631/2559/1 1648/2558/1 1643/2553/1
f 1633/2566/25 1642/2567/25 1644/2568/25 1635/2569/25
f 1644/2568/3 1647/2549/3 1640/2548/3 1635/2569/3
f 1620/2570/10 1623/2571/10 1632/2572/10 1627/2573/10
f 1621/2574/19 1630/2575/19 1632/2572/19 1623/2571/19
f 1625/2576/21 1618/2577/21 1620/2570/21 1627/2573/21
f 1628/2552/99 1626/2551/99 1625/2576/99 1627/2573/99
f 1617/2560/95 1619/2555/95 1620/2570/95 1618/2577/95
f 1624/2544/103 1622/2543/103 1621/2574/103 1623/2571/103
f 1629/2556/100 1631/2559/100 1632/2572/100 1630/2575/100
f 1644/2568/101 1642/2567/101 1641/2550/101 1643/2553/101
f 1645/2546/104 1647/2549/104 1648/2558/104 1646/2557/104
f 1636/2578/96 1634/2579/96 1633/2566/96 1635/2569/96
f 1637/2580/105 1639/2581/105 1640/2548/105 1638/2547/105
f 1619/2555/22 1624/2544/22 1623/2571/22 1620/2570/22
f 1631/2559/23 1628/2552/23 1627/2573/23 1632/2572/23
f 1635/2569/24 1640/2548/24 1639/2581/24 1636/2578/24
f 1647/2549/26 1644/2568/26 1643/2553/26 1648/2558/26
f 1641/2582/4 1642/2583/4 1633/2584/4 1634/2585/4
f 1625/2586/4 1626/2587/4 1617/2588/4 1618/2589/4
f 1626/2587/4 1641/2582/4 1634/2585/4 1617/2588/4
f 1645/2590/2 1646/2591/2 1637/2592/2 1638/2593/2
f 1646/2591/2 1629/2562/2 1622/2565/2 1637/2592/2
f 1669/2594/19 1654/2595/19 1656/2596/19 1671/2597/19
f 1677/2598/8 1670/2599/8 1672/2600/8 1679/2601/8
f 1673/2602/25 1658/2603/25 1660/2604/25 1675/2605/25
f 1668/2606/10 1671/2597/10 1656/2596/10 1651/2607/10
f 1661/2608/20 1678/2609/20 1680/2610/20 1663/2611/20
f 1649/2612/21 1666/2613/21 1668/2606/21 1651/2607/21
f 1661/2614/2 1662/2615/2 1653/2616/2 1654/2617/2
f 1660/2604/3 1663/2611/3 1680/2610/3 1675/2605/3
f 1665/2618/7 1674/2619/7 1676/2620/7 1667/2621/7
f 1676/2620/5 1679/2601/5 1672/2600/5 1667/2621/5
f 1652/2622/1 1655/2623/1 1664/2624/1 1659/2625/1
f 1653/2626/9 1662/2627/9 1664/2624/9 1655/2623/9
f 1657/2628/6 1650/2629/6 1652/2622/6 1659/2625/6
f 1660/2604/101 1658/2603/101 1657/2628/101 1659/2625/101
f 1649/2612/99 1651/2607/99 1652/2622/99 1650/2629/99
f 1656/2596/100 1654/2595/100 1653/2626/100 1655/2623/100
f 1661/2608/104 1663/2611/104 1664/2624/104 1662/2627/104
f 1676/2620/96 1674/2619/96 1673/2602/96 1675/2605/96
f 1677/2598/105 1679/2601/105 1680/2610/105 1678/2609/105
f 1668/2630/95 1666/2631/95 1665/2618/95 1667/2621/95
f 1669/2632/103 1671/2633/103 1672/2600/103 1670/2599/103
f 1651/2607/23 1656/2596/23 1655/2623/23 1652/2622/23
f 1663/2611/26 1660/2604/26 1659/2625/26 1664/2624/26
f 1667/2621/22 1672/2600/22 1671/2633/22 1668/2630/22
f 1679/2601/24 1676/2620/24 1675/2605/24 1680/2610/24
f 1673/2634/4 1674/2635/4 1665/2636/4 1666/2637/4
f 1657/2638/4 1658/2639/4 1649/2640/4 1650/2641/4
f 1658/2639/4 1673/2634/4 1666/2637/4 1649/2640/4
f 1677/2642/2 1678/2643/2 1669/2644/2 1670/2645/2
f 1678/2643/2 1661/2614/2 1654/2617/2 1669/2644/2
f 1701/2646/9 1686/2647/9 1688/2648/9 1703/2649/9
f 1709/2650/19 1702/2651/19 1704/2652/19 1711/2653/19
f 1705/2654/7 1690/2655/7 1692/2656/7 1707/2657/7
f 1700/2658/1 1703/2649/1 1688/2648/1 1683/2659/1
f 1693/2660/8 1710/2661/8 1712/2662/8 1695/2663/8
f 1681/2664/6 1698/2665/6 1700/2658/6 1683/2659/6
f 1693/2666/2 1694/2667/2 1685/2668/2 1686/2669/2
f 1692/2656/5 1695/2663/5 1712/2662/5 1707/2657/5
f 1697/2670/21 1706/2671/21 1708/2672/21 1699/2673/21
f 1708/2672/10 1711/2653/10 1704/2652/10 1699/2673/10
f 1684/2674/3 1687/2675/3 1696/2676/3 1691/2677/3
f 1685/2678/20 1694/2679/20 1696/2676/20 1687/2675/20
f 1689/2680/25 1682/2681/25 1684/2674/25 1691/2677/25
f 1692/2656/96 1690/2655/96 1689/2680/96 1691/2677/96
f 1681/2664/101 1683/2659/101 1684/2674/101 1682/2681/101
f 1688/2648/102 1686/2647/102 1685/2678/102 1687/2675/102
f 1693/2660/97 1695/2663/97 1696/2676/97 1694/2679/97
f 1708/2672/95 1706/2671/95 1705/2654/95 1707/2657/95
f 1709/2650/98 1711/2653/98 1712/2662/98 1710/2661/98
f 1700/2682/99 1698/2683/99 1697/2670/99 1699/2673/99
f 1701/2684/100 1703/2685/100 1704/2652/100 1702/2651/100
f 1683/2659/26 1688/2648/26 1687/2675/26 1684/2674/26
f 1695/2663/24 1692/2656/24 1691/2677/24 1696/2676/24
f 1699/2673/23 1704/2652/23 1703/2685/23 1700/2682/23
f 1711/2653/22 1708/2672/22 1707/2657/22 1712/2662/22
f 1705/2686/4 1706/2687/4 1697/2688/4 1698/2689/4
f 1689/2690/4 1690/2691/4 1681/2692/4 1682/2693/4
f 1690/2691/4 1705/2686/4 1698/2689/4 1681/2692/4
f 1709/2694/2 1710/2695/2 1701/2696/2 1702/2697/2
f 1710/2695/2 1693/2666/2 1686/2669/2 1701/2696/2
f 1722/2698/5 1723/2699/5 1716/2700/5 1713/2701/5
f 1726/2702/2 1727/2703/2 1724/2704/2 1721/2705/2
f 1719/2706/10 1720/2707/10 1715/2708/10 1716/2709/10
f 1714/2710/4 1715/2711/4 1720/2712/4 1717/2713/4
f 1718/2714/1 1719/2715/1 1728/2716/1 1725/2717/1
f 1713/2701/7 1716/2700/7 1715/2711/7 1714/2710/7
f 1719/2715/6 1718/2714/6 1717/2718/6 1720/2719/6
f 1727/2703/9 1726/2702/9 1725/2717/9 1728/2716/9
f 1723/2699/8 1722/2698/8 1721/2705/8 1724/2704/8
f 1725/2720/3 1726/2721/3 1721/2722/3 1722/2723/3
f 1717/2724/3 1718/2725/3 1713/2726/3 1714/2727/3
f 1718/2725/3 1725/2720/3 1722/2723/3 1713/2726/3
f 1727/2728/10 1728/2729/10 1723/2730/10 1724/2731/10
f 1728/2729/10 1719/2706/10 1716/2709/10 1723/2730/10
f 1738/2732/5 1739/2733/5 1732/2734/5 1729/2735/5
f 1742/2736/2 1743/2737/2 1740/2738/2 1737/2739/2
f 1735/2740/10 1736/2741/10 1731/2742/10 1732/2743/10
f 1730/2744/4 1731/2745/4 1736/2746/4 1733/2747/4
f 1734/2748/1 1735/2749/1 1744/2750/1 1741/2751/1
f 1729/2735/7 1732/2734/7 1731/2745/7 1730/2744/7
f 1735/2749/6 1734/2748/6 1733/2752/6 1736/2753/6
f 1743/2737/9 1742/2736/9 1741/2751/9 1744/2750/9
f 1739/2733/8 1738/2732/8 1737/2739/8 1740/2738/8
f 1741/2754/3 1742/2755/3 1737/2756/3 1738/2757/3
f 1733/2758/3 1734/2759/3 1729/2760/3 1730/2761/3
f 1734/2759/3 1741/2754/3 1738/2757/3 1729/2760/3
f 1743/2762/10 1744/2763/10 1739/2764/10 1740/2765/10
f 1744/2763/10 1735/2740/10 1732/2743/10 1739/2764/10
f 1754/2766/3 1755/2767/3 1748/2768/3 1745/2769/3
f 1758/2770/2 1759/2771/2 1756/2772/2 1753/2773/2
f 1751/2774/5 1752/2775/5 1747/2776/5 1748/2777/5
f 1746/2778/4 1747/2779/4 1752/2780/4 1749/2781/4
f 1750/2782/10 1751/2783/10 1760/2784/10 1757/2785/10
f 1745/2769/25 1748/2768/25 1747/2779/25 1746/2778/25
f 1751/2783/21 1750/2782/21 1749/2786/21 1752/2787/21
f 1759/2771/19 1758/2770/19 1757/2785/19 1760/2784/19
f 1755/2767/20 1754/2766/20 1753/2773/20 1756/2772/20
f 1757/2788/1 1758/2789/1 1753/2790/1 1754/2791/1
f 1749/2792/1 1750/2793/1 1745/2794/1 1746/2795/1
f 1750/2793/1 1757/2788/1 1754/2791/1 1745/2794/1
f 1759/2796/5 1760/2797/5 1755/2798/5 1756/2799/5
f 1760/2797/5 1751/2774/5 1748/2777/5 1755/2798/5
f 1770/2800/3 1771/2801/3 1764/2802/3 1761/2803/3
f 1774/2804/2 1775/2805/2 1772/2806/2 1769/2807/2
f 1767/2808/5 1768/2809/5 1763/2810/5 1764/2811/5
f 1762/2812/4 1763/2813/4 1768/2814/4 1765/2815/4
f 1766/2816/10 1767/2817/10 1776/2818/10 1773/2819/10
f 1761/2803/25 1764/2802/25 1763/2813/25 1762/2812/25
f 1767/2817/21 1766/2816/21 1765/2820/21 1768/2821/21
f 1775/2805/19 1774/2804/19 1773/2819/19 1776/2818/19
f 1771/2801/20 1770/2800/20 1769/2807/20 1772/2806/20
f 1773/2822/1 1774/2823/1 1769/2824/1 1770/2825/1
f 1765/2826/1 1766/2827/1 1761/2828/1 1762/2829/1
f 1766/2827/1 1773/2822/1 1770/2825/1 1761/2828/1
f 1775/2830/5 1776/2831/5 1771/2832/5 1772/2833/5
f 1776/2831/5 1767/2808/5 1764/2811/5 1771/2832/5
f 1786/2834/1 1787/2835/1 1780/2836/1 1777/2837/1
f 1790/2838/2 1791/2839/2 1788/2840/2 1785/2841/2
f 1783/2842/3 1784/2843/3 1779/2844/3 1780/2845/3
f 1778/2846/4 1779/2847/4 1784/2848/4 1781/2849/4
f 1782/2850/5 1783/2851/5 1792/2852/5 1789/2853/5
f 1777/2837/6 1780/2836/6 1779/2847/6 1778/2846/6
f 1783/2851/7 1782/2850/7 1781/2854/7 1784/2855/7
f 1791/2839/8 1790/2838/8 1789/2853/8 1792/2852/8
f 1787/2835/9 1786/2834/9 1785/2841/9 1788/2840/9
f 1789/2856/10 1790/2857/10 1785/2858/10 1786/2859/10
f 1781/2860/10 1782/2861/10 1777/2862/10 1778/2863/10
f 1782/2861/10 1789/2856/10 1786/2859/10 1777/2862/10
f 1791/2864/3 1792/2865/3 1787/2866/3 1788/2867/3
f 1792/2865/3 1783/2842/3 1780/2845/3 1787/2866/3
f 1829/2868/5 1427/2237/5 1444/2236/5 1833/2869/5
f 1425/2229/5 1828/2228/5 1834/2241/5 1448/2230/5
f 1824/2870/27 1428/2192/27 1427/2237/27 1829/2868/27
f 1804/2871/1 1838/2214/1 1456/2213/1 1437/2872/1
f 1818/2873/25 1432/2874/25 1442/2875/25 1794/2876/25
f 1808/2877/19 1438/2878/19 1428/2879/19 1824/2880/19
f 1848/2194/5 1833/2869/5 1444/2236/5 1433/2195/5
f 1839/2225/1 1449/2224/1 1452/2217/1 1843/2220/1
f 1440/2211/32 1793/2881/32 1799/2193/32 1439/2196/32
f 1429/2223/28 1803/2226/28 1809/2186/28 1430/2185/28
f 1804/2871/28 1437/2872/28 1438/2878/28 1808/2877/28
f 1814/2219/31 1431/2218/31 1432/2874/31 1818/2873/31
f 1889/2882/10 1459/2299/10 1476/2298/10 1893/2883/10
f 1457/2291/10 1888/2290/10 1894/2303/10 1480/2292/10
f 1884/2884/14 1460/2255/14 1459/2299/14 1889/2882/14
f 1864/2885/3 1898/2276/3 1488/2275/3 1469/2886/3
f 1878/2887/7 1464/2888/7 1474/2889/7 1854/2890/7
f 1868/2891/9 1470/2892/9 1460/2893/9 1884/2894/9
f 1908/2257/10 1893/2883/10 1476/2298/10 1465/2258/10
f 1899/2287/3 1481/2286/3 1484/2279/3 1903/2282/3
f 1472/2273/18 1853/2895/18 1859/2256/18 1471/2259/18
f 1461/2285/13 1863/2288/13 1869/2249/13 1462/2248/13
f 1864/2885/13 1469/2886/13 1470/2892/13 1868/2891/13
f 1874/2281/17 1463/2280/17 1464/2888/17 1878/2887/17
f 1949/2896/2 1491/2358/2 1508/2357/2 1953/2897/2
f 1489/2350/2 1948/2349/2 1954/2362/2 1512/2351/2
f 1944/2898/54 1492/2317/54 1491/2358/54 1949/2896/54
f 1924/2899/4 1958/2335/4 1520/2334/4 1501/2900/4
f 1938/2901/23 1496/2902/23 1506/2903/23 1914/2904/23
f 1928/2905/24 1502/2906/24 1492/2907/24 1944/2908/24
f 1968/2319/2 1953/2897/2 1508/2357/2 1497/2320/2
f 1959/2346/4 1513/2345/4 1516/2338/4 1963/2341/4
f 1504/2332/50 1913/2909/50 1919/2318/50 1503/2321/50
f 1493/2344/53 1923/2347/53 1929/2311/53 1494/2310/53
f 1924/2899/53 1501/2900/53 1502/2906/53 1928/2905/53
f 1934/2340/49 1495/2339/49 1496/2902/49 1938/2901/49
f 2009/2910/1 467/767/1 484/766/1 2013/2911/1
f 465/759/1 2008/758/1 2014/771/1 488/760/1
f 2004/2912/30 468/722/30 467/767/30 2009/2910/30
f 1984/2913/5 2018/744/5 496/743/5 477/2914/5
f 1998/2915/21 472/2916/21 482/2917/21 1974/2918/21
f 1988/2919/20 478/2920/20 468/2921/20 2004/2922/20
f 2028/724/1 2013/2911/1 484/766/1 473/725/1
f 2019/755/5 489/754/5 492/747/5 2023/750/5
f 480/741/34 1973/2923/34 1979/723/34 479/726/34
f 469/753/29 1983/756/29 1989/716/29 470/715/29
f 1984/2913/29 477/2914/29 478/2920/29 1988/2919/29
f 1994/749/33 471/748/33 472/2916/33 1998/2915/33
f 2069/2924/4 1523/2417/4 1540/2416/4 2073/2925/4
f 1521/2409/4 2068/2408/4 2074/2421/4 1544/2410/4
f 2064/2926/52 1524/2376/52 1523/2417/52 2069/2924/52
f 2044/2927/2 2078/2394/2 1552/2393/2 1533/2928/2
f 2058/2929/26 1528/2930/26 1538/2931/26 2034/2932/26
f 2048/2933/22 1534/2934/22 1524/2935/22 2064/2936/22
f 2088/2378/4 2073/2925/4 1540/2416/4 1529/2379/4
f 2079/2405/2 1545/2404/2 1548/2397/2 2083/2400/2
f 1536/2391/35 2033/2937/35 2039/2377/35 1535/2380/35
f 1525/2403/51 2043/2406/51 2049/2370/51 1526/2369/51
f 2044/2927/51 1533/2928/51 1534/2934/51 2048/2933/51
f 2054/2399/48 1527/2398/48 1528/2930/48 2058/2929/48
f 2129/2938/3 1395/2172/3 1412/2171/3 2133/2939/3
f 1393/2164/3 2128/2163/3 2134/2176/3 1416/2165/3
f 2124/2940/11 1396/2131/11 1395/2172/11 2129/2938/11
f 2104/2941/10 2138/2149/10 1424/2148/10 1405/2942/10
f 2118/2943/6 1400/2944/6 1410/2945/6 2094/2946/6
f 2108/2947/8 1406/2948/8 1396/2949/8 2124/2950/8
f 2148/2133/3 2133/2939/3 1412/2171/3 1401/2134/3
f 2139/2160/10 1417/2159/10 1420/2152/10 2143/2155/10
f 1408/2146/16 2093/2951/16 2099/2132/16 1407/2135/16
f 1397/2158/12 2103/2161/12 2109/2125/12 1398/2124/12
f 2104/2941/12 1405/2942/12 1406/2948/12 2108/2947/12
f 2114/2154/15 1399/2153/15 1400/2944/15 2118/2943/15
f 1829/2868/5 1833/2869/5 1835/2952/5 1832/2953/5
f 1832/2953/5 1835/2952/5 1836/2954/5 1831/2955/5
f 1831/2955/5 1836/2954/5 1837/2956/5 1830/2957/5
f 1830/2957/5 1837/2956/5 1834/2241/5 1828/2228/5
f 1824/2870/27 1829/2868/27 1832/2953/27 1827/2958/27
f 1827/2958/27 1832/2953/27 1831/2955/27 1826/2959/27
f 1826/2959/27 1831/2955/27 1830/2957/27 1825/2960/27
f 1825/2960/27 1830/2957/27 1828/2228/27 1823/2227/27
f 1814/2219/31 1818/2873/31 1820/2961/31 1817/2962/31
f 1817/2962/31 1820/2961/31 1821/2963/31 1816/2964/31
f 1816/2964/31 1821/2963/31 1822/2965/31 1815/2966/31
f 1815/2966/31 1822/2965/31 1819/2179/31 1813/2178/31
f 1804/2871/28 1808/2877/28 1810/2967/28 1807/2968/28
f 1807/2968/28 1810/2967/28 1811/2969/28 1806/2970/28
f 1806/2970/28 1811/2969/28 1812/2971/28 1805/2972/28
f 1805/2972/28 1812/2971/28 1809/2186/28 1803/2226/28
f 1794/2973/32 1798/2184/32 1800/2974/32 1797/2975/32
f 1797/2975/32 1800/2974/32 1801/2976/32 1796/2977/32
f 1796/2977/32 1801/2976/32 1802/2978/32 1795/2979/32
f 1795/2979/32 1802/2978/32 1799/2193/32 1793/2881/32
f 1808/2877/19 1824/2880/19 1827/2980/19 1810/2967/19
f 1810/2967/19 1827/2980/19 1826/2981/19 1811/2969/19
f 1811/2969/19 1826/2981/19 1825/2982/19 1812/2971/19
f 1812/2971/19 1825/2982/19 1823/2187/19 1809/2186/19
f 1833/2869/5 1848/2194/5 1850/2983/5 1835/2952/5
f 1835/2952/5 1850/2983/5 1851/2984/5 1836/2954/5
f 1836/2954/5 1851/2984/5 1852/2985/5 1837/2956/5
f 1837/2956/5 1852/2985/5 1849/2183/5 1834/2241/5
f 1839/2225/1 1843/2220/1 1845/2986/1 1842/2987/1
f 1842/2987/1 1845/2986/1 1846/2988/1 1841/2989/1
f 1841/2989/1 1846/2988/1 1847/2990/1 1840/2991/1
f 1840/2991/1 1847/2990/1 1844/2215/1 1838/2214/1
f 1818/2873/25 1794/2876/25 1797/2992/25 1820/2961/25
f 1820/2961/25 1797/2992/25 1796/2993/25 1821/2963/25
f 1821/2963/25 1796/2993/25 1795/2994/25 1822/2965/25
f 1822/2965/25 1795/2994/25 1793/2221/25 1819/2179/25
f 1838/2214/1 1804/2871/1 1807/2968/1 1840/2991/1
f 1840/2991/1 1807/2968/1 1806/2970/1 1841/2989/1
f 1841/2989/1 1806/2970/1 1805/2972/1 1842/2987/1
f 1842/2987/1 1805/2972/1 1803/2226/1 1839/2225/1
f 1848/2194/5 1799/2193/5 1802/2978/5 1850/2983/5
f 1850/2983/5 1802/2978/5 1801/2976/5 1851/2984/5
f 1851/2984/5 1801/2976/5 1800/2974/5 1852/2985/5
f 1852/2985/5 1800/2974/5 1798/2184/5 1849/2183/5
f 1813/2178/1 1844/2215/1 1847/2990/1 1815/2966/1
f 1815/2966/1 1847/2990/1 1846/2988/1 1816/2964/1
f 1816/2964/1 1846/2988/1 1845/2986/1 1817/2962/1
f 1817/2962/1 1845/2986/1 1843/2220/1 1814/2219/1
f 1889/2882/10 1893/2883/10 1895/2995/10 1892/2996/10
f 1892/2996/10 1895/2995/10 1896/2997/10 1891/2998/10
f 1891/2998/10 1896/2997/10 1897/2999/10 1890/3000/10
f 1890/3000/10 1897/2999/10 1894/2303/10 1888/2290/10
f 1884/2884/14 1889/2882/14 1892/2996/14 1887/3001/14
f 1887/3001/14 1892/2996/14 1891/2998/14 1886/3002/14
f 1886/3002/14 1891/2998/14 1890/3000/14 1885/3003/14
f 1885/3003/14 1890/3000/14 1888/2290/14 1883/2289/14
f 1874/2281/17 1878/2887/17 1880/3004/17 1877/3005/17
f 1877/3005/17 1880/3004/17 1881/3006/17 1876/3007/17
f 1876/3007/17 1881/3006/17 1882/3008/17 1875/3009/17
f 1875/3009/17 1882/3008/17 1879/2244/17 1873/2243/17
f 1864/2885/13 1868/2891/13 1870/3010/13 1867/3011/13
f 1867/3011/13 1870/3010/13 1871/3012/13 1866/3013/13
f 1866/3013/13 1871/3012/13 1872/3014/13 1865/3015/13
f 1865/3015/13 1872/3014/13 1869/2249/13 1863/2288/13
f 1854/2205/18 1858/2208/18 1860/3016/18 1857/3017/18
f 1857/3017/18 1860/3016/18 1861/3018/18 1856/3019/18
f 1856/3019/18 1861/3018/18 1862/3020/18 1855/3021/18
f 1855/3021/18 1862/3020/18 1859/2256/18 1853/2895/18
f 1868/2891/9 1884/2894/9 1887/3022/9 1870/3010/9
f 1870/3010/9 1887/3022/9 1886/3023/9 1871/3012/9
f 1871/3012/9 1886/3023/9 1885/3024/9 1872/3014/9
f 1872/3014/9 1885/3024/9 1883/2250/9 1869/2249/9
f 1893/2883/10 1908/2257/10 1910/3025/10 1895/2995/10
f 1895/2995/10 1910/3025/10 1911/3026/10 1896/2997/10
f 1896/2997/10 1911/3026/10 1912/3027/10 1897/2999/10
f 1897/2999/10 1912/3027/10 1909/2247/10 1894/2303/10
f 1899/2287/3 1903/2282/3 1905/3028/3 1902/3029/3
f 1902/3029/3 1905/3028/3 1906/3030/3 1901/3031/3
f 1901/3031/3 1906/3030/3 1907/3032/3 1900/3033/3
f 1900/3033/3 1907/3032/3 1904/2277/3 1898/2276/3
f 1878/2887/7 1854/2890/7 1857/3034/7 1880/3004/7
f 1880/3004/7 1857/3034/7 1856/3035/7 1881/3006/7
f 1881/3006/7 1856/3035/7 1855/3036/7 1882/3008/7
f 1882/3008/7 1855/3036/7 1853/2283/7 1879/2244/7
f 1898/2276/3 1864/2885/3 1867/3011/3 1900/3033/3
f 1900/3033/3 1867/3011/3 1866/3013/3 1901/3031/3
f 1901/3031/3 1866/3013/3 1865/3015/3 1902/3029/3
f 1902/3029/3 1865/3015/3 1863/2288/3 1899/2287/3
f 1908/2257/10 1859/2256/10 1862/3020/10 1910/3025/10
f 1910/3025/10 1862/3020/10 1861/3018/10 1911/3026/10
f 1911/3026/10 1861/3018/10 1860/3016/10 1912/3027/10
f 1912/3027/10 1860/3016/10 1858/2208/10 1909/2247/10
f 1873/2243/3 1904/2277/3 1907/3032/3 1875/3009/3
f 1875/3009/3 1907/3032/3 1906/3030/3 1876/3007/3
f 1876/3007/3 1906/3030/3 1905/3028/3 1877/3005/3
f 1877/3005/3 1905/3028/3 1903/2282/3 1874/2281/3
f 1949/2896/2 1953/2897/2 1955/3037/2 1952/3038/2
f 1952/3038/2 1955/3037/2 1956/3039/2 1951/3040/2
f 1951/3040/2 1956/3039/2 1957/3041/2 1950/3042/2
f 1950/3042/2 1957/3041/2 1954/2362/2 1948/2349/2
f 1944/2898/54 1949/2896/54 1952/3038/54 1947/3043/54
f 1947/3043/54 1952/3038/54 1951/3040/54 1946/3044/54
f 1946/3044/54 1951/3040/54 1950/3042/54 1945/3045/54
f 1945/3045/54 1950/3042/54 1948/2349/54 1943/2348/54
f 1934/2340/49 1938/2901/49 1940/3046/49 1937/3047/49
f 1937/3047/49 1940/3046/49 1941/3048/49 1936/3049/49
f 1936/3049/49 1941/3048/49 1942/3050/49 1935/3051/49
f 1935/3051/49 1942/3050/49 1939/2306/49 1933/2305/49
f 1924/2899/53 1928/2905/53 1930/3052/53 1927/3053/53
f 1927/3053/53 1930/3052/53 1931/3054/53 1926/3055/53
f 1926/3055/53 1931/3054/53 1932/3056/53 1925/3057/53
f 1925/3057/53 1932/3056/53 1929/2311/53 1923/2347/53
f 1914/2267/50 1918/2270/50 1920/3058/50 1917/3059/50
f 1917/3059/50 1920/3058/50 1921/3060/50 1916/3061/50
f 1916/3061/50 1921/3060/50 1922/3062/50 1915/3063/50
f 1915/3063/50 1922/3062/50 1919/2318/50 1913/2909/50
f 1928/2905/24 1944/2908/24 1947/3064/24 1930/3052/24
f 1930/3052/24 1947/3064/24 1946/3065/24 1931/3054/24
f 1931/3054/24 1946/3065/24 1945/3066/24 1932/3056/24
f 1932/3056/24 1945/3066/24 1943/2312/24 1929/2311/24
f 1953/2897/2 1968/2319/2 1970/3067/2 1955/3037/2
f 1955/3037/2 1970/3067/2 1971/3068/2 1956/3039/2
f 1956/3039/2 1971/3068/2 1972/3069/2 1957/3041/2
f 1957/3041/2 1972/3069/2 1969/2309/2 1954/2362/2
f 1959/2346/4 1963/2341/4 1965/3070/4 1962/3071/4
f 1962/3071/4 1965/3070/4 1966/3072/4 1961/3073/4
f 1961/3073/4 1966/3072/4 1967/3074/4 1960/3075/4
f 1960/3075/4 1967/3074/4 1964/2336/4 1958/2335/4
f 1938/2901/23 1914/2904/23 1917/3076/23 1940/3046/23
f 1940/3046/23 1917/3076/23 1916/3077/23 1941/3048/23
f 1941/3048/23 1916/3077/23 1915/3078/23 1942/3050/23
f 1942/3050/23 1915/3078/23 1913/2342/23 1939/2306/23
f 1958/2335/4 1924/2899/4 1927/3053/4 1960/3075/4
f 1960/3075/4 1927/3053/4 1926/3055/4 1961/3073/4
f 1961/3073/4 1926/3055/4 1925/3057/4 1962/3071/4
f 1962/3071/4 1925/3057/4 1923/2347/4 1959/2346/4
f 1968/2319/2 1919/2318/2 1922/3062/2 1970/3067/2
f 1970/3067/2 1922/3062/2 1921/3060/2 1971/3068/2
f 1971/3068/2 1921/3060/2 1920/3058/2 1972/3069/2
f 1972/3069/2 1920/3058/2 1918/2270/2 1969/2309/2
f 1933/2305/4 1964/2336/4 1967/3074/4 1935/3051/4
f 1935/3051/4 1967/3074/4 1966/3072/4 1936/3049/4
f 1936/3049/4 1966/3072/4 1965/3070/4 1937/3047/4
f 1937/3047/4 1965/3070/4 1963/2341/4 1934/2340/4
f 2009/2910/1 2013/2911/1 2015/3079/1 2012/3080/1
f 2012/3080/1 2015/3079/1 2016/3081/1 2011/3082/1
f 2011/3082/1 2016/3081/1 2017/3083/1 2010/3084/1
f 2010/3084/1 2017/3083/1 2014/771/1 2008/758/1
f 2004/2912/30 2009/2910/30 2012/3080/30 2007/3085/30
f 2007/3085/30 2012/3080/30 2011/3082/30 2006/3086/30
f 2006/3086/30 2011/3082/30 2010/3084/30 2005/3087/30
f 2005/3087/30 2010/3084/30 2008/758/30 2003/757/30
f 1994/749/33 1998/2915/33 2000/3088/33 1997/3089/33
f 1997/3089/33 2000/3088/33 2001/3090/33 1996/3091/33
f 1996/3091/33 2001/3090/33 2002/3092/33 1995/3093/33
f 1995/3093/33 2002/3092/33 1999/709/33 1993/708/33
f 1984/2913/29 1988/2919/29 1990/3094/29 1987/3095/29
f 1987/3095/29 1990/3094/29 1991/3096/29 1986/3097/29
f 1986/3097/29 1991/3096/29 1992/3098/29 1985/3099/29
f 1985/3099/29 1992/3098/29 1989/716/29 1983/756/29
f 1974/2329/34 1978/714/34 1980/3100/34 1977/3101/34
f 1977/3101/34 1980/3100/34 1981/3102/34 1976/3103/34
f 1976/3103/34 1981/3102/34 1982/3104/34 1975/3105/34
f 1975/3105/34 1982/3104/34 1979/723/34 1973/2923/34
f 1988/2919/20 2004/2922/20 2007/3106/20 1990/3094/20
f 1990/3094/20 2007/3106/20 2006/3107/20 1991/3096/20
f 1991/3096/20 2006/3107/20 2005/3108/20 1992/3098/20
f 1992/3098/20 2005/3108/20 2003/717/20 1989/716/20
f 2013/2911/1 2028/724/1 2030/3109/1 2015/3079/1
f 2015/3079/1 2030/3109/1 2031/3110/1 2016/3081/1
f 2016/3081/1 2031/3110/1 2032/3111/1 2017/3083/1
f 2017/3083/1 2032/3111/1 2029/713/1 2014/771/1
f 2019/755/5 2023/750/5 2025/3112/5 2022/3113/5
f 2022/3113/5 2025/3112/5 2026/3114/5 2021/3115/5
f 2021/3115/5 2026/3114/5 2027/3116/5 2020/3117/5
f 2020/3117/5 2027/3116/5 2024/745/5 2018/744/5
f 1998/2915/21 1974/2918/21 1977/3118/21 2000/3088/21
f 2000/3088/21 1977/3118/21 1976/3119/21 2001/3090/21
f 2001/3090/21 1976/3119/21 1975/3120/21 2002/3092/21
f 2002/3092/21 1975/3120/21 1973/751/21 1999/709/21
f 2018/744/5 1984/2913/5 1987/3095/5 2020/3117/5
f 2020/3117/5 1987/3095/5 1986/3097/5 2021/3115/5
f 2021/3115/5 1986/3097/5 1985/3099/5 2022/3113/5
f 2022/3113/5 1985/3099/5 1983/756/5 2019/755/5
f 2028/724/1 1979/723/1 1982/3104/1 2030/3109/1
f 2030/3109/1 1982/3104/1 1981/3102/1 2031/3110/1
f 2031/3110/1 1981/3102/1 1980/3100/1 2032/3111/1
f 2032/3111/1 1980/3100/1 1978/714/1 2029/713/1
f 1993/708/5 2024/745/5 2027/3116/5 1995/3093/5
f 1995/3093/5 2027/3116/5 2026/3114/5 1996/3091/5
f 1996/3091/5 2026/3114/5 2025/3112/5 1997/3089/5
f 1997/3089/5 2025/3112/5 2023/750/5 1994/749/5
f 2069/2924/4 2073/2925/4 2075/3121/4 2072/3122/4
f 2072/3122/4 2075/3121/4 2076/3123/4 2071/3124/4
f 2071/3124/4 2076/3123/4 2077/3125/4 2070/3126/4
f 2070/3126/4 2077/3125/4 2074/2421/4 2068/2408/4
f 2064/2926/52 2069/2924/52 2072/3122/52 2067/3127/52
f 2067/3127/52 2072/3122/52 2071/3124/52 2066/3128/52
f 2066/3128/52 2071/3124/52 2070/3126/52 2065/3129/52
f 2065/3129/52 2070/3126/52 2068/2408/52 2063/2407/52
f 2054/2399/48 2058/2929/48 2060/3130/48 2057/3131/48
f 2057/3131/48 2060/3130/48 2061/3132/48 2056/3133/48
f 2056/3133/48 2061/3132/48 2062/3134/48 2055/3135/48
f 2055/3135/48 2062/3134/48 2059/2365/48 2053/2364/48
f 2044/2927/51 2048/2933/51 2050/3136/51 2047/3137/51
f 2047/3137/51 2050/3136/51 2051/3138/51 2046/3139/51
f 2046/3139/51 2051/3138/51 2052/3140/51 2045/3141/51
f 2045/3141/51 2052/3140/51 2049/2370/51 2043/2406/51
f 2034/735/35 2038/738/35 2040/3142/35 2037/3143/35
f 2037/3143/35 2040/3142/35 2041/3144/35 2036/3145/35
f 2036/3145/35 2041/3144/35 2042/3146/35 2035/3147/35
f 2035/3147/35 2042/3146/35 2039/2377/35 2033/2937/35
f 2048/2933/22 2064/2936/22 2067/3148/22 2050/3136/22
f 2050/3136/22 2067/3148/22 2066/3149/22 2051/3138/22
f 2051/3138/22 2066/3149/22 2065/3150/22 2052/3140/22
f 2052/3140/22 2065/3150/22 2063/2371/22 2049/2370/22
f 2073/2925/4 2088/2378/4 2090/3151/4 2075/3121/4
f 2075/3121/4 2090/3151/4 2091/3152/4 2076/3123/4
f 2076/3123/4 2091/3152/4 2092/3153/4 2077/3125/4
f 2077/3125/4 2092/3153/4 2089/2368/4 2074/2421/4
f 2079/2405/2 2083/2400/2 2085/3154/2 2082/3155/2
f 2082/3155/2 2085/3154/2 2086/3156/2 2081/3157/2
f 2081/3157/2 2086/3156/2 2087/3158/2 2080/3159/2
f 2080/3159/2 2087/3158/2 2084/2395/2 2078/2394/2
f 2058/2929/26 2034/2932/26 2037/3160/26 2060/3130/26
f 2060/3130/26 2037/3160/26 2036/3161/26 2061/3132/26
f 2061/3132/26 2036/3161/26 2035/3162/26 2062/3134/26
f 2062/3134/26 2035/3162/26 2033/2401/26 2059/2365/26
f 2078/2394/2 2044/2927/2 2047/3137/2 2080/3159/2
f 2080/3159/2 2047/3137/2 2046/3139/2 2081/3157/2
f 2081/3157/2 2046/3139/2 2045/3141/2 2082/3155/2
f 2082/3155/2 2045/3141/2 2043/2406/2 2079/2405/2
f 2088/2378/4 2039/2377/4 2042/3146/4 2090/3151/4
f 2090/3151/4 2042/3146/4 2041/3144/4 2091/3152/4
f 2091/3152/4 2041/3144/4 2040/3142/4 2092/3153/4
f 2092/3153/4 2040/3142/4 2038/738/4 2089/2368/4
f 2053/2364/2 2084/2395/2 2087/3158/2 2055/3135/2
f 2055/3135/2 2087/3158/2 2086/3156/2 2056/3133/2
f 2056/3133/2 2086/3156/2 2085/3154/2 2057/3131/2
f 2057/3131/2 2085/3154/2 2083/2400/2 2054/2399/2
f 2129/2938/3 2133/2939/3 2135/3163/3 2132/3164/3
f 2132/3164/3 2135/3163/3 2136/3165/3 2131/3166/3
f 2131/3166/3 2136/3165/3 2137/3167/3 2130/3168/3
f 2130/3168/3 2137/3167/3 2134/2176/3 2128/2163/3
f 2124/2940/11 2129/2938/11 2132/3164/11 2127/3169/11
f 2127/3169/11 2132/3164/11 2131/3166/11 2126/3170/11
f 2126/3170/11 2131/3166/11 2130/3168/11 2125/3171/11
f 2125/3171/11 2130/3168/11 2128/2163/11 2123/2162/11
f 2114/2154/15 2118/2943/15 2120/3172/15 2117/3173/15
f 2117/3173/15 2120/3172/15 2121/3174/15 2116/3175/15
f 2116/3175/15 2121/3174/15 2122/3176/15 2115/3177/15
f 2115/3177/15 2122/3176/15 2119/2118/15 2113/2117/15
f 2104/2941/12 2108/2947/12 2110/3178/12 2107/3179/12
f 2107/3179/12 2110/3178/12 2111/3180/12 2106/3181/12
f 2106/3181/12 2111/3180/12 2112/3182/12 2105/3183/12
f 2105/3183/12 2112/3182/12 2109/2125/12 2103/2161/12
f 2094/2388/16 2098/2123/16 2100/3184/16 2097/3185/16
f 2097/3185/16 2100/3184/16 2101/3186/16 2096/3187/16
f 2096/3187/16 2101/3186/16 2102/3188/16 2095/3189/16
f 2095/3189/16 2102/3188/16 2099/2132/16 2093/2951/16
f 2108/2947/8 2124/2950/8 2127/3190/8 2110/3178/8
f 2110/3178/8 2127/3190/8 2126/3191/8 2111/3180/8
f 2111/3180/8 2126/3191/8 2125/3192/8 2112/3182/8
f 2112/3182/8 2125/3192/8 2123/2126/8 2109/2125/8
f 2133/2939/3 2148/2133/3 2150/3193/3 2135/3163/3
f 2135/3163/3 2150/3193/3 2151/3194/3 2136/3165/3
f 2136/3165/3 2151/3194/3 2152/3195/3 2137/3167/3
f 2137/3167/3 2152/3195/3 2149/2122/3 2134/2176/3
f 2139/2160/10 2143/2155/10 2145/3196/10 2142/3197/10
f 2142/3197/10 2145/3196/10 2146/3198/10 2141/3199/10
f 2141/3199/10 2146/3198/10 2147/3200/10 2140/3201/10
f 2140/3201/10 2147/3200/10 2144/2150/10 2138/2149/10
f 2118/2943/6 2094/2946/6 2097/3202/6 2120/3172/6
f 2120/3172/6 2097/3202/6 2096/3203/6 2121/3174/6
f 2121/3174/6 2096/3203/6 2095/3204/6 2122/3176/6
f 2122/3176/6 2095/3204/6 2093/2156/6 2119/2118/6
f 2138/2149/10 2104/2941/10 2107/3179/10 2140/3201/10
f 2140/3201/10 2107/3179/10 2106/3181/10 2141/3199/10
f 2141/3199/10 2106/3181/10 2105/3183/10 2142/3197/10
f 2142/3197/10 2105/3183/10 2103/2161/10 2139/2160/10
f 2148/2133/3 2099/2132/3 2102/3188/3 2150/3193/3
f 2150/3193/3 2102/3188/3 2101/3186/3 2151/3194/3
f 2151/3194/3 2101/3186/3 2100/3184/3 2152/3195/3
f 2152/3195/3 2100/3184/3 2098/2123/3 2149/2122/3
f 2113/2117/10 2144/2150/10 2147/3200/10 2115/3177/10
f 2115/3177/10 2147/3200/10 2146/3198/10 2116/3175/10
f 2116/3175/10 2146/3198/10 2145/3196/10 2117/3173/10
f 2117/3173/10 2145/3196/10 2143/2155/10 2114/2154/10
f 1794/2973/32 1442/2204/32 1441/2181/32 1798/2184/32
